# This file uses centimeters as units for non-parametric coordinates.

mtllib Box&Bottles.mtl
g default
v 2.084903 7.703506 -2.003369
v 2.027367 7.703506 -2.116288
v 1.937752 7.703506 -2.205903
v 1.824831 7.703506 -2.263439
v 1.699657 7.703506 -2.283265
v 1.574484 7.703506 -2.263439
v 1.461562 7.703506 -2.205903
v 1.371948 7.703506 -2.116288
v 1.314412 7.703506 -2.003369
v 1.294586 7.703506 -1.878193
v 1.314412 7.703506 -1.753019
v 1.371948 7.703506 -1.640101
v 1.461562 7.703506 -1.550484
v 1.574484 7.703506 -1.492949
v 1.699657 7.703506 -1.473122
v 1.824831 7.703506 -1.492949
v 1.937752 7.703506 -1.550484
v 2.027367 7.703506 -1.640101
v 2.084903 7.703506 -1.753019
v 2.104728 7.703506 -1.878193
v 1.977518 7.937742 -1.968478
v 1.936020 7.937742 -2.049921
v 1.871385 7.937742 -2.114557
v 1.789940 7.937742 -2.156055
v 1.699657 7.937742 -2.170355
v 1.609375 7.937742 -2.156055
v 1.527930 7.937742 -2.114557
v 1.463295 7.937742 -2.049921
v 1.421796 7.937742 -1.968478
v 1.407497 7.937742 -1.878193
v 1.421796 7.937742 -1.787911
v 1.463295 7.937742 -1.706466
v 1.527930 7.937742 -1.641831
v 1.609375 7.937742 -1.600333
v 1.699657 7.937742 -1.586033
v 1.789940 7.937742 -1.600333
v 1.871385 7.937742 -1.641831
v 1.936020 7.937742 -1.706466
v 1.977518 7.937742 -1.787911
v 1.991817 7.937742 -1.878193
v 1.977518 8.059464 -1.968478
v 1.936020 8.059464 -2.049921
v 1.871385 8.059464 -2.114557
v 1.789940 8.059464 -2.156055
v 1.699657 8.059464 -2.170355
v 1.609375 8.059464 -2.156055
v 1.527930 8.059464 -2.114557
v 1.463295 8.059464 -2.049921
v 1.421796 8.059464 -1.968478
v 1.407497 8.059464 -1.878193
v 1.421796 8.059464 -1.787911
v 1.463295 8.059464 -1.706466
v 1.527930 8.059464 -1.641831
v 1.609375 8.059464 -1.600333
v 1.699657 8.059464 -1.586033
v 1.789940 8.059464 -1.600333
v 1.871385 8.059464 -1.641831
v 1.936020 8.059464 -1.706466
v 1.977518 8.059464 -1.787911
v 1.991817 8.059464 -1.878193
v 2.027396 7.926818 -1.984685
v 1.978449 7.926818 -2.080747
v 1.978449 8.070383 -2.080747
v 2.027396 8.070383 -1.984685
v 1.902211 7.926818 -2.156986
v 1.902211 8.070383 -2.156986
v 1.806146 7.926818 -2.205933
v 1.806146 8.070383 -2.205933
v 1.699657 7.926818 -2.222800
v 1.699657 8.070383 -2.222800
v 1.593168 7.926818 -2.205933
v 1.593168 8.070383 -2.205933
v 1.497103 7.926818 -2.156986
v 1.497103 8.070383 -2.156986
v 1.420866 7.926818 -2.080747
v 1.420866 8.070383 -2.080747
v 1.371918 7.926818 -1.984685
v 1.371918 8.070383 -1.984685
v 1.355052 7.926818 -1.878193
v 1.355052 8.070383 -1.878193
v 1.371918 7.926818 -1.771704
v 1.371918 8.070383 -1.771704
v 1.420866 7.926818 -1.675639
v 1.420866 8.070383 -1.675639
v 1.497103 7.926818 -1.599403
v 1.497103 8.070383 -1.599403
v 1.593168 7.926818 -1.550455
v 1.593168 8.070383 -1.550455
v 1.699657 7.926818 -1.533588
v 1.699657 8.070383 -1.533588
v 1.806146 7.926818 -1.550455
v 1.806146 8.070383 -1.550455
v 1.902211 7.926818 -1.599403
v 1.902211 8.070383 -1.599403
v 1.978449 7.926818 -1.675639
v 1.978449 8.070383 -1.675639
v 2.027396 7.926818 -1.771704
v 2.027396 8.070383 -1.771704
v 2.044263 7.926818 -1.878193
v 2.044263 8.070383 -1.878193
v 1.963338 8.239419 -1.963869
v 1.923957 8.239419 -2.041158
v 2.013216 8.250343 -1.980075
v 1.966386 8.250343 -2.071983
v 1.862621 8.239419 -2.102493
v 1.893447 8.250343 -2.144922
v 1.785332 8.239419 -2.141873
v 1.801538 8.250343 -2.191751
v 1.699657 8.239419 -2.155444
v 1.699657 8.250343 -2.207888
v 1.613982 8.239419 -2.141874
v 1.597776 8.250343 -2.191752
v 1.536694 8.239419 -2.102494
v 1.505867 8.250343 -2.144923
v 1.475357 8.239419 -2.041158
v 1.432928 8.250343 -2.071983
v 1.435977 8.239419 -1.963869
v 1.386099 8.250343 -1.980075
v 1.422408 8.239419 -1.878193
v 1.369962 8.250343 -1.878193
v 1.435977 8.239419 -1.792518
v 1.386099 8.250343 -1.776312
v 1.475357 8.239419 -1.715230
v 1.432928 8.250343 -1.684404
v 1.536694 8.239419 -1.653895
v 1.505867 8.250343 -1.611465
v 1.613982 8.239419 -1.614514
v 1.597776 8.250343 -1.564637
v 1.699657 8.239419 -1.600943
v 1.699657 8.250343 -1.548498
v 1.785332 8.239419 -1.614514
v 1.801539 8.250343 -1.564637
v 1.862621 8.239419 -1.653895
v 1.893447 8.250343 -1.611464
v 1.923957 8.239419 -1.715230
v 1.966386 8.250343 -1.684403
v 1.963337 8.239419 -1.792518
v 2.013216 8.250343 -1.776312
v 1.976907 8.239419 -1.878193
v 2.029352 8.250343 -1.878193
v 2.504121 6.902666 -1.878193
v 2.288146 7.433947 -1.878193
v 2.464748 6.902667 -2.126786
v 2.259343 7.433947 -2.060048
v 2.464748 6.902667 -1.629600
v 2.259343 7.433947 -1.696340
v 2.350482 6.902667 -1.405341
v 2.175755 7.433948 -1.532291
v 2.172509 6.902667 -1.227368
v 2.045562 7.433948 -1.402096
v 1.948250 6.902667 -1.113102
v 1.881510 7.433948 -1.318508
v 1.699657 6.902667 -1.073729
v 1.699657 7.433948 -1.289705
v 1.451064 6.902667 -1.113102
v 1.517805 7.433948 -1.318508
v 1.226805 6.902667 -1.227368
v 1.353752 7.433948 -1.402096
v 1.048832 6.902667 -1.405341
v 1.223559 7.433948 -1.532291
v 0.934567 6.902667 -1.629600
v 1.139971 7.433947 -1.696340
v 0.895194 6.902666 -1.878193
v 1.111168 7.433947 -1.878193
v 0.934567 6.902667 -2.126786
v 1.139971 7.433947 -2.060049
v 1.048832 6.902666 -2.351045
v 1.223559 7.433947 -2.224098
v 1.226805 6.902667 -2.529019
v 1.353752 7.433947 -2.354291
v 1.451064 6.902667 -2.643284
v 1.517804 7.433948 -2.437880
v 1.699657 6.902667 -2.682657
v 1.699657 7.433948 -2.466682
v 1.948251 6.902667 -2.643284
v 1.881510 7.433948 -2.437880
v 2.172510 6.902667 -2.529019
v 2.045563 7.433948 -2.354291
v 2.350482 6.902667 -2.351045
v 2.175755 7.433947 -2.224098
v 2.698303 0.733053 -1.878193
v 2.649425 0.733053 -2.186791
v 2.384547 0.765238 -1.878193
v 2.351026 0.765237 -2.089836
v 2.649425 0.733053 -1.569594
v 2.351026 0.765237 -1.666550
v 2.507577 0.733053 -1.291204
v 2.253744 0.765238 -1.475627
v 2.286645 0.733053 -1.070272
v 2.102225 0.765237 -1.324105
v 2.008255 0.733053 -0.928428
v 1.911300 0.765238 -1.226825
v 1.699657 0.733053 -0.879548
v 1.699657 0.765237 -1.193303
v 1.391060 0.733053 -0.928428
v 1.488015 0.765238 -1.226825
v 1.112669 0.733053 -1.070272
v 1.297089 0.765237 -1.324105
v 0.891737 0.733053 -1.291204
v 1.145571 0.765238 -1.475627
v 0.749890 0.733053 -1.569594
v 1.048288 0.765237 -1.666550
v 0.701012 0.733053 -1.878193
v 1.014768 0.765237 -1.878193
v 0.749890 0.733053 -2.186791
v 1.048289 0.765237 -2.089835
v 0.891737 0.733053 -2.465182
v 1.145570 0.765237 -2.280761
v 1.112669 0.733053 -2.686114
v 1.297089 0.765237 -2.432281
v 1.391059 0.733053 -2.827962
v 1.488015 0.765237 -2.529563
v 1.699657 0.733053 -2.876838
v 1.699657 0.765237 -2.563083
v 2.008256 0.733053 -2.827962
v 1.911300 0.765237 -2.529563
v 2.286646 0.733053 -2.686114
v 2.102225 0.765237 -2.432281
v 2.507579 0.733053 -2.465182
v 2.253745 0.765238 -2.280761
v 2.325769 0.912080 -1.878193
v 2.295126 0.912080 -1.684714
v 2.295126 0.912080 -2.071672
v 2.206193 0.912080 -2.246213
v 2.206192 0.912080 -1.510175
v 2.067677 0.912080 -1.371657
v 1.893137 0.912080 -1.282725
v 1.699657 0.912080 -1.252080
v 1.506178 0.912080 -1.282725
v 1.331638 0.912080 -1.371657
v 1.193122 0.912080 -1.510175
v 1.104189 0.912080 -1.684714
v 1.073545 0.912080 -1.878193
v 1.104189 0.912080 -2.071672
v 1.193122 0.912080 -2.246213
v 1.331638 0.912080 -2.384729
v 1.506178 0.912079 -2.473662
v 1.699657 0.912079 -2.504306
v 1.893137 0.912079 -2.473662
v 2.067677 0.912080 -2.384730
v 2.579878 6.491471 -2.517711
v 2.734418 6.491471 -2.214407
v 2.339175 6.491471 -2.758414
v 2.035872 6.491471 -2.912955
v 1.699657 6.491472 -2.966206
v 1.363443 6.491471 -2.912955
v 1.060139 6.491472 -2.758414
v 0.819437 6.491472 -2.517710
v 0.664896 6.491472 -2.214407
v 0.611646 6.491471 -1.878193
v 0.664897 6.491471 -1.541979
v 0.819437 6.491471 -1.238676
v 1.060140 6.491471 -0.997972
v 1.363443 6.491471 -0.843431
v 1.699657 6.491471 -0.790180
v 2.035871 6.491471 -0.843431
v 2.339175 6.491471 -0.997972
v 2.579877 6.491471 -1.238676
v 2.734418 6.491472 -1.541979
v 2.787669 6.491471 -1.878193
v 3.034532 5.365305 -2.311920
v 2.999742 5.773309 -2.300616
v 2.835169 5.365305 -2.703191
v 2.805575 5.773309 -2.681690
v 2.896193 6.163669 -2.266970
v 2.717491 6.163669 -2.617693
v 2.524656 5.365305 -3.013706
v 2.503154 5.773309 -2.984111
v 2.439157 6.163669 -2.896027
v 2.133384 5.365305 -3.213068
v 2.122080 5.773309 -3.178277
v 2.088435 6.163669 -3.074729
v 1.699657 5.365305 -3.281764
v 1.699657 5.773309 -3.245183
v 1.699657 6.163669 -3.136305
v 1.265930 5.365305 -3.213068
v 1.277234 5.773309 -3.178277
v 1.310879 6.163669 -3.074729
v 0.874659 5.365305 -3.013705
v 0.896161 5.773309 -2.984111
v 0.960158 6.163669 -2.896027
v 0.564146 5.365305 -2.703191
v 0.593740 5.773309 -2.681689
v 0.681824 6.163669 -2.617692
v 0.364784 5.365305 -2.311919
v 0.399574 5.773309 -2.300616
v 0.503123 6.163669 -2.266970
v 0.296088 5.365305 -1.878193
v 0.332669 5.773309 -1.878193
v 0.441546 6.163669 -1.878193
v 0.364784 5.365305 -1.444466
v 0.399574 5.773309 -1.455770
v 0.503123 6.163669 -1.489415
v 0.564146 5.365305 -1.053195
v 0.593740 5.773309 -1.074697
v 0.681824 6.163669 -1.138693
v 0.874659 5.365305 -0.742681
v 0.896161 5.773309 -0.772275
v 0.960158 6.163669 -0.860359
v 1.265930 5.365305 -0.543318
v 1.277234 5.773309 -0.578109
v 1.310880 6.163669 -0.681658
v 1.699657 5.365305 -0.474623
v 1.699657 5.773309 -0.511203
v 1.699657 6.163669 -0.620082
v 2.133384 5.365305 -0.543318
v 2.122080 5.773309 -0.578109
v 2.088435 6.163669 -0.681658
v 2.524654 5.365305 -0.742681
v 2.503153 5.773309 -0.772275
v 2.439156 6.163669 -0.860359
v 2.835169 5.365305 -1.053195
v 2.805574 5.773309 -1.074697
v 2.717490 6.163669 -1.138693
v 3.034531 5.365305 -1.444466
v 2.999740 5.773309 -1.455770
v 2.896192 6.163669 -1.489415
v 3.103226 5.365305 -1.878192
v 3.066646 5.773309 -1.878192
v 2.957768 6.163669 -1.878192
v 2.870165 0.964021 -2.258514
v 3.032229 1.458916 -2.311172
v 3.100805 1.458916 -1.878192
v 2.930401 0.964021 -1.878193
v 2.695351 0.964021 -2.601607
v 2.833210 1.458916 -2.701768
v 3.032228 1.458916 -1.445214
v 2.870165 0.964020 -1.497871
v 2.833210 1.458916 -1.054618
v 2.695350 0.964021 -1.154779
v 2.523231 1.458916 -0.744639
v 2.423070 0.964020 -0.882499
v 2.132636 1.458916 -0.545621
v 2.079978 0.964021 -0.707685
v 1.699657 1.458916 -0.477044
v 1.699657 0.964020 -0.647448
v 1.266679 1.458916 -0.545621
v 1.319336 0.964021 -0.707685
v 0.876082 1.458916 -0.744640
v 0.976244 0.964021 -0.882499
v 0.566105 1.458916 -1.054618
v 0.703964 0.964021 -1.154779
v 0.367086 1.458916 -1.445214
v 0.529150 0.964020 -1.497871
v 0.298510 1.458916 -1.878193
v 0.468913 0.964021 -1.878193
v 0.367086 1.458916 -2.311171
v 0.529150 0.964020 -2.258514
v 0.566105 1.458916 -2.701767
v 0.703964 0.964021 -2.601606
v 0.876082 1.458916 -3.011746
v 0.976243 0.964021 -2.873887
v 1.266679 1.458916 -3.210765
v 1.319336 0.964021 -3.048701
v 1.699657 1.458916 -3.279342
v 1.699657 0.964021 -3.108938
v 2.132636 1.458916 -3.210765
v 2.079978 0.964021 -3.048701
v 2.523232 1.458916 -3.011747
v 2.423071 0.964021 -2.873887
v 1.856185 0.864014 -1.878193
v 1.848524 0.864014 -1.829823
v 1.848524 0.864015 -1.926563
v 1.826291 0.864014 -1.970198
v 1.826291 0.864014 -1.786189
v 1.791662 0.864015 -1.751559
v 1.748027 0.864014 -1.729326
v 1.699657 0.864014 -1.721665
v 1.651287 0.864014 -1.729326
v 1.607652 0.864015 -1.751559
v 1.573024 0.864015 -1.786189
v 1.550790 0.864015 -1.829823
v 1.543129 0.864015 -1.878193
v 1.550790 0.864015 -1.926563
v 1.573024 0.864015 -1.970198
v 1.607652 0.864014 -2.004827
v 1.651287 0.864014 -2.027061
v 1.699657 0.864014 -2.034721
v 1.748027 0.864014 -2.027061
v 1.791662 0.864014 -2.004827
v 1.564274 0.864015 -1.836694
v 1.589922 0.864014 -1.849762
v 1.625224 0.864014 -1.867749
v 1.666723 0.864014 -1.888894
v 1.710358 0.864014 -1.911127
v 1.751858 0.864014 -1.932272
v 1.787159 0.864014 -1.950259
v 1.812807 0.864014 -1.963328
v 2.559316 6.950912 -1.878193
v 2.351717 7.481900 -1.878193
v 2.517242 6.950913 -2.143842
v 2.319803 7.481900 -2.079693
v 2.517242 6.950913 -1.612544
v 2.319803 7.481900 -1.676696
v 2.395137 6.950913 -1.372898
v 2.227185 7.481901 -1.494925
v 2.204952 6.950913 -1.182714
v 2.082928 7.481901 -1.350666
v 1.965306 6.950913 -1.060608
v 1.901154 7.481901 -1.258049
v 1.699657 6.950913 -1.018534
v 1.699657 7.481901 -1.226134
v 1.434008 6.950913 -1.060608
v 1.498160 7.481901 -1.258049
v 1.194362 6.950913 -1.182714
v 1.316386 7.481901 -1.350666
v 1.004178 6.950913 -1.372898
v 1.172129 7.481901 -1.494925
v 0.882073 6.950913 -1.612544
v 1.079512 7.481900 -1.676696
v 0.839998 6.950912 -1.878193
v 1.047597 7.481900 -1.878193
v 0.882073 6.950913 -2.143842
v 1.079512 7.481900 -2.079693
v 1.004178 6.950912 -2.383488
v 1.172129 7.481900 -2.261465
v 1.194362 6.950913 -2.573673
v 1.316386 7.481900 -2.405721
v 1.434008 6.950913 -2.695778
v 1.498160 7.481901 -2.498340
v 1.699657 6.950913 -2.737853
v 1.699657 7.481901 -2.530253
v 1.965307 6.950913 -2.695778
v 1.901154 7.481901 -2.498339
v 2.204953 6.950913 -2.573673
v 2.082928 7.481901 -2.405721
v 2.395137 6.950913 -2.383489
v 2.227185 7.481900 -2.261464
v 2.696412 0.628645 -1.878193
v 2.647627 0.628645 -2.186207
v 2.312979 0.672041 -1.878193
v 2.282961 0.672041 -2.067720
v 2.647627 0.628645 -1.570179
v 2.282962 0.672041 -1.688667
v 2.506047 0.628645 -1.292316
v 2.195844 0.672041 -1.517693
v 2.285535 0.628645 -1.071802
v 2.060159 0.672041 -1.382004
v 2.007671 0.628644 -0.930227
v 1.889184 0.672041 -1.294890
v 1.699657 0.628645 -0.881439
v 1.699657 0.672041 -1.264870
v 1.391643 0.628644 -0.930227
v 1.510131 0.672041 -1.294890
v 1.113780 0.628645 -1.071803
v 1.339156 0.672041 -1.382004
v 0.893267 0.628645 -1.292316
v 1.203470 0.672041 -1.517693
v 0.751688 0.628645 -1.570179
v 1.116353 0.672041 -1.688666
v 0.702903 0.628645 -1.878193
v 1.086335 0.672041 -1.878193
v 0.751688 0.628645 -2.186206
v 1.116353 0.672041 -2.067720
v 0.893267 0.628645 -2.464070
v 1.203470 0.672041 -2.238695
v 1.113780 0.628645 -2.684584
v 1.339156 0.672041 -2.374382
v 1.391643 0.628645 -2.826163
v 1.510130 0.672041 -2.461498
v 1.699657 0.628645 -2.874947
v 1.699657 0.672041 -2.491516
v 2.007671 0.628645 -2.826163
v 1.889184 0.672041 -2.461498
v 2.285534 0.628645 -2.684584
v 2.060159 0.672041 -2.374382
v 2.506049 0.628645 -2.464070
v 2.195845 0.672041 -2.238695
v 1.545935 0.764008 -1.828246
v 1.564274 0.764015 -1.836694
v 1.604652 0.764008 -1.747429
v 1.567519 0.764122 -1.782189
v 2.259841 0.804796 -1.878193
v 2.232424 0.804796 -2.051299
v 2.232424 0.804796 -1.705087
v 2.152854 0.804796 -1.548926
v 2.028924 0.804796 -1.424994
v 1.872764 0.804796 -1.345428
v 1.699657 0.804796 -1.318009
v 1.526552 0.804796 -1.345427
v 1.370389 0.804796 -1.424995
v 1.246459 0.804796 -1.548928
v 1.166891 0.804796 -1.705086
v 1.139474 0.804796 -1.878193
v 1.166891 0.804796 -2.051299
v 1.246460 0.804796 -2.207461
v 1.370389 0.804796 -2.331391
v 1.526551 0.804796 -2.410961
v 1.699657 0.804796 -2.438378
v 1.872765 0.804796 -2.410960
v 2.028924 0.804796 -2.331393
v 2.152856 0.804796 -2.207460
v 2.066579 7.798170 -2.144790
v 2.131006 7.798170 -2.018349
v 1.966247 7.798170 -2.245119
v 1.839819 7.798170 -2.309538
v 1.699652 7.798170 -2.331741
v 1.559496 7.798170 -2.309540
v 1.433092 7.798171 -2.245132
v 1.332718 7.798169 -2.144769
v 1.268310 7.798170 -2.018350
v 1.246111 7.798170 -1.878191
v 1.268308 7.798170 -1.738048
v 1.332735 7.798170 -1.611596
v 1.433072 7.798170 -1.511264
v 1.559497 7.798171 -1.446850
v 1.699662 7.798170 -1.424646
v 1.839809 7.798170 -1.446846
v 1.966226 7.798170 -1.511256
v 2.066588 7.798170 -1.611610
v 2.131009 7.798170 -1.738047
v 2.153203 7.798170 -1.878193
v 2.107477 7.803529 -2.010701
v 2.046569 7.803529 -2.130239
v 2.046566 8.074570 -2.130237
v 2.107473 8.074570 -2.010703
v 1.951704 7.803528 -2.225106
v 1.951701 8.074570 -2.225102
v 1.832166 7.803528 -2.286013
v 1.832164 8.074570 -2.286010
v 1.699657 7.803529 -2.307001
v 1.699657 8.074570 -2.306997
v 1.567149 7.803529 -2.286013
v 1.567150 8.074570 -2.286009
v 1.447611 7.803528 -2.225106
v 1.447613 8.074570 -2.225102
v 1.352746 7.803529 -2.130239
v 1.352749 8.074570 -2.130237
v 1.291838 7.803529 -2.010704
v 1.291842 8.074570 -2.010703
v 1.270851 7.803529 -1.878193
v 1.270855 8.074570 -1.878193
v 1.291838 7.803528 -1.745685
v 1.291842 8.074570 -1.745686
v 1.352745 7.803529 -1.626147
v 1.352749 8.074570 -1.626149
v 1.447611 7.803529 -1.531282
v 1.447614 8.074570 -1.531285
v 1.567148 7.803529 -1.470376
v 1.567150 8.074570 -1.470379
v 1.699657 7.803529 -1.449386
v 1.699657 8.074570 -1.449391
v 1.832166 7.803529 -1.470376
v 1.832165 8.074570 -1.470379
v 1.951703 7.803528 -1.531282
v 1.951701 8.074570 -1.531285
v 2.046569 7.803528 -1.626147
v 2.046566 8.074570 -1.626149
v 2.107476 7.803529 -1.745685
v 2.107473 8.074570 -1.745686
v 2.128464 7.803529 -1.878193
v 2.128460 8.074570 -1.878193
v 2.025520 8.365217 -1.984082
v 1.976854 8.365216 -2.079592
v 2.084957 8.371610 -2.003385
v 2.027415 8.371610 -2.116319
v 1.901057 8.365216 -2.155387
v 1.937775 8.371610 -2.205955
v 1.805535 8.365216 -2.204057
v 1.824853 8.371610 -2.263492
v 1.699656 8.365217 -2.220828
v 1.699640 8.371609 -2.283319
v 1.593777 8.365216 -2.204058
v 1.574484 8.371610 -2.263503
v 1.498260 8.365216 -2.155390
v 1.461526 8.371610 -2.205947
v 1.422460 8.365216 -2.079593
v 1.371902 8.371610 -2.116322
v 1.373793 8.365217 -1.984075
v 1.314356 8.371609 -2.003379
v 1.357023 8.365216 -1.878193
v 1.294529 8.371609 -1.878195
v 1.373793 8.365217 -1.772313
v 1.314357 8.371609 -1.753002
v 1.422459 8.365216 -1.676800
v 1.371895 8.371610 -1.640071
v 1.498261 8.365216 -1.601000
v 1.461524 8.371610 -1.550440
v 1.593780 8.365216 -1.552330
v 1.574472 8.371610 -1.492895
v 1.699657 8.365217 -1.535559
v 1.699664 8.371609 -1.473066
v 1.805534 8.365217 -1.552330
v 1.824851 8.371609 -1.492897
v 1.901054 8.365217 -1.601000
v 1.937792 8.371609 -1.550443
v 1.976855 8.365216 -1.676800
v 2.027406 8.371610 -1.640050
v 2.025522 8.365217 -1.772313
v 2.084958 8.371609 -1.753007
v 2.042291 8.365217 -1.878193
v 2.104786 8.371609 -1.878192
v 1.949961 8.051105 -1.959525
v 1.912578 8.051105 -2.032889
v 1.854354 8.051104 -2.091115
v 1.780985 8.051104 -2.128499
v 1.699657 8.051104 -2.141380
v 1.618329 8.051104 -2.128499
v 1.544961 8.051105 -2.091115
v 1.486736 8.051105 -2.032889
v 1.449354 8.051105 -1.959524
v 1.436473 8.051105 -1.878193
v 1.449354 8.051105 -1.796865
v 1.486736 8.051104 -1.723497
v 1.544961 8.051104 -1.665272
v 1.618329 8.051104 -1.627890
v 1.699657 8.051105 -1.615009
v 1.780985 8.051104 -1.627890
v 1.854354 8.051104 -1.665272
v 1.912578 8.051104 -1.723497
v 1.949961 8.051105 -1.796865
v 1.962842 8.051105 -1.878193
v 2.613657 6.543562 -2.542253
v 2.774128 6.543562 -2.227309
v 2.363717 6.543562 -2.792193
v 2.048774 6.543562 -2.952664
v 1.699657 6.543563 -3.007959
v 1.350541 6.543562 -2.952664
v 1.035598 6.543562 -2.792192
v 0.785658 6.543563 -2.542252
v 0.625187 6.543563 -2.227309
v 0.569893 6.543562 -1.878193
v 0.625187 6.543562 -1.529077
v 0.785659 6.543562 -1.214134
v 1.035598 6.543562 -0.964194
v 1.350541 6.543562 -0.803722
v 1.699657 6.543562 -0.748428
v 2.048774 6.543562 -0.803722
v 2.363716 6.543562 -0.964194
v 2.613656 6.543562 -1.214134
v 2.774127 6.543563 -1.529077
v 2.829421 6.543562 -1.878193
v 3.076106 5.369803 -2.325428
v 3.041476 5.791576 -2.314176
v 2.870534 5.369803 -2.728885
v 2.841076 5.791576 -2.707483
v 2.936919 6.200927 -2.280203
v 2.752135 6.200927 -2.642863
v 2.550350 5.369803 -3.049071
v 2.528947 5.791576 -3.019613
v 2.464327 6.200927 -2.930671
v 2.146893 5.369803 -3.254642
v 2.135640 5.791576 -3.220011
v 2.101668 6.200927 -3.115455
v 1.699657 5.369804 -3.325478
v 1.699657 5.791576 -3.289065
v 1.699657 6.200927 -3.179128
v 1.252422 5.369804 -3.254642
v 1.263674 5.791576 -3.220011
v 1.297646 6.200927 -3.115455
v 0.848964 5.369804 -3.049070
v 0.870368 5.791576 -3.019612
v 0.934987 6.200927 -2.930671
v 0.528780 5.369803 -2.728885
v 0.558239 5.791576 -2.707482
v 0.647180 6.200927 -2.642863
v 0.323209 5.369804 -2.325428
v 0.357840 5.791576 -2.314176
v 0.462396 6.200927 -2.280203
v 0.252374 5.369804 -1.878193
v 0.288787 5.791576 -1.878193
v 0.398724 6.200927 -1.878193
v 0.323209 5.369804 -1.430957
v 0.357840 5.791576 -1.442210
v 0.462396 6.200927 -1.476182
v 0.528780 5.369803 -1.027500
v 0.558239 5.791576 -1.048904
v 0.647180 6.200927 -1.113523
v 0.848965 5.369804 -0.707315
v 0.870368 5.791576 -0.736774
v 0.934987 6.200927 -0.825715
v 1.252422 5.369803 -0.501743
v 1.263674 5.791577 -0.536375
v 1.297647 6.200927 -0.640931
v 1.699657 5.369803 -0.430909
v 1.699657 5.791577 -0.467322
v 1.699657 6.200927 -0.577260
v 2.146893 5.369804 -0.501743
v 2.135640 5.791577 -0.536375
v 2.101668 6.200927 -0.640932
v 2.550349 5.369803 -0.707315
v 2.528946 5.791576 -0.736774
v 2.464326 6.200927 -0.825715
v 2.870534 5.369804 -1.027500
v 2.841075 5.791576 -1.048904
v 2.752135 6.200927 -1.113523
v 3.076105 5.369804 -1.430957
v 3.041474 5.791576 -1.442210
v 2.936918 6.200927 -1.476182
v 3.146940 5.369804 -1.878192
v 3.110527 5.791576 -1.878192
v 3.000590 6.200927 -1.878192
v 2.906209 0.909963 -2.270226
v 3.073822 1.441943 -2.324686
v 3.144538 1.441943 -1.878192
v 2.968300 0.909963 -1.878192
v 2.726012 0.909963 -2.623883
v 2.868591 1.441943 -2.727474
v 3.073821 1.441943 -1.431700
v 2.906209 0.909963 -1.486160
v 2.868591 1.441943 -1.028912
v 2.726011 0.909963 -1.132503
v 2.548937 1.441943 -0.709258
v 2.445346 0.909963 -0.851838
v 2.146151 1.441943 -0.504028
v 2.091690 0.909964 -0.671641
v 1.699657 1.441943 -0.433310
v 1.699657 0.909962 -0.609550
v 1.253164 1.441943 -0.504027
v 1.307624 0.909964 -0.671641
v 0.850376 1.441943 -0.709258
v 0.953968 0.909963 -0.851838
v 0.530723 1.441943 -1.028912
v 0.673304 0.909963 -1.132503
v 0.325493 1.441943 -1.431700
v 0.493106 0.909963 -1.486160
v 0.254776 1.441943 -1.878193
v 0.431014 0.909963 -1.878193
v 0.325493 1.441943 -2.324686
v 0.493106 0.909963 -2.270225
v 0.530723 1.441943 -2.727473
v 0.673303 0.909963 -2.623883
v 0.850376 1.441943 -3.047127
v 0.953967 0.909963 -2.904548
v 1.253164 1.441943 -3.252358
v 1.307625 0.909963 -3.084745
v 1.699657 1.441943 -3.323076
v 1.699657 0.909963 -3.146837
v 2.146151 1.441943 -3.252358
v 2.091690 0.909963 -3.084745
v 2.548939 1.441943 -3.047128
v 2.445348 0.909964 -2.904548
v 1.794663 0.764008 -2.008957
v 1.830421 0.764008 -1.973198
v 1.854996 0.764122 -1.928666
v 1.861290 0.764008 -1.878193
v 1.853379 0.764008 -1.828246
v 1.830421 0.764008 -1.783188
v 1.794663 0.764008 -1.747429
v 1.749605 0.764008 -1.724471
v 1.699657 0.764008 -1.716560
v 1.649710 0.764008 -1.724471
v 1.538025 0.764008 -1.878193
v 1.545936 0.764008 -1.928140
v 1.568894 0.764008 -1.973198
v 1.604652 0.764008 -2.008957
v 1.649710 0.764008 -2.031915
v 1.699657 0.764008 -2.039826
v 1.749605 0.764008 -2.031915
v 1.812807 0.764014 -1.963328
v 1.787159 0.764014 -1.950260
v 1.751858 0.764014 -1.932272
v 1.710358 0.764014 -1.911127
v 1.666723 0.764014 -1.888894
v 1.625224 0.764014 -1.867749
v 1.589922 0.764014 -1.849762
vt 0.656250 0.843750
vt 0.648603 0.892034
vt 0.648603 0.795466
vt 0.626409 0.751909
vt 0.591842 0.717341
vt 0.548284 0.695147
vt 0.500000 0.687500
vt 0.451716 0.695147
vt 0.408159 0.717341
vt 0.373591 0.751909
vt 0.351397 0.795466
vt 0.343750 0.843750
vt 0.351397 0.892034
vt 0.373591 0.935591
vt 0.408159 0.970159
vt 0.451716 0.992353
vt 0.500000 1.000000
vt 0.548284 0.992353
vt 0.591841 0.970159
vt 0.626409 0.935591
vt 0.648603 0.107966
vt 0.656250 0.156250
vt 0.656250 0.156250
vt 0.648603 0.107966
vt 0.648603 0.204534
vt 0.648603 0.204534
vt 0.626409 0.248091
vt 0.626409 0.248091
vt 0.591841 0.282659
vt 0.591841 0.282659
vt 0.548284 0.304853
vt 0.548284 0.304853
vt 0.500000 0.312500
vt 0.500000 0.312500
vt 0.451716 0.304853
vt 0.451716 0.304853
vt 0.408159 0.282659
vt 0.408159 0.282659
vt 0.373591 0.248091
vt 0.373591 0.248091
vt 0.351397 0.204534
vt 0.351397 0.204534
vt 0.343750 0.156250
vt 0.343750 0.156250
vt 0.351397 0.107966
vt 0.351397 0.107966
vt 0.373591 0.064409
vt 0.373591 0.064409
vt 0.408159 0.029841
vt 0.408159 0.029841
vt 0.451716 0.007647
vt 0.451716 0.007647
vt 0.500000 -0.000000
vt 0.500000 -0.000000
vt 0.548284 0.007647
vt 0.548284 0.007647
vt 0.591842 0.029841
vt 0.591842 0.029841
vt 0.626409 0.064408
vt 0.626409 0.064408
vt 0.656250 0.156250
vt 0.648603 0.204534
vt 0.648603 0.107966
vt 0.626409 0.064408
vt 0.626409 0.248091
vt 0.591841 0.282659
vt 0.548284 0.304853
vt 0.500000 0.312500
vt 0.451716 0.304853
vt 0.408159 0.282659
vt 0.373591 0.248091
vt 0.351397 0.204534
vt 0.343750 0.156250
vt 0.351397 0.107966
vt 0.373591 0.064409
vt 0.408159 0.029841
vt 0.451716 0.007647
vt 0.500000 -0.000000
vt 0.548284 0.007647
vt 0.591842 0.029841
vt 0.626409 0.935591
vt 0.648603 0.892034
vt 0.591841 0.970159
vt 0.548284 0.992353
vt 0.500000 1.000000
vt 0.451716 0.992353
vt 0.408159 0.970159
vt 0.373591 0.935591
vt 0.351397 0.892034
vt 0.343750 0.843750
vt 0.351397 0.795466
vt 0.373591 0.751909
vt 0.408159 0.717341
vt 0.451716 0.695147
vt 0.500000 0.687500
vt 0.548284 0.695147
vt 0.591842 0.717341
vt 0.626409 0.751908
vt 0.648603 0.795466
vt 0.656250 0.843750
vt 0.648603 0.892034
vt 0.626409 0.935591
vt 0.626409 0.935591
vt 0.648603 0.892034
vt 0.591841 0.970159
vt 0.591841 0.970159
vt 0.548284 0.992353
vt 0.548284 0.992353
vt 0.500000 1.000000
vt 0.500000 1.000000
vt 0.451716 0.992353
vt 0.451716 0.992353
vt 0.408159 0.970159
vt 0.408159 0.970159
vt 0.373591 0.935591
vt 0.373591 0.935591
vt 0.351397 0.892034
vt 0.351397 0.892034
vt 0.343750 0.843750
vt 0.343750 0.843750
vt 0.351397 0.795466
vt 0.351397 0.795466
vt 0.373591 0.751909
vt 0.373591 0.751909
vt 0.408159 0.717341
vt 0.408159 0.717341
vt 0.451716 0.695147
vt 0.451716 0.695147
vt 0.500000 0.687500
vt 0.500000 0.687500
vt 0.548284 0.695147
vt 0.548284 0.695147
vt 0.591842 0.717341
vt 0.591842 0.717341
vt 0.626409 0.751908
vt 0.626409 0.751908
vt 0.648603 0.795466
vt 0.648603 0.795466
vt 0.656250 0.843750
vt 0.656250 0.843750
vt 0.626409 0.935591
vt 0.648603 0.892034
vt 0.648603 0.892034
vt 0.626409 0.935591
vt 0.591841 0.970159
vt 0.591841 0.970159
vt 0.548284 0.992353
vt 0.548284 0.992353
vt 0.500000 1.000000
vt 0.500000 1.000000
vt 0.451716 0.992353
vt 0.451716 0.992353
vt 0.408159 0.970159
vt 0.408159 0.970159
vt 0.373591 0.935591
vt 0.373591 0.935591
vt 0.351397 0.892034
vt 0.351397 0.892034
vt 0.343750 0.843750
vt 0.343750 0.843750
vt 0.351397 0.795466
vt 0.351397 0.795466
vt 0.373591 0.751909
vt 0.373591 0.751909
vt 0.408159 0.717341
vt 0.408159 0.717341
vt 0.451716 0.695147
vt 0.451716 0.695147
vt 0.500000 0.687500
vt 0.500000 0.687500
vt 0.548284 0.695147
vt 0.548284 0.695147
vt 0.591842 0.717341
vt 0.591842 0.717341
vt 0.626409 0.751908
vt 0.626409 0.751908
vt 0.648603 0.795466
vt 0.648603 0.795466
vt 0.656250 0.843750
vt 0.656250 0.843750
vt 0.626409 0.935591
vt 0.648603 0.892034
vt 0.591841 0.970159
vt 0.548284 0.992353
vt 0.500000 1.000000
vt 0.451716 0.992353
vt 0.408159 0.970159
vt 0.373591 0.935591
vt 0.351397 0.892034
vt 0.343750 0.843750
vt 0.351397 0.795466
vt 0.373591 0.751909
vt 0.408159 0.717341
vt 0.451716 0.695147
vt 0.500000 0.687500
vt 0.548284 0.695147
vt 0.591842 0.717341
vt 0.626409 0.751908
vt 0.648603 0.795466
vt 0.656250 0.843750
vt 0.648603 0.892034
vt 0.626409 0.935591
vt 0.591841 0.970159
vt 0.548284 0.992353
vt 0.500000 1.000000
vt 0.451716 0.992353
vt 0.408159 0.970159
vt 0.373591 0.935591
vt 0.351397 0.892034
vt 0.343750 0.843750
vt 0.351397 0.795466
vt 0.373591 0.751909
vt 0.408159 0.717341
vt 0.451716 0.695147
vt 0.500000 0.687500
vt 0.548284 0.695147
vt 0.591842 0.717341
vt 0.626409 0.751908
vt 0.648603 0.795466
vt 0.656250 0.843750
vt 0.375000 0.687500
vt 0.375000 0.641945
vt 0.387500 0.641945
vt 0.387500 0.687500
vt 0.644903 0.890832
vt 0.623262 0.933305
vt 0.648603 0.892034
vt 0.626409 0.935591
vt 0.400000 0.641945
vt 0.400000 0.687500
vt 0.589555 0.967012
vt 0.591841 0.970159
vt 0.412500 0.641945
vt 0.412500 0.687500
vt 0.547082 0.988653
vt 0.548284 0.992353
vt 0.425000 0.641945
vt 0.425000 0.687500
vt 0.500000 0.996110
vt 0.500000 1.000000
vt 0.437500 0.641945
vt 0.437500 0.687500
vt 0.452918 0.988653
vt 0.451716 0.992353
vt 0.450000 0.641945
vt 0.450000 0.687500
vt 0.410445 0.967012
vt 0.408159 0.970159
vt 0.462500 0.641945
vt 0.462500 0.687500
vt 0.376738 0.933305
vt 0.373591 0.935591
vt 0.475000 0.641945
vt 0.475000 0.687500
vt 0.355097 0.890832
vt 0.351397 0.892034
vt 0.487500 0.641945
vt 0.487500 0.687500
vt 0.347640 0.843750
vt 0.343750 0.843750
vt 0.500000 0.641945
vt 0.500000 0.687500
vt 0.355097 0.796668
vt 0.351397 0.795466
vt 0.512500 0.641945
vt 0.512500 0.687500
vt 0.376738 0.754195
vt 0.373591 0.751909
vt 0.525000 0.641945
vt 0.525000 0.687500
vt 0.410445 0.720488
vt 0.408159 0.717341
vt 0.537500 0.641945
vt 0.537500 0.687500
vt 0.452918 0.698847
vt 0.451716 0.695147
vt 0.550000 0.641945
vt 0.550000 0.687500
vt 0.500000 0.691390
vt 0.500000 0.687500
vt 0.562500 0.641945
vt 0.562500 0.687500
vt 0.547082 0.698847
vt 0.548284 0.695147
vt 0.575000 0.641945
vt 0.575000 0.687500
vt 0.589555 0.720488
vt 0.591842 0.717341
vt 0.587500 0.641945
vt 0.587500 0.687500
vt 0.623262 0.754195
vt 0.626409 0.751908
vt 0.600000 0.641945
vt 0.600000 0.687500
vt 0.644903 0.796668
vt 0.648603 0.795466
vt 0.612500 0.641945
vt 0.612500 0.687500
vt 0.652360 0.843750
vt 0.656250 0.843750
vt 0.625000 0.641945
vt 0.625000 0.687500
vt 0.625000 0.323765
vt 0.625000 0.355295
vt 0.612500 0.355295
vt 0.612500 0.323765
vt 0.375000 0.355295
vt 0.375000 0.323765
vt 0.387500 0.323765
vt 0.387500 0.355295
vt 0.600000 0.355295
vt 0.600000 0.323765
vt 0.587500 0.355295
vt 0.587500 0.323765
vt 0.575000 0.355295
vt 0.575000 0.323765
vt 0.562500 0.355295
vt 0.562500 0.323765
vt 0.550000 0.355295
vt 0.550000 0.323765
vt 0.537500 0.355295
vt 0.537500 0.323765
vt 0.525000 0.355295
vt 0.525000 0.323765
vt 0.512500 0.355295
vt 0.512500 0.323765
vt 0.500000 0.355295
vt 0.500000 0.323765
vt 0.487500 0.355295
vt 0.487500 0.323765
vt 0.475000 0.355295
vt 0.475000 0.323765
vt 0.462500 0.355295
vt 0.462500 0.323765
vt 0.450000 0.355295
vt 0.450000 0.323765
vt 0.437500 0.355295
vt 0.437500 0.323765
vt 0.425000 0.355295
vt 0.425000 0.323765
vt 0.412500 0.355295
vt 0.412500 0.323765
vt 0.400000 0.355295
vt 0.400000 0.323765
vt 0.375000 0.312500
vt 0.387500 0.312500
vt 0.400000 0.312500
vt 0.412500 0.312500
vt 0.425000 0.312500
vt 0.437500 0.312500
vt 0.450000 0.312500
vt 0.462500 0.312500
vt 0.475000 0.312500
vt 0.487500 0.312500
vt 0.500000 0.312500
vt 0.512500 0.312500
vt 0.525000 0.312500
vt 0.537500 0.312500
vt 0.550000 0.312500
vt 0.562500 0.312500
vt 0.575000 0.312500
vt 0.587500 0.312500
vt 0.600000 0.312500
vt 0.612500 0.312500
vt 0.625000 0.312500
vt 0.648603 0.892034
vt 0.656250 0.843750
vt 0.648603 0.795466
vt 0.626409 0.751908
vt 0.591842 0.717341
vt 0.548284 0.695147
vt 0.500000 0.687500
vt 0.451716 0.695147
vt 0.408159 0.717341
vt 0.373591 0.751909
vt 0.351397 0.795466
vt 0.343750 0.843750
vt 0.351397 0.892034
vt 0.373591 0.935591
vt 0.408159 0.970159
vt 0.451716 0.992353
vt 0.500000 1.000000
vt 0.548284 0.992353
vt 0.591841 0.970159
vt 0.626409 0.935591
vt 0.578125 0.156250
vt 0.574301 0.180392
vt 0.574301 0.132108
vt 0.563205 0.110329
vt 0.563204 0.202171
vt 0.545921 0.219454
vt 0.524142 0.230551
vt 0.500000 0.234375
vt 0.475858 0.230551
vt 0.454079 0.219454
vt 0.436796 0.202171
vt 0.425699 0.180392
vt 0.421875 0.156250
vt 0.425699 0.132108
vt 0.436796 0.110329
vt 0.454079 0.093046
vt 0.475858 0.081949
vt 0.500000 0.078125
vt 0.524142 0.081949
vt 0.545921 0.093045
vt 0.432429 0.176963
vt 0.445230 0.170440
vt 0.462849 0.161463
vt 0.483562 0.150909
vt 0.505341 0.139812
vt 0.526054 0.129258
vt 0.543673 0.120281
vt 0.556474 0.113758
vt 0.656250 0.843750
vt 0.656250 0.843750
vt 0.648603 0.892034
vt 0.648603 0.892034
vt 0.648603 0.795466
vt 0.648603 0.795466
vt 0.626409 0.751908
vt 0.626409 0.751909
vt 0.591842 0.717341
vt 0.591842 0.717341
vt 0.548284 0.695147
vt 0.548284 0.695147
vt 0.500000 0.687500
vt 0.500000 0.687500
vt 0.451716 0.695147
vt 0.451716 0.695147
vt 0.408159 0.717341
vt 0.408159 0.717341
vt 0.373591 0.751909
vt 0.373591 0.751909
vt 0.351397 0.795466
vt 0.351397 0.795466
vt 0.343750 0.843750
vt 0.343750 0.843750
vt 0.351397 0.892034
vt 0.351397 0.892034
vt 0.373591 0.935591
vt 0.373591 0.935591
vt 0.408159 0.970159
vt 0.408159 0.970159
vt 0.451716 0.992353
vt 0.451716 0.992353
vt 0.500000 1.000000
vt 0.500000 1.000000
vt 0.548284 0.992353
vt 0.548284 0.992353
vt 0.591841 0.970159
vt 0.591841 0.970159
vt 0.626409 0.935591
vt 0.626409 0.935591
vt 0.648603 0.107966
vt 0.656250 0.156250
vt 0.656250 0.156250
vt 0.648603 0.107966
vt 0.648603 0.204534
vt 0.648603 0.204534
vt 0.626409 0.248091
vt 0.626409 0.248091
vt 0.591841 0.282659
vt 0.591841 0.282659
vt 0.548284 0.304853
vt 0.548284 0.304853
vt 0.500000 0.312500
vt 0.500000 0.312500
vt 0.451716 0.304853
vt 0.451716 0.304853
vt 0.408159 0.282659
vt 0.408159 0.282659
vt 0.373591 0.248091
vt 0.373591 0.248091
vt 0.351397 0.204534
vt 0.351397 0.204534
vt 0.343750 0.156250
vt 0.343750 0.156250
vt 0.351397 0.107966
vt 0.351397 0.107966
vt 0.373591 0.064409
vt 0.373591 0.064409
vt 0.408159 0.029841
vt 0.408159 0.029841
vt 0.451716 0.007647
vt 0.451716 0.007647
vt 0.500000 -0.000000
vt 0.500000 -0.000000
vt 0.548284 0.007647
vt 0.548284 0.007647
vt 0.591842 0.029841
vt 0.591842 0.029841
vt 0.626409 0.064408
vt 0.626409 0.064408
vt 0.425699 0.180392
vt 0.432429 0.176963
vt 0.454079 0.219454
vt 0.436796 0.202171
vt 0.656250 0.156250
vt 0.648603 0.107966
vt 0.648603 0.204534
vt 0.626409 0.248091
vt 0.591841 0.282659
vt 0.548284 0.304853
vt 0.500000 0.312500
vt 0.451716 0.304853
vt 0.408159 0.282659
vt 0.373591 0.248091
vt 0.351397 0.204534
vt 0.343750 0.156250
vt 0.351397 0.107966
vt 0.373591 0.064409
vt 0.408159 0.029841
vt 0.451716 0.007647
vt 0.500000 -0.000000
vt 0.548284 0.007647
vt 0.591842 0.029841
vt 0.626409 0.064408
vt 0.648603 0.892034
vt 0.626409 0.935591
vt 0.626409 0.935591
vt 0.648603 0.892034
vt 0.591841 0.970159
vt 0.591841 0.970159
vt 0.548284 0.992353
vt 0.548284 0.992353
vt 0.500000 1.000000
vt 0.500000 1.000000
vt 0.451716 0.992353
vt 0.451716 0.992353
vt 0.408159 0.970159
vt 0.408159 0.970159
vt 0.373591 0.935591
vt 0.373591 0.935591
vt 0.351397 0.892034
vt 0.351397 0.892034
vt 0.343750 0.843750
vt 0.343750 0.843750
vt 0.351397 0.795466
vt 0.351397 0.795466
vt 0.373591 0.751909
vt 0.373591 0.751909
vt 0.408159 0.717341
vt 0.408159 0.717341
vt 0.451716 0.695147
vt 0.451716 0.695147
vt 0.500000 0.687500
vt 0.500000 0.687500
vt 0.548284 0.695147
vt 0.548284 0.695147
vt 0.591842 0.717341
vt 0.591842 0.717341
vt 0.626409 0.751908
vt 0.626409 0.751908
vt 0.648603 0.795466
vt 0.648603 0.795466
vt 0.656250 0.843750
vt 0.656250 0.843750
vt 0.648603 0.892034
vt 0.626409 0.935591
vt 0.626409 0.935591
vt 0.648603 0.892034
vt 0.591841 0.970159
vt 0.591841 0.970159
vt 0.548284 0.992353
vt 0.548284 0.992353
vt 0.500000 1.000000
vt 0.500000 1.000000
vt 0.451716 0.992353
vt 0.451716 0.992353
vt 0.408159 0.970159
vt 0.408159 0.970159
vt 0.373591 0.935591
vt 0.373591 0.935591
vt 0.351397 0.892034
vt 0.351397 0.892034
vt 0.343750 0.843750
vt 0.343750 0.843750
vt 0.351397 0.795466
vt 0.351397 0.795466
vt 0.373591 0.751909
vt 0.373591 0.751909
vt 0.408159 0.717341
vt 0.408159 0.717341
vt 0.451716 0.695147
vt 0.451716 0.695147
vt 0.500000 0.687500
vt 0.500000 0.687500
vt 0.548284 0.695147
vt 0.548284 0.695147
vt 0.591842 0.717341
vt 0.591842 0.717341
vt 0.626409 0.751908
vt 0.626409 0.751908
vt 0.648603 0.795466
vt 0.648603 0.795466
vt 0.656250 0.843750
vt 0.656250 0.843750
vt 0.626409 0.935591
vt 0.648603 0.892034
vt 0.648603 0.892034
vt 0.626409 0.935591
vt 0.591841 0.970159
vt 0.591841 0.970159
vt 0.548284 0.992353
vt 0.548284 0.992353
vt 0.500000 1.000000
vt 0.500000 1.000000
vt 0.451716 0.992353
vt 0.451716 0.992353
vt 0.408159 0.970159
vt 0.408159 0.970159
vt 0.373591 0.935591
vt 0.373591 0.935591
vt 0.351397 0.892034
vt 0.351397 0.892034
vt 0.343750 0.843750
vt 0.343750 0.843750
vt 0.351397 0.795466
vt 0.351397 0.795466
vt 0.373591 0.751909
vt 0.373591 0.751909
vt 0.408159 0.717341
vt 0.408159 0.717341
vt 0.451716 0.695147
vt 0.451716 0.695147
vt 0.500000 0.687500
vt 0.500000 0.687500
vt 0.548284 0.695147
vt 0.548284 0.695147
vt 0.591842 0.717341
vt 0.591842 0.717341
vt 0.626409 0.751908
vt 0.626409 0.751908
vt 0.648603 0.795466
vt 0.648603 0.795466
vt 0.656250 0.843750
vt 0.656250 0.843750
vt 0.626409 0.935591
vt 0.648603 0.892034
vt 0.591841 0.970159
vt 0.548284 0.992353
vt 0.500000 1.000000
vt 0.451716 0.992353
vt 0.408159 0.970159
vt 0.373591 0.935591
vt 0.351397 0.892034
vt 0.343750 0.843750
vt 0.351397 0.795466
vt 0.373591 0.751909
vt 0.408159 0.717341
vt 0.451716 0.695147
vt 0.500000 0.687500
vt 0.548284 0.695147
vt 0.591842 0.717341
vt 0.626409 0.751908
vt 0.648603 0.795466
vt 0.656250 0.843750
vt 0.648603 0.892034
vt 0.626409 0.935591
vt 0.591841 0.970159
vt 0.548284 0.992353
vt 0.500000 1.000000
vt 0.451716 0.992353
vt 0.408159 0.970159
vt 0.373591 0.935591
vt 0.351397 0.892034
vt 0.343750 0.843750
vt 0.351397 0.795466
vt 0.373591 0.751909
vt 0.408159 0.717341
vt 0.451716 0.695147
vt 0.500000 0.687500
vt 0.548284 0.695147
vt 0.591842 0.717341
vt 0.626409 0.751908
vt 0.648603 0.795466
vt 0.656250 0.843750
vt 0.375000 0.687500
vt 0.375000 0.641945
vt 0.387500 0.641945
vt 0.387500 0.687500
vt 0.644903 0.890832
vt 0.623262 0.933305
vt 0.648603 0.892034
vt 0.626409 0.935591
vt 0.400000 0.641945
vt 0.400000 0.687500
vt 0.589555 0.967012
vt 0.591841 0.970159
vt 0.412500 0.641945
vt 0.412500 0.687500
vt 0.547082 0.988653
vt 0.548284 0.992353
vt 0.425000 0.641945
vt 0.425000 0.687500
vt 0.500000 0.996110
vt 0.500000 1.000000
vt 0.437500 0.641945
vt 0.437500 0.687500
vt 0.452918 0.988653
vt 0.451716 0.992353
vt 0.450000 0.641945
vt 0.450000 0.687500
vt 0.410445 0.967012
vt 0.408159 0.970159
vt 0.462500 0.641945
vt 0.462500 0.687500
vt 0.376738 0.933305
vt 0.373591 0.935591
vt 0.475000 0.641945
vt 0.475000 0.687500
vt 0.355097 0.890832
vt 0.351397 0.892034
vt 0.487500 0.641945
vt 0.487500 0.687500
vt 0.347640 0.843750
vt 0.343750 0.843750
vt 0.500000 0.641945
vt 0.500000 0.687500
vt 0.355097 0.796668
vt 0.351397 0.795466
vt 0.512500 0.641945
vt 0.512500 0.687500
vt 0.376738 0.754195
vt 0.373591 0.751909
vt 0.525000 0.641945
vt 0.525000 0.687500
vt 0.410445 0.720488
vt 0.408159 0.717341
vt 0.537500 0.641945
vt 0.537500 0.687500
vt 0.452918 0.698847
vt 0.451716 0.695147
vt 0.550000 0.641945
vt 0.550000 0.687500
vt 0.500000 0.691390
vt 0.500000 0.687500
vt 0.562500 0.641945
vt 0.562500 0.687500
vt 0.547082 0.698847
vt 0.548284 0.695147
vt 0.575000 0.641945
vt 0.575000 0.687500
vt 0.589555 0.720488
vt 0.591842 0.717341
vt 0.587500 0.641945
vt 0.587500 0.687500
vt 0.623262 0.754195
vt 0.626409 0.751908
vt 0.600000 0.641945
vt 0.600000 0.687500
vt 0.644903 0.796668
vt 0.648603 0.795466
vt 0.612500 0.641945
vt 0.612500 0.687500
vt 0.652360 0.843750
vt 0.656250 0.843750
vt 0.625000 0.641945
vt 0.625000 0.687500
vt 0.625000 0.323765
vt 0.625000 0.355295
vt 0.612500 0.355295
vt 0.612500 0.323765
vt 0.375000 0.355295
vt 0.375000 0.323765
vt 0.387500 0.323765
vt 0.387500 0.355295
vt 0.600000 0.355295
vt 0.600000 0.323765
vt 0.587500 0.355295
vt 0.587500 0.323765
vt 0.575000 0.355295
vt 0.575000 0.323765
vt 0.562500 0.355295
vt 0.562500 0.323765
vt 0.550000 0.355295
vt 0.550000 0.323765
vt 0.537500 0.355295
vt 0.537500 0.323765
vt 0.525000 0.355295
vt 0.525000 0.323765
vt 0.512500 0.355295
vt 0.512500 0.323765
vt 0.500000 0.355295
vt 0.500000 0.323765
vt 0.487500 0.355295
vt 0.487500 0.323765
vt 0.475000 0.355295
vt 0.475000 0.323765
vt 0.462500 0.355295
vt 0.462500 0.323765
vt 0.450000 0.355295
vt 0.450000 0.323765
vt 0.437500 0.355295
vt 0.437500 0.323765
vt 0.425000 0.355295
vt 0.425000 0.323765
vt 0.412500 0.355295
vt 0.412500 0.323765
vt 0.400000 0.355295
vt 0.400000 0.323765
vt 0.375000 0.312500
vt 0.387500 0.312500
vt 0.400000 0.312500
vt 0.412500 0.312500
vt 0.425000 0.312500
vt 0.437500 0.312500
vt 0.450000 0.312500
vt 0.462500 0.312500
vt 0.475000 0.312500
vt 0.487500 0.312500
vt 0.500000 0.312500
vt 0.512500 0.312500
vt 0.525000 0.312500
vt 0.537500 0.312500
vt 0.550000 0.312500
vt 0.562500 0.312500
vt 0.575000 0.312500
vt 0.587500 0.312500
vt 0.600000 0.312500
vt 0.612500 0.312500
vt 0.625000 0.312500
vt 0.563205 0.110329
vt 0.545921 0.093045
vt 0.574301 0.132108
vt 0.578125 0.156250
vt 0.574301 0.180392
vt 0.563204 0.202171
vt 0.545921 0.219454
vt 0.524142 0.230551
vt 0.500000 0.234375
vt 0.475858 0.230551
vt 0.421875 0.156250
vt 0.425699 0.132108
vt 0.436796 0.110329
vt 0.454079 0.093046
vt 0.475858 0.081949
vt 0.500000 0.078125
vt 0.524142 0.081949
vt 0.556474 0.113758
vt 0.543673 0.120281
vt 0.526054 0.129258
vt 0.505341 0.139812
vt 0.483562 0.150909
vt 0.462849 0.161463
vt 0.445230 0.170440
vt 0.626409 0.935591
vt 0.648603 0.892034
vt 0.591841 0.970159
vt 0.548284 0.992353
vt 0.500000 1.000000
vt 0.451716 0.992353
vt 0.408159 0.970159
vt 0.373591 0.935591
vt 0.351397 0.892034
vt 0.343750 0.843750
vt 0.351397 0.795466
vt 0.373591 0.751909
vt 0.408159 0.717341
vt 0.451716 0.695147
vt 0.500000 0.687500
vt 0.548284 0.695147
vt 0.591842 0.717341
vt 0.626409 0.751908
vt 0.648603 0.795466
vt 0.656250 0.843750
vn 0.931349 0.364128 0.000000
vn 0.882171 0.470929 0.000000
vn 0.838995 0.470929 -0.272604
vn 0.885766 0.364129 -0.287801
vn 0.885765 0.364129 0.287802
vn 0.838995 0.470929 0.272605
vn 0.753477 0.364130 0.547433
vn 0.713691 0.470930 0.518527
vn 0.547433 0.364130 0.753476
vn 0.518528 0.470930 0.713691
vn 0.287802 0.364130 0.885765
vn 0.272605 0.470930 0.838994
vn 0.000000 0.364130 0.931348
vn -0.000000 0.470930 0.882171
vn -0.287802 0.364130 0.885765
vn -0.272606 0.470930 0.838994
vn -0.547434 0.364131 0.753475
vn -0.518528 0.470930 0.713690
vn -0.753477 0.364130 0.547432
vn -0.713692 0.470929 0.518526
vn -0.885765 0.364129 0.287803
vn -0.838995 0.470929 0.272605
vn -0.931349 0.364128 0.000000
vn -0.882171 0.470929 -0.000000
vn -0.885766 0.364128 -0.287801
vn -0.838995 0.470929 -0.272604
vn -0.753477 0.364128 -0.547433
vn -0.713692 0.470929 -0.518526
vn -0.547433 0.364129 -0.753477
vn -0.518527 0.470929 -0.713691
vn -0.287802 0.364129 -0.885765
vn -0.272606 0.470929 -0.838994
vn 0.000001 0.364128 -0.931349
vn 0.000000 0.470929 -0.882171
vn 0.287802 0.364129 -0.885765
vn 0.272606 0.470929 -0.838994
vn 0.547433 0.364129 -0.753477
vn 0.518527 0.470929 -0.713691
vn 0.753477 0.364129 -0.547433
vn 0.713692 0.470929 -0.518527
vn -0.112442 -0.993499 0.017810
vn -0.112442 -0.993499 0.017810
vn -0.112442 -0.993499 0.017810
vn -0.112442 -0.993499 0.017810
vn -0.112442 -0.993499 -0.017810
vn -0.112442 -0.993499 -0.017810
vn -0.112442 -0.993499 -0.017810
vn -0.112442 -0.993499 -0.017810
vn -0.101436 -0.993499 -0.051684
vn -0.101436 -0.993499 -0.051684
vn -0.101436 -0.993499 -0.051684
vn -0.101436 -0.993499 -0.051684
vn -0.080500 -0.993499 -0.080500
vn -0.080500 -0.993499 -0.080500
vn -0.080500 -0.993499 -0.080500
vn -0.080500 -0.993499 -0.080500
vn -0.051684 -0.993499 -0.101437
vn -0.051684 -0.993499 -0.101437
vn -0.051684 -0.993499 -0.101437
vn -0.051684 -0.993499 -0.101437
vn -0.017810 -0.993499 -0.112444
vn -0.017810 -0.993499 -0.112444
vn -0.017810 -0.993499 -0.112444
vn -0.017810 -0.993499 -0.112444
vn 0.017810 -0.993498 -0.112444
vn 0.017810 -0.993499 -0.112444
vn 0.017810 -0.993499 -0.112444
vn 0.017810 -0.993499 -0.112444
vn 0.051684 -0.993499 -0.101437
vn 0.051684 -0.993499 -0.101437
vn 0.051684 -0.993499 -0.101437
vn 0.051684 -0.993499 -0.101437
vn 0.080500 -0.993499 -0.080500
vn 0.080500 -0.993499 -0.080500
vn 0.080500 -0.993499 -0.080500
vn 0.080500 -0.993499 -0.080500
vn 0.101436 -0.993499 -0.051684
vn 0.101436 -0.993499 -0.051684
vn 0.101436 -0.993499 -0.051684
vn 0.101436 -0.993499 -0.051684
vn 0.112442 -0.993499 -0.017809
vn 0.112442 -0.993499 -0.017809
vn 0.112442 -0.993499 -0.017809
vn 0.112442 -0.993499 -0.017809
vn 0.112442 -0.993499 0.017809
vn 0.112442 -0.993499 0.017809
vn 0.112442 -0.993499 0.017809
vn 0.112442 -0.993499 0.017809
vn 0.101436 -0.993499 0.051684
vn 0.101436 -0.993499 0.051684
vn 0.101436 -0.993499 0.051684
vn 0.101436 -0.993499 0.051684
vn 0.080500 -0.993499 0.080500
vn 0.080500 -0.993499 0.080500
vn 0.080500 -0.993499 0.080500
vn 0.080500 -0.993499 0.080500
vn 0.051685 -0.993499 0.101436
vn 0.051685 -0.993499 0.101436
vn 0.051685 -0.993499 0.101436
vn 0.051685 -0.993499 0.101436
vn 0.017809 -0.993499 0.112443
vn 0.017809 -0.993499 0.112443
vn 0.017809 -0.993499 0.112443
vn 0.017809 -0.993499 0.112443
vn -0.017809 -0.993499 0.112443
vn -0.017809 -0.993499 0.112443
vn -0.017809 -0.993499 0.112443
vn -0.017809 -0.993499 0.112443
vn -0.051685 -0.993499 0.101436
vn -0.051685 -0.993499 0.101436
vn -0.051685 -0.993499 0.101436
vn -0.051685 -0.993499 0.101436
vn -0.080500 -0.993499 0.080501
vn -0.080500 -0.993499 0.080501
vn -0.080500 -0.993499 0.080501
vn -0.080500 -0.993499 0.080501
vn -0.101436 -0.993499 0.051684
vn -0.101436 -0.993499 0.051684
vn -0.101436 -0.993499 0.051684
vn -0.101436 -0.993499 0.051684
vn -0.095193 -0.994987 0.030652
vn -0.000503 -1.000000 0.000384
vn -0.056241 -0.995377 0.077857
vn -0.080403 -0.995049 0.058417
vn -0.882951 -0.371610 0.286887
vn -0.928389 -0.371609 0.000000
vn -0.928389 -0.371609 0.000000
vn -0.882951 -0.371610 0.286886
vn -0.882950 -0.371608 -0.286891
vn -0.882950 -0.371608 -0.286892
vn -0.751084 -0.371607 -0.545694
vn -0.751083 -0.371607 -0.545694
vn -0.545696 -0.371610 -0.751080
vn -0.545696 -0.371610 -0.751080
vn -0.286887 -0.371611 -0.882950
vn -0.286888 -0.371611 -0.882950
vn -0.000002 -0.371610 -0.928389
vn -0.000001 -0.371610 -0.928389
vn 0.286889 -0.371609 -0.882950
vn 0.286889 -0.371609 -0.882950
vn 0.545695 -0.371610 -0.751081
vn 0.545696 -0.371610 -0.751081
vn 0.751083 -0.371608 -0.545694
vn 0.751084 -0.371608 -0.545693
vn 0.882950 -0.371609 -0.286889
vn 0.882950 -0.371609 -0.286890
vn 0.928389 -0.371610 -0.000000
vn 0.928389 -0.371610 0.000001
vn 0.882951 -0.371609 0.286888
vn 0.882951 -0.371609 0.286888
vn 0.751084 -0.371609 0.545692
vn 0.751084 -0.371609 0.545692
vn 0.545693 -0.371611 0.751082
vn 0.545695 -0.371611 0.751081
vn 0.286889 -0.371611 0.882950
vn 0.286889 -0.371611 0.882950
vn 0.000000 -0.371610 0.928389
vn 0.000001 -0.371610 0.928389
vn -0.286886 -0.371609 0.882951
vn -0.286888 -0.371609 0.882951
vn -0.545696 -0.371609 0.751081
vn -0.545695 -0.371609 0.751082
vn -0.751082 -0.371611 0.545694
vn -0.751083 -0.371611 0.545692
vn 0.685220 0.531623 -0.497846
vn 0.805526 0.531624 -0.261733
vn 0.805526 0.531624 -0.261732
vn 0.685224 0.531623 -0.497842
vn 0.497842 0.531622 -0.685224
vn 0.497841 0.531622 -0.685224
vn 0.261734 0.531625 -0.805525
vn 0.261729 0.531625 -0.805526
vn 0.000002 0.531625 -0.846980
vn 0.000004 0.531625 -0.846980
vn -0.261734 0.531623 -0.805526
vn -0.261730 0.531623 -0.805528
vn -0.497844 0.531627 -0.685219
vn -0.497854 0.531627 -0.685211
vn -0.685212 0.531627 -0.497853
vn -0.685208 0.531627 -0.497858
vn -0.805531 0.531621 -0.261721
vn -0.805531 0.531621 -0.261722
vn -0.846981 0.531624 -0.000003
vn -0.846981 0.531624 -0.000004
vn -0.805526 0.531624 0.261733
vn -0.805524 0.531624 0.261737
vn -0.685223 0.531624 0.497841
vn -0.685226 0.531624 0.497836
vn -0.497839 0.531622 0.685225
vn -0.497842 0.531622 0.685224
vn -0.261731 0.531624 0.805526
vn -0.261727 0.531624 0.805528
vn -0.000003 0.531625 0.846980
vn -0.000005 0.531625 0.846980
vn 0.261729 0.531624 0.805527
vn 0.261730 0.531624 0.805527
vn 0.497837 0.531628 0.685223
vn 0.497846 0.531628 0.685216
vn 0.685215 0.531627 0.497849
vn 0.685214 0.531627 0.497849
vn 0.805529 0.531623 0.261726
vn 0.805528 0.531623 0.261730
vn 0.846981 0.531623 -0.000005
vn 0.846981 0.531623 -0.000005
vn 0.951057 0.000014 -0.309016
vn 0.809017 0.000014 -0.587786
vn 0.808334 0.040933 -0.587299
vn 0.950260 0.040931 -0.308758
vn 0.587788 0.000015 -0.809015
vn 0.587297 0.040934 -0.808335
vn 0.309017 0.000015 -0.951057
vn 0.308748 0.040936 -0.950263
vn -0.000001 0.000016 -1.000000
vn 0.000013 0.040932 -0.999162
vn -0.309017 0.000016 -0.951056
vn -0.308765 0.040930 -0.950258
vn -0.587788 0.000016 -0.809015
vn -0.587291 0.040933 -0.808340
vn -0.809015 0.000015 -0.587788
vn -0.808340 0.040933 -0.587291
vn -0.951057 0.000015 -0.309017
vn -0.950259 0.040933 -0.308760
vn -1.000000 0.000015 0.000000
vn -0.999162 0.040931 0.000001
vn -0.951057 0.000015 0.309017
vn -0.950261 0.040930 0.308754
vn -0.809016 0.000015 0.587787
vn -0.808339 0.040929 0.587293
vn -0.587782 0.000015 0.809020
vn -0.587286 0.040932 0.808344
vn -0.309020 0.000015 0.951056
vn -0.308759 0.040934 0.950259
vn -0.000000 0.000015 1.000000
vn 0.000001 0.040933 0.999162
vn 0.309020 0.000015 0.951056
vn 0.308764 0.040933 0.950258
vn 0.587782 0.000015 0.809020
vn 0.587281 0.040929 0.808348
vn 0.809016 0.000015 0.587787
vn 0.808342 0.040929 0.587288
vn 0.951056 0.000015 0.309017
vn 0.950258 0.040932 0.308761
vn 1.000000 0.000015 0.000002
vn 0.999162 0.040931 -0.000000
vn 0.190857 0.976790 -0.097235
vn 0.190857 0.976790 -0.097235
vn 0.190857 0.976790 -0.097235
vn 0.190857 0.976790 -0.097235
vn -0.091798 0.994678 0.046778
vn -0.091798 0.994678 0.046778
vn -0.091798 0.994678 0.046778
vn -0.091798 0.994678 0.046778
vn 0.151455 0.976792 -0.151453
vn 0.151455 0.976792 -0.151453
vn 0.151455 0.976792 -0.151453
vn 0.151455 0.976792 -0.151453
vn -0.072859 0.994677 0.072868
vn -0.072859 0.994677 0.072868
vn -0.072859 0.994677 0.072868
vn -0.072859 0.994677 0.072868
vn 0.097234 0.976794 -0.190840
vn 0.097234 0.976794 -0.190840
vn 0.097234 0.976794 -0.190840
vn 0.097234 0.976794 -0.190840
vn -0.046772 0.994678 0.091799
vn -0.046772 0.994678 0.091799
vn -0.046772 0.994679 0.091799
vn -0.046772 0.994678 0.091799
vn 0.033512 0.976791 -0.211557
vn 0.033512 0.976791 -0.211557
vn 0.033512 0.976791 -0.211557
vn 0.033512 0.976791 -0.211557
vn -0.016114 0.994679 0.101755
vn -0.016114 0.994679 0.101755
vn -0.016114 0.994679 0.101755
vn -0.016114 0.994679 0.101755
vn -0.033509 0.976795 -0.211538
vn -0.033509 0.976795 -0.211538
vn -0.033509 0.976795 -0.211538
vn -0.033509 0.976795 -0.211538
vn 0.016114 0.994681 0.101733
vn 0.016114 0.994681 0.101733
vn 0.016114 0.994681 0.101733
vn 0.016114 0.994681 0.101733
vn -0.097230 0.976798 -0.190821
vn -0.097230 0.976798 -0.190821
vn -0.097230 0.976798 -0.190821
vn -0.097230 0.976798 -0.190821
vn 0.046774 0.994678 0.091809
vn 0.046774 0.994678 0.091809
vn 0.046774 0.994678 0.091809
vn 0.046774 0.994678 0.091809
vn -0.151479 0.976783 -0.151490
vn -0.151479 0.976783 -0.151490
vn -0.151479 0.976783 -0.151490
vn -0.151479 0.976783 -0.151490
vn 0.072854 0.994679 0.072846
vn 0.072854 0.994679 0.072846
vn 0.072854 0.994679 0.072846
vn 0.072854 0.994679 0.072846
vn -0.190849 0.976790 -0.097255
vn -0.190849 0.976790 -0.097255
vn -0.190849 0.976790 -0.097255
vn -0.190849 0.976790 -0.097255
vn 0.091793 0.994680 0.046759
vn 0.091793 0.994680 0.046759
vn 0.091793 0.994680 0.046759
vn 0.091793 0.994680 0.046759
vn -0.211560 0.976791 -0.033505
vn -0.211560 0.976791 -0.033505
vn -0.211560 0.976791 -0.033505
vn -0.211560 0.976791 -0.033505
vn 0.101744 0.994680 0.016119
vn 0.101744 0.994680 0.016119
vn 0.101744 0.994680 0.016119
vn 0.101744 0.994680 0.016119
vn -0.211543 0.976794 0.033502
vn -0.211543 0.976794 0.033502
vn -0.211543 0.976794 0.033502
vn -0.211543 0.976794 0.033502
vn 0.101744 0.994680 -0.016119
vn 0.101744 0.994680 -0.016119
vn 0.101744 0.994680 -0.016119
vn 0.101744 0.994680 -0.016119
vn -0.190860 0.976790 0.097232
vn -0.190860 0.976790 0.097232
vn -0.190860 0.976790 0.097232
vn -0.190860 0.976790 0.097232
vn 0.091788 0.994680 -0.046764
vn 0.091788 0.994680 -0.046764
vn 0.091788 0.994680 -0.046764
vn 0.091788 0.994680 -0.046764
vn -0.151454 0.976792 0.151455
vn -0.151454 0.976792 0.151455
vn -0.151454 0.976792 0.151455
vn -0.151454 0.976792 0.151455
vn 0.072851 0.994678 -0.072855
vn 0.072851 0.994678 -0.072855
vn 0.072851 0.994678 -0.072855
vn 0.072851 0.994678 -0.072855
vn -0.097235 0.976795 0.190830
vn -0.097235 0.976795 0.190830
vn -0.097235 0.976795 0.190830
vn -0.097235 0.976795 0.190830
vn 0.046776 0.994678 -0.091807
vn 0.046776 0.994678 -0.091807
vn 0.046776 0.994678 -0.091807
vn 0.046776 0.994678 -0.091807
vn -0.033510 0.976794 0.211544
vn -0.033510 0.976794 0.211544
vn -0.033510 0.976794 0.211544
vn -0.033510 0.976794 0.211544
vn 0.016115 0.994680 -0.101743
vn 0.016115 0.994680 -0.101743
vn 0.016115 0.994680 -0.101743
vn 0.016115 0.994680 -0.101743
vn 0.033510 0.976792 0.211555
vn 0.033510 0.976792 0.211555
vn 0.033510 0.976792 0.211555
vn 0.033510 0.976792 0.211555
vn -0.016116 0.994681 -0.101737
vn -0.016116 0.994681 -0.101737
vn -0.016116 0.994681 -0.101737
vn -0.016116 0.994681 -0.101737
vn 0.097234 0.976794 0.190836
vn 0.097234 0.976794 0.190836
vn 0.097234 0.976794 0.190836
vn 0.097234 0.976794 0.190836
vn -0.046760 0.994681 -0.091780
vn -0.046760 0.994681 -0.091780
vn -0.046760 0.994681 -0.091780
vn -0.046760 0.994681 -0.091780
vn 0.151467 0.976784 0.151494
vn 0.151467 0.976784 0.151494
vn 0.151467 0.976784 0.151494
vn 0.151467 0.976784 0.151494
vn -0.072835 0.994681 -0.072837
vn -0.072835 0.994681 -0.072837
vn -0.072835 0.994681 -0.072837
vn -0.072835 0.994681 -0.072837
vn 0.190858 0.976789 0.097250
vn 0.190858 0.976788 0.097250
vn 0.190858 0.976789 0.097250
vn 0.190858 0.976789 0.097250
vn -0.091791 0.994680 -0.046759
vn -0.091791 0.994680 -0.046759
vn -0.091791 0.994680 -0.046759
vn -0.091791 0.994680 -0.046759
vn 0.211557 0.976791 0.033505
vn 0.211557 0.976791 0.033505
vn 0.211557 0.976791 0.033505
vn 0.211557 0.976791 0.033505
vn -0.101737 0.994681 -0.016115
vn -0.101737 0.994681 -0.016115
vn -0.101737 0.994681 -0.016115
vn -0.101737 0.994681 -0.016115
vn 0.211558 0.976791 -0.033506
vn 0.211558 0.976791 -0.033506
vn 0.211558 0.976791 -0.033506
vn 0.211558 0.976791 -0.033506
vn -0.101741 0.994680 0.016114
vn -0.101741 0.994681 0.016114
vn -0.101741 0.994681 0.016114
vn -0.101741 0.994680 0.016114
vn -0.784311 0.245216 0.569847
vn -0.922021 0.245213 0.299579
vn -0.922020 0.245213 0.299582
vn -0.784311 0.245216 0.569848
vn 0.806452 0.079452 -0.585937
vn 0.948051 0.079449 -0.308037
vn -0.569833 0.245211 0.784323
vn -0.569836 0.245211 0.784320
vn 0.585928 0.079453 -0.806459
vn -0.299593 0.245205 0.922019
vn -0.299592 0.245205 0.922019
vn 0.308023 0.079456 -0.948055
vn -0.000003 0.245206 0.969471
vn -0.000003 0.245206 0.969471
vn 0.000015 0.079450 -0.996839
vn 0.299584 0.245209 0.922020
vn 0.299585 0.245209 0.922020
vn -0.308041 0.079445 -0.948050
vn 0.569836 0.245214 0.784319
vn 0.569838 0.245214 0.784318
vn -0.585925 0.079449 -0.806462
vn 0.784318 0.245216 0.569838
vn 0.784317 0.245216 0.569839
vn -0.806464 0.079450 -0.585921
vn 0.922021 0.245213 0.299579
vn 0.922021 0.245213 0.299579
vn -0.948051 0.079450 -0.308039
vn 0.969470 0.245212 0.000001
vn 0.969470 0.245212 0.000001
vn -0.996839 0.079448 0.000001
vn 0.922021 0.245211 -0.299581
vn 0.922021 0.245211 -0.299581
vn -0.948053 0.079446 0.308032
vn 0.784317 0.245210 -0.569842
vn 0.784318 0.245209 -0.569840
vn -0.806465 0.079444 0.585921
vn 0.569835 0.245206 -0.784322
vn 0.569837 0.245207 -0.784321
vn -0.585921 0.079448 0.806464
vn 0.299589 0.245207 -0.922019
vn 0.299588 0.245208 -0.922020
vn -0.308036 0.079453 0.948051
vn -0.000001 0.245210 -0.969470
vn -0.000001 0.245210 -0.969470
vn 0.000006 0.079452 0.996839
vn -0.299591 0.245207 -0.922019
vn -0.299590 0.245207 -0.922019
vn 0.308051 0.079451 0.948046
vn -0.569834 0.245205 -0.784323
vn -0.569836 0.245205 -0.784322
vn 0.585913 0.079444 0.806471
vn -0.784316 0.245209 -0.569843
vn -0.784317 0.245209 -0.569841
vn 0.806461 0.079444 0.585926
vn -0.922021 0.245211 -0.299582
vn -0.922021 0.245211 -0.299581
vn 0.948049 0.079449 0.308043
vn -0.969470 0.245210 0.000002
vn -0.969470 0.245211 0.000002
vn 0.996839 0.079448 -0.000001
vn 0.824081 0.499196 -0.267758
vn 0.701005 0.499196 -0.509309
vn 0.509309 0.499196 -0.701004
vn 0.267761 0.499196 -0.824080
vn 0.000000 0.499196 -0.866489
vn -0.267761 0.499196 -0.824080
vn -0.509310 0.499196 -0.701004
vn -0.701005 0.499196 -0.509309
vn -0.824081 0.499196 -0.267759
vn -0.866489 0.499196 0.000000
vn -0.824080 0.499196 0.267759
vn -0.701005 0.499196 0.509309
vn -0.509310 0.499196 0.701004
vn -0.267759 0.499196 0.824080
vn -0.000000 0.499196 0.866489
vn 0.267759 0.499196 0.824080
vn 0.509310 0.499197 0.701004
vn 0.701004 0.499196 0.509309
vn 0.824080 0.499196 0.267759
vn 0.866489 0.499196 0.000000
vn 0.937275 0.169623 -0.304538
vn 0.951029 0.007665 -0.309006
vn 0.808994 0.007665 -0.587767
vn 0.797294 0.169623 -0.579267
vn 0.893812 0.341701 -0.290415
vn 0.760322 0.341701 -0.552405
vn 0.587768 0.007665 -0.808993
vn 0.579267 0.169623 -0.797294
vn 0.552406 0.341701 -0.760321
vn 0.309008 0.007665 -0.951029
vn 0.304539 0.169623 -0.937275
vn 0.290417 0.341701 -0.893811
vn -0.000000 0.007665 -0.999971
vn -0.000000 0.169623 -0.985509
vn -0.000000 0.341700 -0.939809
vn -0.309008 0.007665 -0.951029
vn -0.304540 0.169623 -0.937275
vn -0.290418 0.341700 -0.893811
vn -0.587769 0.007665 -0.808993
vn -0.579268 0.169623 -0.797293
vn -0.552406 0.341700 -0.760321
vn -0.808994 0.007665 -0.587766
vn -0.797294 0.169623 -0.579267
vn -0.760322 0.341700 -0.552405
vn -0.951029 0.007665 -0.309007
vn -0.937275 0.169623 -0.304539
vn -0.893812 0.341700 -0.290416
vn -0.999971 0.007665 0.000000
vn -0.985509 0.169623 -0.000000
vn -0.939809 0.341700 0.000000
vn -0.951029 0.007665 0.309007
vn -0.937275 0.169623 0.304539
vn -0.893811 0.341701 0.290417
vn -0.808994 0.007665 0.587767
vn -0.797294 0.169623 0.579267
vn -0.760322 0.341701 0.552405
vn -0.587768 0.007665 0.808993
vn -0.579268 0.169623 0.797293
vn -0.552406 0.341701 0.760321
vn -0.309008 0.007665 0.951029
vn -0.304539 0.169624 0.937275
vn -0.290416 0.341701 0.893811
vn 0.000000 0.007665 0.999971
vn 0.000000 0.169624 0.985509
vn 0.000000 0.341701 0.939809
vn 0.309008 0.007665 0.951029
vn 0.304539 0.169624 0.937275
vn 0.290417 0.341701 0.893811
vn 0.587769 0.007665 0.808993
vn 0.579268 0.169623 0.797293
vn 0.552407 0.341701 0.760321
vn 0.808993 0.007665 0.587768
vn 0.797294 0.169623 0.579267
vn 0.760322 0.341701 0.552406
vn 0.951029 0.007665 0.309007
vn 0.937275 0.169623 0.304539
vn 0.893812 0.341700 0.290417
vn 0.999971 0.007665 0.000001
vn 0.985509 0.169623 0.000001
vn 0.939809 0.341701 0.000001
vn 0.846464 -0.455913 -0.275031
vn 0.950412 -0.036827 -0.308806
vn 0.999322 -0.036827 0.000001
vn 0.890025 -0.455913 0.000001
vn 0.720045 -0.455914 -0.523142
vn 0.808469 -0.036827 -0.587386
vn 0.950412 -0.036827 0.308807
vn 0.846463 -0.455913 0.275033
vn 0.808468 -0.036827 0.587386
vn 0.720044 -0.455914 0.523143
vn 0.587387 -0.036827 0.808468
vn 0.523142 -0.455914 0.720045
vn 0.308807 -0.036827 0.950411
vn 0.275032 -0.455915 0.846463
vn 0.000000 -0.036827 0.999322
vn -0.000000 -0.455916 0.890023
vn -0.308807 -0.036827 0.950411
vn -0.275032 -0.455915 0.846463
vn -0.587387 -0.036827 0.808468
vn -0.523142 -0.455915 0.720044
vn -0.808469 -0.036827 0.587386
vn -0.720045 -0.455914 0.523143
vn -0.950412 -0.036827 0.308807
vn -0.846463 -0.455913 0.275033
vn -0.999322 -0.036827 0.000000
vn -0.890024 -0.455913 0.000000
vn -0.950412 -0.036827 -0.308807
vn -0.846463 -0.455913 -0.275033
vn -0.808469 -0.036827 -0.587385
vn -0.720045 -0.455914 -0.523142
vn -0.587387 -0.036827 -0.808468
vn -0.523144 -0.455913 -0.720044
vn -0.308807 -0.036827 -0.950411
vn -0.275032 -0.455913 -0.846463
vn 0.000000 -0.036827 -0.999322
vn 0.000000 -0.455913 -0.890024
vn 0.308807 -0.036827 -0.950412
vn 0.275032 -0.455914 -0.846463
vn 0.587387 -0.036827 -0.808468
vn 0.523143 -0.455914 -0.720044
vn 0.683862 -0.694953 -0.222199
vn 0.581727 -0.694954 -0.422649
vn 0.422649 -0.694954 -0.581727
vn 0.222200 -0.694954 -0.683861
vn 0.000000 -0.694954 -0.719055
vn -0.222199 -0.694954 -0.683861
vn -0.422650 -0.694954 -0.581726
vn -0.581728 -0.694954 -0.422649
vn -0.683861 -0.694954 -0.222200
vn -0.719055 -0.694953 -0.000000
vn -0.683861 -0.694954 0.222201
vn -0.581727 -0.694954 0.422649
vn -0.422647 -0.694956 0.581727
vn -0.222200 -0.694956 0.683860
vn -0.000000 -0.694956 0.719052
vn 0.222200 -0.694955 0.683860
vn 0.422648 -0.694955 0.581727
vn 0.581727 -0.694954 0.422650
vn 0.683862 -0.694953 0.222201
vn 0.719055 -0.694953 0.000000
vn 0.080751 -0.994987 -0.058996
vn 0.057860 -0.995144 -0.079633
vn 0.059843 -0.994804 -0.082364
vn 0.082335 -0.994798 -0.059983
vn 0.096858 -0.994801 -0.031471
vn 0.094519 -0.995049 -0.030711
vn 0.101867 -0.994798 0.000132
vn 0.096044 -0.995377 0.000265
vn 0.087838 -0.995726 0.028539
vn 0.096826 -0.994804 0.031461
vn 0.072291 -0.996000 0.052522
vn 0.082365 -0.994804 0.059843
vn 0.051560 -0.996145 0.070964
vn 0.059842 -0.994804 0.082365
vn 0.027106 -0.996145 0.083424
vn 0.031462 -0.994804 0.096826
vn -0.000001 -0.996000 0.089356
vn 0.000000 -0.994804 0.101809
vn -0.028543 -0.995726 0.087837
vn -0.031462 -0.994804 0.096826
vn -0.059770 -0.994798 0.082490
vn -0.082393 -0.994800 0.059862
vn -0.096922 -0.994798 0.031353
vn -0.098434 -0.995144 0.000002
vn -0.101809 -0.994804 0.000000
vn -0.090625 -0.995450 -0.029444
vn -0.096827 -0.994804 -0.031461
vn -0.074938 -0.995701 -0.054442
vn -0.082366 -0.994804 -0.059841
vn -0.053569 -0.995839 -0.073727
vn -0.059843 -0.994804 -0.082364
vn -0.028162 -0.995839 -0.086673
vn -0.031461 -0.994804 -0.096825
vn 0.000002 -0.995701 -0.092626
vn 0.000000 -0.994804 -0.101808
vn 0.029447 -0.995450 -0.090623
vn 0.031461 -0.994804 -0.096825
vn 0.000606 -1.000000 -0.000181
vn -0.000025 -1.000000 0.000013
vn -0.000011 -1.000000 0.000006
vn -0.000003 -1.000000 0.000002
vn 0.000003 -1.000000 -0.000001
vn 0.000010 -1.000000 -0.000005
vn 0.000024 -1.000000 -0.000012
vn -0.926380 -0.376590 0.000000
vn -0.881040 -0.376590 0.286266
vn -0.830445 -0.487396 0.269826
vn -0.873181 -0.487396 0.000001
vn -0.881040 -0.376590 -0.286267
vn -0.830445 -0.487396 -0.269827
vn -0.749457 -0.376591 -0.544512
vn -0.706418 -0.487396 -0.513243
vn -0.544513 -0.376591 -0.749457
vn -0.513243 -0.487396 -0.706418
vn -0.286267 -0.376591 -0.881040
vn -0.269828 -0.487397 -0.830444
vn 0.000000 -0.376592 -0.926380
vn -0.000000 -0.487397 -0.873181
vn 0.286267 -0.376591 -0.881039
vn 0.269828 -0.487397 -0.830444
vn 0.544513 -0.376592 -0.749456
vn 0.513243 -0.487397 -0.706418
vn 0.749458 -0.376591 -0.544511
vn 0.706419 -0.487396 -0.513242
vn 0.881040 -0.376590 -0.286267
vn 0.830445 -0.487396 -0.269827
vn 0.926380 -0.376590 0.000000
vn 0.873181 -0.487396 -0.000000
vn 0.881040 -0.376589 0.286267
vn 0.830445 -0.487396 0.269826
vn 0.749457 -0.376589 0.544513
vn 0.706419 -0.487396 0.513242
vn 0.544514 -0.376590 0.749456
vn 0.513244 -0.487396 0.706418
vn 0.286268 -0.376590 0.881040
vn 0.269828 -0.487396 0.830444
vn -0.000000 -0.376590 0.926380
vn 0.000000 -0.487397 0.873181
vn -0.286267 -0.376590 0.881040
vn -0.269828 -0.487396 0.830445
vn -0.544513 -0.376590 0.749457
vn -0.513244 -0.487396 0.706418
vn -0.749458 -0.376590 0.544512
vn -0.706419 -0.487396 0.513242
vn 0.102029 0.994650 -0.016160
vn 0.102029 0.994650 -0.016160
vn 0.102029 0.994650 -0.016160
vn 0.102029 0.994650 -0.016160
vn 0.102029 0.994650 0.016160
vn 0.102029 0.994650 0.016160
vn 0.102029 0.994650 0.016160
vn 0.102029 0.994650 0.016160
vn 0.092042 0.994650 0.046898
vn 0.092042 0.994650 0.046898
vn 0.092042 0.994650 0.046898
vn 0.092042 0.994650 0.046898
vn 0.073045 0.994650 0.073045
vn 0.073045 0.994650 0.073045
vn 0.073045 0.994650 0.073045
vn 0.073045 0.994650 0.073045
vn 0.046898 0.994650 0.092043
vn 0.046898 0.994650 0.092043
vn 0.046898 0.994650 0.092043
vn 0.046898 0.994650 0.092043
vn 0.016161 0.994650 0.102031
vn 0.016161 0.994650 0.102031
vn 0.016161 0.994650 0.102031
vn 0.016161 0.994650 0.102031
vn -0.016161 0.994650 0.102031
vn -0.016161 0.994650 0.102031
vn -0.016161 0.994650 0.102031
vn -0.016161 0.994650 0.102031
vn -0.046898 0.994650 0.092043
vn -0.046898 0.994650 0.092043
vn -0.046898 0.994650 0.092043
vn -0.046898 0.994650 0.092043
vn -0.073045 0.994650 0.073046
vn -0.073045 0.994650 0.073046
vn -0.073045 0.994650 0.073046
vn -0.073045 0.994650 0.073046
vn -0.092043 0.994650 0.046898
vn -0.092043 0.994650 0.046898
vn -0.092043 0.994650 0.046898
vn -0.092043 0.994650 0.046898
vn -0.102029 0.994650 0.016160
vn -0.102029 0.994650 0.016160
vn -0.102029 0.994650 0.016160
vn -0.102029 0.994650 0.016160
vn -0.102029 0.994650 -0.016160
vn -0.102029 0.994650 -0.016160
vn -0.102029 0.994650 -0.016160
vn -0.102029 0.994650 -0.016160
vn -0.092042 0.994650 -0.046898
vn -0.092042 0.994650 -0.046898
vn -0.092042 0.994650 -0.046898
vn -0.092042 0.994650 -0.046898
vn -0.073045 0.994650 -0.073045
vn -0.073045 0.994650 -0.073045
vn -0.073045 0.994650 -0.073045
vn -0.073045 0.994650 -0.073045
vn -0.046898 0.994650 -0.092042
vn -0.046898 0.994650 -0.092042
vn -0.046898 0.994650 -0.092042
vn -0.046898 0.994650 -0.092042
vn -0.016160 0.994650 -0.102030
vn -0.016160 0.994650 -0.102030
vn -0.016160 0.994650 -0.102030
vn -0.016160 0.994650 -0.102030
vn 0.016160 0.994650 -0.102030
vn 0.016160 0.994650 -0.102030
vn 0.016160 0.994650 -0.102030
vn 0.016160 0.994650 -0.102030
vn 0.046898 0.994650 -0.092042
vn 0.046898 0.994650 -0.092042
vn 0.046898 0.994650 -0.092042
vn 0.046898 0.994650 -0.092042
vn 0.073045 0.994650 -0.073046
vn 0.073045 0.994650 -0.073046
vn 0.073045 0.994650 -0.073046
vn 0.073045 0.994650 -0.073046
vn 0.092042 0.994650 -0.046897
vn 0.092042 0.994650 -0.046897
vn 0.092042 0.994650 -0.046897
vn 0.092042 0.994650 -0.046897
vn 0.095797 0.994914 -0.031128
vn 0.081114 0.994961 -0.058933
vn 0.057339 0.995231 -0.078917
vn 0.000002 1.000000 -0.000001
vn 0.882951 0.371610 -0.286887
vn 0.882951 0.371610 -0.286887
vn 0.928389 0.371610 0.000000
vn 0.928389 0.371610 0.000000
vn 0.882950 0.371609 0.286890
vn 0.882950 0.371609 0.286890
vn 0.751083 0.371609 0.545694
vn 0.751083 0.371609 0.545694
vn 0.545696 0.371611 0.751080
vn 0.545696 0.371611 0.751080
vn 0.286888 0.371610 0.882950
vn 0.286888 0.371610 0.882950
vn -0.000000 0.371610 0.928389
vn -0.000000 0.371610 0.928389
vn -0.286888 0.371610 0.882950
vn -0.286888 0.371610 0.882951
vn -0.545696 0.371610 0.751081
vn -0.545696 0.371610 0.751081
vn -0.751083 0.371609 0.545693
vn -0.751083 0.371609 0.545693
vn -0.882950 0.371610 0.286890
vn -0.882950 0.371610 0.286890
vn -0.928389 0.371610 -0.000000
vn -0.928389 0.371610 -0.000000
vn -0.882951 0.371610 -0.286888
vn -0.882951 0.371610 -0.286888
vn -0.751084 0.371610 -0.545692
vn -0.751083 0.371610 -0.545692
vn -0.545695 0.371610 -0.751081
vn -0.545695 0.371610 -0.751081
vn -0.286888 0.371610 -0.882950
vn -0.286888 0.371610 -0.882950
vn 0.000000 0.371610 -0.928389
vn 0.000000 0.371610 -0.928389
vn 0.286887 0.371610 -0.882950
vn 0.286887 0.371610 -0.882950
vn 0.545695 0.371610 -0.751081
vn 0.545695 0.371610 -0.751082
vn 0.751083 0.371610 -0.545692
vn 0.751083 0.371610 -0.545692
vn -0.856717 -0.434224 0.278363
vn -0.856717 -0.434224 0.278363
vn -0.728765 -0.434223 0.529483
vn -0.728765 -0.434223 0.529483
vn -0.529482 -0.434223 0.728766
vn -0.529482 -0.434223 0.728766
vn -0.278365 -0.434220 0.856718
vn -0.278365 -0.434220 0.856718
vn 0.000000 -0.434219 0.900807
vn -0.000000 -0.434219 0.900807
vn 0.278366 -0.434221 0.856718
vn 0.278366 -0.434221 0.856718
vn 0.529482 -0.434223 0.728766
vn 0.529482 -0.434223 0.728766
vn 0.728765 -0.434223 0.529483
vn 0.728765 -0.434223 0.529483
vn 0.856717 -0.434224 0.278363
vn 0.856717 -0.434224 0.278363
vn 0.900805 -0.434223 0.000001
vn 0.900805 -0.434223 0.000001
vn 0.856717 -0.434223 -0.278364
vn 0.856717 -0.434223 -0.278364
vn 0.728768 -0.434221 -0.529481
vn 0.728768 -0.434221 -0.529480
vn 0.529480 -0.434222 -0.728767
vn 0.529480 -0.434222 -0.728767
vn 0.278363 -0.434222 -0.856718
vn 0.278363 -0.434222 -0.856718
vn 0.000000 -0.434223 -0.900806
vn 0.000000 -0.434223 -0.900806
vn -0.278364 -0.434223 -0.856717
vn -0.278364 -0.434223 -0.856717
vn -0.529481 -0.434222 -0.728767
vn -0.529481 -0.434222 -0.728767
vn -0.728768 -0.434220 -0.529481
vn -0.728769 -0.434220 -0.529480
vn -0.856717 -0.434222 -0.278365
vn -0.856717 -0.434222 -0.278365
vn -0.900805 -0.434223 -0.000001
vn -0.900805 -0.434223 -0.000001
vn -0.951057 0.000000 0.309017
vn -0.950075 -0.045424 0.308699
vn -0.808180 -0.045424 0.587181
vn -0.809015 0.000000 0.587788
vn -0.587180 -0.045425 0.808181
vn -0.587788 0.000000 0.809015
vn -0.308698 -0.045426 0.950075
vn -0.309018 0.000000 0.951056
vn -0.000001 -0.045426 0.998968
vn 0.000000 0.000000 1.000000
vn 0.308698 -0.045424 0.950075
vn 0.309018 0.000000 0.951056
vn 0.587181 -0.045423 0.808181
vn 0.587788 0.000000 0.809015
vn 0.808180 -0.045423 0.587181
vn 0.809015 0.000000 0.587788
vn 0.950075 -0.045424 0.308698
vn 0.951056 0.000000 0.309017
vn 0.998968 -0.045423 0.000000
vn 1.000000 0.000000 0.000000
vn 0.950075 -0.045423 -0.308698
vn 0.951057 0.000000 -0.309017
vn 0.808181 -0.045423 -0.587180
vn 0.809016 0.000000 -0.587787
vn 0.587173 -0.045423 -0.808186
vn 0.587781 0.000000 -0.809020
vn 0.308701 -0.045424 -0.950074
vn 0.309021 0.000000 -0.951055
vn 0.000000 -0.045424 -0.998968
vn 0.000000 0.000000 -1.000000
vn -0.308701 -0.045423 -0.950074
vn -0.309021 0.000000 -0.951055
vn -0.587174 -0.045423 -0.808186
vn -0.587781 0.000000 -0.809020
vn -0.808181 -0.045423 -0.587180
vn -0.809016 0.000000 -0.587787
vn -0.950075 -0.045423 -0.308698
vn -0.951057 0.000000 -0.309017
vn -0.998968 -0.045423 -0.000000
vn -1.000000 0.000000 -0.000000
vn 0.183864 0.978476 -0.093692
vn 0.183864 0.978476 -0.093692
vn 0.183864 0.978476 -0.093692
vn 0.183864 0.978476 -0.093692
vn 0.183860 -0.978478 -0.093682
vn 0.183859 -0.978478 -0.093682
vn 0.183860 -0.978478 -0.093682
vn 0.183859 -0.978478 -0.093682
vn 0.145918 0.978476 -0.145920
vn 0.145918 0.978476 -0.145920
vn 0.145918 0.978476 -0.145920
vn 0.145918 0.978476 -0.145920
vn 0.145912 -0.978478 -0.145913
vn 0.145912 -0.978478 -0.145913
vn 0.145912 -0.978478 -0.145913
vn 0.145912 -0.978478 -0.145913
vn 0.093685 0.978477 -0.183865
vn 0.093685 0.978477 -0.183865
vn 0.093685 0.978477 -0.183865
vn 0.093685 0.978477 -0.183865
vn 0.093679 -0.978478 -0.183863
vn 0.093679 -0.978478 -0.183863
vn 0.093679 -0.978478 -0.183863
vn 0.093679 -0.978478 -0.183863
vn 0.032282 0.978476 -0.203818
vn 0.032282 0.978477 -0.203818
vn 0.032282 0.978477 -0.203818
vn 0.032282 0.978476 -0.203818
vn 0.032283 -0.978478 -0.203811
vn 0.032283 -0.978478 -0.203811
vn 0.032283 -0.978478 -0.203811
vn 0.032283 -0.978478 -0.203811
vn -0.032282 0.978476 -0.203818
vn -0.032282 0.978477 -0.203818
vn -0.032282 0.978477 -0.203818
vn -0.032282 0.978476 -0.203818
vn -0.032281 -0.978480 -0.203801
vn -0.032281 -0.978480 -0.203801
vn -0.032281 -0.978480 -0.203801
vn -0.032281 -0.978480 -0.203801
vn -0.093685 0.978477 -0.183865
vn -0.093685 0.978477 -0.183865
vn -0.093685 0.978477 -0.183865
vn -0.093685 0.978477 -0.183865
vn -0.093680 -0.978478 -0.183864
vn -0.093680 -0.978477 -0.183864
vn -0.093680 -0.978478 -0.183864
vn -0.093680 -0.978478 -0.183864
vn -0.145918 0.978476 -0.145921
vn -0.145918 0.978476 -0.145921
vn -0.145918 0.978476 -0.145921
vn -0.145918 0.978476 -0.145921
vn -0.145912 -0.978478 -0.145913
vn -0.145912 -0.978478 -0.145913
vn -0.145912 -0.978478 -0.145913
vn -0.145912 -0.978478 -0.145913
vn -0.183865 0.978477 -0.093681
vn -0.183865 0.978477 -0.093681
vn -0.183865 0.978477 -0.093681
vn -0.183865 0.978477 -0.093681
vn -0.183860 -0.978478 -0.093681
vn -0.183860 -0.978478 -0.093682
vn -0.183860 -0.978478 -0.093681
vn -0.183860 -0.978478 -0.093682
vn -0.203817 0.978477 -0.032275
vn -0.203817 0.978477 -0.032275
vn -0.203817 0.978477 -0.032275
vn -0.203817 0.978477 -0.032275
vn -0.203808 -0.978479 -0.032277
vn -0.203808 -0.978479 -0.032277
vn -0.203808 -0.978479 -0.032277
vn -0.203808 -0.978479 -0.032277
vn -0.203816 0.978477 0.032276
vn -0.203816 0.978477 0.032276
vn -0.203816 0.978477 0.032276
vn -0.203816 0.978477 0.032276
vn -0.203809 -0.978479 0.032271
vn -0.203809 -0.978479 0.032271
vn -0.203809 -0.978479 0.032271
vn -0.203809 -0.978479 0.032271
vn -0.183865 0.978476 0.093690
vn -0.183865 0.978476 0.093690
vn -0.183865 0.978476 0.093690
vn -0.183865 0.978476 0.093690
vn -0.183858 -0.978478 0.093687
vn -0.183858 -0.978478 0.093687
vn -0.183858 -0.978478 0.093687
vn -0.183858 -0.978478 0.093687
vn -0.145917 0.978476 0.145922
vn -0.145917 0.978476 0.145922
vn -0.145917 0.978476 0.145922
vn -0.145917 0.978476 0.145922
vn -0.145909 -0.978479 0.145910
vn -0.145909 -0.978479 0.145910
vn -0.145909 -0.978479 0.145910
vn -0.145909 -0.978479 0.145910
vn -0.093684 0.978476 0.183868
vn -0.093684 0.978476 0.183868
vn -0.093684 0.978476 0.183868
vn -0.093684 0.978476 0.183868
vn -0.093678 -0.978478 0.183863
vn -0.093678 -0.978478 0.183863
vn -0.093678 -0.978478 0.183863
vn -0.093678 -0.978478 0.183863
vn -0.032284 0.978477 0.203816
vn -0.032284 0.978477 0.203816
vn -0.032284 0.978477 0.203816
vn -0.032284 0.978477 0.203816
vn -0.032284 -0.978478 0.203811
vn -0.032284 -0.978478 0.203811
vn -0.032284 -0.978478 0.203811
vn -0.032284 -0.978478 0.203811
vn 0.032284 0.978477 0.203816
vn 0.032284 0.978477 0.203816
vn 0.032284 0.978477 0.203816
vn 0.032284 0.978477 0.203816
vn 0.032284 -0.978478 0.203810
vn 0.032284 -0.978478 0.203810
vn 0.032284 -0.978478 0.203810
vn 0.032284 -0.978478 0.203810
vn 0.093684 0.978476 0.183868
vn 0.093684 0.978476 0.183868
vn 0.093684 0.978476 0.183868
vn 0.093684 0.978476 0.183868
vn 0.093678 -0.978478 0.183864
vn 0.093678 -0.978478 0.183864
vn 0.093678 -0.978478 0.183864
vn 0.093678 -0.978478 0.183864
vn 0.145917 0.978477 0.145917
vn 0.145917 0.978477 0.145917
vn 0.145917 0.978477 0.145917
vn 0.145917 0.978477 0.145917
vn 0.145909 -0.978480 0.145905
vn 0.145909 -0.978480 0.145905
vn 0.145909 -0.978480 0.145905
vn 0.145909 -0.978480 0.145905
vn 0.183866 0.978476 0.093690
vn 0.183866 0.978476 0.093690
vn 0.183866 0.978476 0.093690
vn 0.183866 0.978476 0.093690
vn 0.183858 -0.978478 0.093687
vn 0.183858 -0.978478 0.093687
vn 0.183858 -0.978478 0.093687
vn 0.183858 -0.978478 0.093687
vn 0.203817 0.978477 0.032276
vn 0.203817 0.978477 0.032276
vn 0.203817 0.978477 0.032276
vn 0.203817 0.978477 0.032276
vn 0.203808 -0.978479 0.032277
vn 0.203808 -0.978479 0.032277
vn 0.203808 -0.978479 0.032277
vn 0.203808 -0.978479 0.032277
vn 0.203817 0.978477 -0.032275
vn 0.203817 0.978477 -0.032275
vn 0.203817 0.978477 -0.032275
vn 0.203817 0.978477 -0.032275
vn 0.203808 -0.978479 -0.032277
vn 0.203808 -0.978479 -0.032277
vn 0.203808 -0.978479 -0.032277
vn 0.203808 -0.978479 -0.032277
vn 0.806253 0.082572 -0.585779
vn 0.806252 0.082572 -0.585781
vn 0.947809 0.082574 -0.307959
vn 0.947809 0.082574 -0.307961
vn -0.947809 -0.082573 0.307961
vn -0.806253 -0.082572 0.585780
vn 0.585777 0.082575 -0.806255
vn 0.585778 0.082575 -0.806254
vn -0.585779 -0.082574 0.806253
vn 0.307967 0.082579 -0.947807
vn 0.307967 0.082579 -0.947806
vn -0.307961 -0.082576 0.947809
vn 0.000003 0.082578 -0.996585
vn 0.000003 0.082578 -0.996585
vn -0.000002 -0.082575 0.996585
vn -0.307965 0.082575 -0.947807
vn -0.307965 0.082575 -0.947807
vn 0.307961 -0.082573 0.947809
vn -0.585778 0.082571 -0.806255
vn -0.585778 0.082571 -0.806255
vn 0.585779 -0.082571 0.806254
vn -0.806253 0.082571 -0.585780
vn -0.806252 0.082571 -0.585781
vn 0.806253 -0.082571 0.585780
vn -0.947809 0.082573 -0.307960
vn -0.947810 0.082573 -0.307959
vn 0.947809 -0.082571 0.307960
vn -0.996585 0.082573 -0.000000
vn -0.996585 0.082573 0.000000
vn 0.996585 -0.082571 0.000000
vn -0.947809 0.082573 0.307962
vn -0.947809 0.082573 0.307962
vn 0.947809 -0.082571 -0.307961
vn -0.806253 0.082574 0.585780
vn -0.806253 0.082574 0.585779
vn 0.806254 -0.082570 -0.585779
vn -0.585774 0.082576 0.806257
vn -0.585775 0.082576 0.806256
vn 0.585772 -0.082570 -0.806259
vn -0.307965 0.082575 0.947807
vn -0.307965 0.082575 0.947807
vn 0.307964 -0.082571 -0.947808
vn 0.000000 0.082574 0.996585
vn 0.000000 0.082574 0.996585
vn 0.000000 -0.082573 -0.996585
vn 0.307965 0.082576 0.947807
vn 0.307965 0.082576 0.947807
vn -0.307964 -0.082571 -0.947808
vn 0.585773 0.082577 0.806258
vn 0.585774 0.082577 0.806257
vn -0.585772 -0.082570 -0.806259
vn 0.806253 0.082575 0.585780
vn 0.806253 0.082575 0.585780
vn -0.806254 -0.082570 -0.585779
vn 0.947809 0.082574 0.307962
vn 0.947808 0.082574 0.307962
vn -0.947809 -0.082570 -0.307961
vn 0.996585 0.082573 0.000000
vn 0.996585 0.082573 0.000001
vn -0.996585 -0.082571 -0.000001
vn -0.815401 -0.514713 0.264938
vn -0.693622 -0.514713 0.503944
vn -0.503945 -0.514712 0.693621
vn -0.264940 -0.514712 0.815401
vn 0.000000 -0.514712 0.857363
vn 0.264940 -0.514712 0.815401
vn 0.503946 -0.514712 0.693621
vn 0.693622 -0.514712 0.503944
vn 0.815401 -0.514712 0.264939
vn 0.857363 -0.514712 -0.000000
vn 0.815401 -0.514712 -0.264939
vn 0.693622 -0.514712 -0.503945
vn 0.503946 -0.514712 -0.693621
vn 0.264939 -0.514712 -0.815401
vn -0.000000 -0.514711 -0.857363
vn -0.264939 -0.514712 -0.815401
vn -0.503946 -0.514712 -0.693621
vn -0.693621 -0.514712 -0.503946
vn -0.815401 -0.514712 -0.264940
vn -0.857363 -0.514712 -0.000000
vn -0.936347 -0.175198 0.304236
vn -0.796505 -0.175198 0.578693
vn -0.808993 -0.007755 0.587767
vn -0.951028 -0.007755 0.309006
vn -0.756878 -0.353189 0.549903
vn -0.889763 -0.353189 0.289100
vn -0.578694 -0.175198 0.796504
vn -0.587768 -0.007755 0.808993
vn -0.549904 -0.353189 0.756878
vn -0.304237 -0.175198 0.936347
vn -0.309007 -0.007755 0.951028
vn -0.289101 -0.353188 0.889763
vn -0.000000 -0.175198 0.984533
vn 0.000000 -0.007755 0.999970
vn 0.000000 -0.353188 0.935552
vn 0.304238 -0.175198 0.936347
vn 0.309008 -0.007755 0.951028
vn 0.289102 -0.353188 0.889763
vn 0.578695 -0.175198 0.796504
vn 0.587768 -0.007755 0.808992
vn 0.549905 -0.353188 0.756877
vn 0.796505 -0.175198 0.578693
vn 0.808994 -0.007755 0.587766
vn 0.756879 -0.353188 0.549903
vn 0.936347 -0.175198 0.304237
vn 0.951028 -0.007755 0.309007
vn 0.889763 -0.353188 0.289101
vn 0.984533 -0.175198 0.000000
vn 0.999970 -0.007755 0.000000
vn 0.935552 -0.353188 0.000000
vn 0.936347 -0.175198 -0.304237
vn 0.951028 -0.007755 -0.309007
vn 0.889763 -0.353188 -0.289101
vn 0.796505 -0.175198 -0.578693
vn 0.808993 -0.007755 -0.587767
vn 0.756878 -0.353188 -0.549903
vn 0.578695 -0.175199 -0.796504
vn 0.587768 -0.007755 -0.808992
vn 0.549904 -0.353189 -0.756877
vn 0.304237 -0.175199 -0.936347
vn 0.309008 -0.007755 -0.951028
vn 0.289101 -0.353189 -0.889763
vn -0.000000 -0.175199 -0.984533
vn -0.000000 -0.007755 -0.999970
vn -0.000000 -0.353189 -0.935552
vn -0.304238 -0.175199 -0.936347
vn -0.309008 -0.007755 -0.951028
vn -0.289101 -0.353189 -0.889763
vn -0.578695 -0.175198 -0.796504
vn -0.587768 -0.007755 -0.808992
vn -0.549904 -0.353188 -0.756877
vn -0.796505 -0.175198 -0.578694
vn -0.808993 -0.007755 -0.587767
vn -0.756878 -0.353188 -0.549904
vn -0.936347 -0.175198 -0.304237
vn -0.951028 -0.007755 -0.309007
vn -0.889763 -0.353188 -0.289102
vn -0.984533 -0.175198 -0.000002
vn -0.999970 -0.007755 -0.000001
vn -0.935552 -0.353188 -0.000001
vn -0.844593 0.459733 0.274424
vn -0.888057 0.459733 -0.000001
vn -0.999350 0.036051 -0.000001
vn -0.950439 0.036051 0.308815
vn -0.808492 0.036051 0.587402
vn -0.718454 0.459733 0.521986
vn -0.844593 0.459733 -0.274425
vn -0.950438 0.036051 -0.308816
vn -0.718453 0.459733 -0.521987
vn -0.808491 0.036051 -0.587403
vn -0.521986 0.459734 -0.718453
vn -0.587404 0.036051 -0.808491
vn -0.274425 0.459734 -0.844592
vn -0.308816 0.036051 -0.950438
vn -0.000000 0.459736 -0.888056
vn -0.000000 0.036051 -0.999350
vn 0.274424 0.459734 -0.844592
vn 0.308816 0.036051 -0.950438
vn 0.521986 0.459734 -0.718453
vn 0.587404 0.036051 -0.808491
vn 0.718453 0.459734 -0.521986
vn 0.808492 0.036051 -0.587402
vn 0.844593 0.459733 -0.274425
vn 0.950438 0.036051 -0.308816
vn 0.888057 0.459733 0.000000
vn 0.999350 0.036051 -0.000000
vn 0.844593 0.459733 0.274425
vn 0.950438 0.036051 0.308815
vn 0.718454 0.459733 0.521986
vn 0.808492 0.036051 0.587402
vn 0.521988 0.459733 0.718453
vn 0.587404 0.036051 0.808490
vn 0.274424 0.459733 0.844593
vn 0.308816 0.036051 0.950438
vn 0.000000 0.459733 0.888057
vn -0.000000 0.036051 0.999350
vn -0.274424 0.459734 0.844593
vn -0.308815 0.036051 0.950438
vn -0.521987 0.459734 0.718453
vn -0.587403 0.036051 0.808491
vn -0.670853 0.708833 0.217973
vn -0.570662 0.708833 0.414609
vn -0.414610 0.708834 0.570661
vn -0.217973 0.708833 0.670852
vn 0.000000 0.708833 0.705376
vn 0.217973 0.708833 0.670853
vn 0.414610 0.708834 0.570661
vn 0.570662 0.708833 0.414609
vn 0.670853 0.708833 0.217973
vn 0.705377 0.708833 0.000000
vn 0.670852 0.708833 -0.217974
vn 0.570661 0.708834 -0.414609
vn 0.414607 0.708835 -0.570661
vn 0.217973 0.708835 -0.670851
vn -0.000000 0.708836 -0.705374
vn -0.217973 0.708835 -0.670851
vn -0.414607 0.708835 -0.570661
vn -0.570661 0.708834 -0.414610
vn -0.670853 0.708833 -0.217974
vn -0.705377 0.708832 -0.000000
vn -0.786294 -0.562557 0.255481
vn -0.786294 -0.562557 0.255481
vn -0.826759 -0.562557 0.000001
vn -0.826759 -0.562557 0.000001
vn -0.786294 -0.562558 -0.255482
vn -0.786294 -0.562558 -0.255483
vn -0.668862 -0.562558 -0.485956
vn -0.668862 -0.562558 -0.485956
vn -0.485957 -0.562558 -0.668860
vn -0.485957 -0.562558 -0.668860
vn -0.255482 -0.562557 -0.786294
vn -0.255482 -0.562557 -0.786294
vn -0.000000 -0.562558 -0.826758
vn -0.000000 -0.562558 -0.826758
vn 0.255481 -0.562558 -0.786294
vn 0.255481 -0.562558 -0.786294
vn 0.485958 -0.562559 -0.668859
vn 0.485958 -0.562559 -0.668859
vn 0.668862 -0.562557 -0.485955
vn 0.668862 -0.562557 -0.485955
vn 0.786294 -0.562557 -0.255482
vn 0.786294 -0.562557 -0.255483
vn 0.826759 -0.562557 0.000001
vn 0.826759 -0.562557 0.000001
vn 0.786294 -0.562557 0.255481
vn 0.786294 -0.562557 0.255481
vn 0.668861 -0.562557 0.485958
vn 0.668860 -0.562557 0.485958
vn 0.485957 -0.562557 0.668861
vn 0.485957 -0.562557 0.668862
vn 0.255483 -0.562557 0.786294
vn 0.255483 -0.562557 0.786294
vn 0.000000 -0.562558 0.826758
vn 0.000000 -0.562558 0.826758
vn -0.255481 -0.562558 0.786293
vn -0.255481 -0.562558 0.786294
vn -0.485956 -0.562558 0.668861
vn -0.485956 -0.562558 0.668861
vn -0.668861 -0.562558 0.485957
vn -0.668861 -0.562558 0.485957
vn -0.081491 0.994914 0.059205
vn -0.082379 0.994802 0.059850
vn -0.059852 0.994802 0.082377
vn -0.058404 0.995051 0.080384
vn -0.096842 0.994802 0.031466
vn -0.095354 0.994961 0.030982
vn -0.101825 0.994802 0.000001
vn -0.097548 0.995231 0.000001
vn -0.089976 0.995515 -0.029235
vn -0.096841 0.994802 -0.031466
vn -0.074604 0.995739 -0.054204
vn -0.082378 0.994802 -0.059852
vn -0.053428 0.995860 -0.073537
vn -0.059852 0.994802 -0.082378
vn -0.028090 0.995860 -0.086447
vn -0.031467 0.994802 -0.096841
vn -0.000000 0.995739 -0.092215
vn -0.000000 0.994802 -0.101825
vn 0.029236 0.995515 -0.089975
vn 0.031467 0.994802 -0.096841
vn 0.059853 0.994802 -0.082378
vn 0.082379 0.994802 -0.059852
vn 0.096842 0.994802 -0.031467
vn 0.099362 0.995051 -0.000000
vn 0.101825 0.994802 -0.000000
vn 0.092205 0.995289 0.029959
vn 0.096842 0.994802 0.031466
vn 0.076756 0.995489 0.055765
vn 0.082380 0.994802 0.059850
vn 0.055076 0.995601 0.075803
vn 0.059852 0.994802 0.082377
vn 0.028954 0.995601 0.089112
vn 0.031466 0.994802 0.096841
vn -0.000000 0.995489 0.094874
vn -0.000000 0.994802 0.101824
vn -0.029959 0.995289 0.092204
vn -0.031466 0.994802 0.096841
vn -0.000002 1.000000 0.000001
vn -0.000000 1.000000 0.000000
vn 0.000000 1.000000 -0.000001
vn -0.000000 1.000000 -0.000000
vn 0.000000 1.000000 -0.000000
vn 0.000001 1.000000 -0.000000
vn 0.000001 1.000000 -0.000000
vn 0.224257 -0.960813 -0.162934
vn 0.263628 -0.960814 -0.085658
vn 0.263627 -0.960814 -0.085659
vn 0.224257 -0.960813 -0.162933
vn 0.162939 -0.960812 -0.224255
vn 0.162940 -0.960812 -0.224255
vn 0.085665 -0.960807 -0.263650
vn 0.085664 -0.960807 -0.263650
vn 0.000000 -0.960806 -0.277221
vn -0.000001 -0.960806 -0.277221
vn -0.085665 -0.960808 -0.263645
vn -0.085664 -0.960808 -0.263645
vn -0.162936 -0.960811 -0.224262
vn -0.162936 -0.960811 -0.224262
vn -0.224254 -0.960814 -0.162932
vn -0.224255 -0.960814 -0.162930
vn -0.263628 -0.960814 -0.085661
vn -0.263628 -0.960814 -0.085662
vn -0.277195 -0.960814 -0.000006
vn -0.277195 -0.960814 -0.000006
vn -0.263634 -0.960813 0.085653
vn -0.263634 -0.960813 0.085653
vn -0.224267 -0.960811 0.162933
vn -0.224267 -0.960811 0.162934
vn -0.162939 -0.960808 0.224275
vn -0.162940 -0.960808 0.224275
vn -0.085662 -0.960806 0.263654
vn -0.085661 -0.960806 0.263654
vn 0.000000 -0.960808 0.277214
vn 0.000000 -0.960808 0.277214
vn 0.085662 -0.960811 0.263635
vn 0.085661 -0.960811 0.263635
vn 0.162940 -0.960811 0.224262
vn 0.162941 -0.960811 0.224262
vn 0.224266 -0.960811 0.162933
vn 0.224266 -0.960811 0.162933
vn 0.263633 -0.960813 0.085653
vn 0.263632 -0.960813 0.085653
vn 0.277196 -0.960814 0.000003
vn 0.277196 -0.960814 0.000003
s 1
g polySurface7 group1 pCylinder5
usemtl standardSurface2SG
f 390/367/1 389/1/2 391/2/3 392/366/4
f 394/368/5 393/3/6 389/1/2 390/367/1
f 396/369/7 395/4/8 393/3/6 394/368/5
f 398/370/9 397/5/10 395/4/8 396/369/7
f 400/371/11 399/6/12 397/5/10 398/370/9
f 402/372/13 401/7/14 399/6/12 400/371/11
f 404/373/15 403/8/16 401/7/14 402/372/13
f 406/374/17 405/9/18 403/8/16 404/373/15
f 408/375/19 407/10/20 405/9/18 406/374/17
f 410/376/21 409/11/22 407/10/20 408/375/19
f 412/377/23 411/12/24 409/11/22 410/376/21
f 414/378/25 413/13/26 411/12/24 412/377/23
f 416/379/27 415/14/28 413/13/26 414/378/25
f 418/380/29 417/15/30 415/14/28 416/379/27
f 420/381/31 419/16/32 417/15/30 418/380/29
f 422/382/33 421/17/34 419/16/32 420/381/31
f 424/383/35 423/18/36 421/17/34 422/382/33
f 426/384/37 425/19/38 423/18/36 424/383/35
f 428/385/39 427/20/40 425/19/38 426/384/37
f 392/366/4 391/2/3 427/20/40 428/385/39
s off
f 430/21/41 429/22/42 431/23/43 432/24/44
f 429/22/45 433/25/46 434/26/47 431/23/48
f 433/25/49 435/27/50 436/28/51 434/26/52
f 435/27/53 437/29/54 438/30/55 436/28/56
f 437/29/57 439/31/58 440/32/59 438/30/60
f 439/31/61 441/33/62 442/34/63 440/32/64
f 441/33/65 443/35/66 444/36/67 442/34/68
f 443/35/69 445/37/70 446/38/71 444/36/72
f 445/37/73 447/39/74 448/40/75 446/38/76
f 447/39/77 449/41/78 450/42/79 448/40/80
f 449/41/81 451/43/82 452/44/83 450/42/84
f 451/43/85 453/45/86 454/46/87 452/44/88
f 453/45/89 455/47/90 456/48/91 454/46/92
f 455/47/93 457/49/94 458/50/95 456/48/96
f 457/49/97 459/51/98 460/52/99 458/50/100
f 459/51/101 461/53/102 462/54/103 460/52/104
f 461/53/105 463/55/106 464/56/107 462/54/108
f 463/55/109 465/57/110 466/58/111 464/56/112
f 465/57/113 467/59/114 468/60/115 466/58/116
f 467/59/117 430/21/118 432/24/119 468/60/120
s 2
f 469/397/121 470/406/122 471/395/123 472/396/124
s 3
f 432/24/125 431/23/126 473/61/127 474/63/128
f 431/23/126 434/26/129 475/62/130 473/61/127
f 434/26/129 436/28/131 476/65/132 475/62/130
f 436/28/131 438/30/133 477/66/134 476/65/132
f 438/30/133 440/32/135 478/67/136 477/66/134
f 440/32/135 442/34/137 479/68/138 478/67/136
f 442/34/137 444/36/139 480/69/140 479/68/138
f 444/36/139 446/38/141 481/70/142 480/69/140
f 446/38/141 448/40/143 482/71/144 481/70/142
f 448/40/143 450/42/145 483/72/146 482/71/144
f 450/42/145 452/44/147 484/73/148 483/72/146
f 452/44/147 454/46/149 485/74/150 484/73/148
f 454/46/149 456/48/151 486/75/152 485/74/150
f 456/48/151 458/50/153 487/76/154 486/75/152
f 458/50/153 460/52/155 488/77/156 487/76/154
f 460/52/155 462/54/157 489/78/158 488/77/156
f 462/54/157 464/56/159 490/79/160 489/78/158
f 464/56/159 466/58/161 491/80/162 490/79/160
f 466/58/161 468/60/163 492/64/164 491/80/162
f 468/60/163 432/24/125 474/63/128 492/64/164
s 4
f 493/81/165 494/82/166 392/366/167 428/385/168
f 495/83/169 493/81/165 428/385/168 426/384/170
f 496/84/171 495/83/169 426/384/170 424/383/172
f 497/85/173 496/84/171 424/383/172 422/382/174
f 498/86/175 497/85/173 422/382/174 420/381/176
f 499/87/177 498/86/175 420/381/176 418/380/178
f 500/88/179 499/87/177 418/380/178 416/379/180
f 501/89/181 500/88/179 416/379/180 414/378/182
f 502/90/183 501/89/181 414/378/182 412/377/184
f 503/91/185 502/90/183 412/377/184 410/376/186
f 504/92/187 503/91/185 410/376/186 408/375/188
f 505/93/189 504/92/187 408/375/188 406/374/190
f 506/94/191 505/93/189 406/374/190 404/373/192
f 507/95/193 506/94/191 404/373/192 402/372/194
f 508/96/195 507/95/193 402/372/194 400/371/196
f 509/97/197 508/96/195 400/371/196 398/370/198
f 510/98/199 509/97/197 398/370/198 396/369/200
f 511/99/201 510/98/199 396/369/200 394/368/202
f 512/100/203 511/99/201 394/368/202 390/367/204
f 494/82/166 512/100/203 390/367/204 392/366/167
s 5
f 513/101/205 514/102/206 515/103/207 516/104/208
f 514/102/206 517/105/209 518/106/210 515/103/207
f 517/105/209 519/107/211 520/108/212 518/106/210
f 519/107/211 521/109/213 522/110/214 520/108/212
f 521/109/213 523/111/215 524/112/216 522/110/214
f 523/111/215 525/113/217 526/114/218 524/112/216
f 525/113/217 527/115/219 528/116/220 526/114/218
f 527/115/219 529/117/221 530/118/222 528/116/220
f 529/117/221 531/119/223 532/120/224 530/118/222
f 531/119/223 533/121/225 534/122/226 532/120/224
f 533/121/225 535/123/227 536/124/228 534/122/226
f 535/123/227 537/125/229 538/126/230 536/124/228
f 537/125/229 539/127/231 540/128/232 538/126/230
f 539/127/231 541/129/233 542/130/234 540/128/232
f 541/129/233 543/131/235 544/132/236 542/130/234
f 543/131/235 545/133/237 546/134/238 544/132/236
f 545/133/237 547/135/239 548/136/240 546/134/238
f 547/135/239 549/137/241 550/138/242 548/136/240
f 549/137/241 551/139/243 552/140/244 550/138/242
f 551/139/243 513/101/205 516/104/208 552/140/244
s off
f 494/82/245 493/81/246 514/102/247 513/101/248
f 554/141/249 553/142/250 555/143/251 556/144/252
f 493/81/253 495/83/254 517/105/255 514/102/256
f 557/145/257 554/141/258 556/144/259 558/146/260
f 495/83/261 496/84/262 519/107/263 517/105/264
f 559/147/265 557/145/266 558/146/267 560/148/268
f 496/84/269 497/85/270 521/109/271 519/107/272
f 561/149/273 559/147/274 560/148/275 562/150/276
f 497/85/277 498/86/278 523/111/279 521/109/280
f 563/151/281 561/149/282 562/150/283 564/152/284
f 498/86/285 499/87/286 525/113/287 523/111/288
f 565/153/289 563/151/290 564/152/291 566/154/292
f 499/87/293 500/88/294 527/115/295 525/113/296
f 567/155/297 565/153/298 566/154/299 568/156/300
f 500/88/301 501/89/302 529/117/303 527/115/304
f 569/157/305 567/155/306 568/156/307 570/158/308
f 501/89/309 502/90/310 531/119/311 529/117/312
f 571/159/313 569/157/314 570/158/315 572/160/316
f 502/90/317 503/91/318 533/121/319 531/119/320
f 573/161/321 571/159/322 572/160/323 574/162/324
f 503/91/325 504/92/326 535/123/327 533/121/328
f 575/163/329 573/161/330 574/162/331 576/164/332
f 504/92/333 505/93/334 537/125/335 535/123/336
f 577/165/337 575/163/338 576/164/339 578/166/340
f 505/93/341 506/94/342 539/127/343 537/125/344
f 579/167/345 577/165/346 578/166/347 580/168/348
f 506/94/349 507/95/350 541/129/351 539/127/352
f 581/169/353 579/167/354 580/168/355 582/170/356
f 507/95/357 508/96/358 543/131/359 541/129/360
f 583/171/361 581/169/362 582/170/363 584/172/364
f 508/96/365 509/97/366 545/133/367 543/131/368
f 585/173/369 583/171/370 584/172/371 586/174/372
f 509/97/373 510/98/374 547/135/375 545/133/376
f 587/175/377 585/173/378 586/174/379 588/176/380
f 510/98/381 511/99/382 549/137/383 547/135/384
f 589/177/385 587/175/386 588/176/387 590/178/388
f 511/99/389 512/100/390 551/139/391 549/137/392
f 591/179/393 589/177/394 590/178/395 592/180/396
f 512/100/397 494/82/398 513/101/399 551/139/400
f 553/142/401 591/179/402 592/180/403 555/143/404
s 6
f 594/847/405 593/848/406 553/142/407 554/141/408
s 5
f 516/104/208 515/103/207 556/144/409 555/143/410
s 6
f 595/849/411 594/847/405 554/141/408 557/145/412
s 5
f 515/103/207 518/106/210 558/146/413 556/144/409
s 6
f 596/850/414 595/849/411 557/145/412 559/147/415
s 5
f 518/106/210 520/108/212 560/148/416 558/146/413
s 6
f 597/851/417 596/850/414 559/147/415 561/149/418
s 5
f 520/108/212 522/110/214 562/150/419 560/148/416
s 6
f 598/852/420 597/851/417 561/149/418 563/151/421
s 5
f 522/110/214 524/112/216 564/152/422 562/150/419
s 6
f 599/853/423 598/852/420 563/151/421 565/153/424
s 5
f 524/112/216 526/114/218 566/154/425 564/152/422
s 6
f 600/854/426 599/853/423 565/153/424 567/155/427
s 5
f 526/114/218 528/116/220 568/156/428 566/154/425
s 6
f 601/855/429 600/854/426 567/155/427 569/157/430
s 5
f 528/116/220 530/118/222 570/158/431 568/156/428
s 6
f 602/856/432 601/855/429 569/157/430 571/159/433
s 5
f 530/118/222 532/120/224 572/160/434 570/158/431
s 6
f 603/857/435 602/856/432 571/159/433 573/161/436
s 5
f 532/120/224 534/122/226 574/162/437 572/160/434
s 6
f 604/858/438 603/857/435 573/161/436 575/163/439
s 5
f 534/122/226 536/124/228 576/164/440 574/162/437
s 6
f 605/859/441 604/858/438 575/163/439 577/165/442
s 5
f 536/124/228 538/126/230 578/166/443 576/164/440
s 6
f 606/860/444 605/859/441 577/165/442 579/167/445
s 5
f 538/126/230 540/128/232 580/168/446 578/166/443
s 6
f 607/861/447 606/860/444 579/167/445 581/169/448
s 5
f 540/128/232 542/130/234 582/170/449 580/168/446
s 6
f 608/862/450 607/861/447 581/169/448 583/171/451
s 5
f 542/130/234 544/132/236 584/172/452 582/170/449
s 6
f 609/863/453 608/862/450 583/171/451 585/173/454
s 5
f 544/132/236 546/134/238 586/174/455 584/172/452
s 6
f 610/864/456 609/863/453 585/173/454 587/175/457
s 5
f 546/134/238 548/136/240 588/176/458 586/174/455
s 6
f 611/865/459 610/864/456 587/175/457 589/177/460
s 5
f 548/136/240 550/138/242 590/178/461 588/176/458
s 6
f 612/866/462 611/865/459 589/177/460 591/179/463
s 5
f 550/138/242 552/140/244 592/180/464 590/178/461
s 6
f 593/848/406 612/866/462 591/179/463 553/142/407
s 5
f 552/140/244 516/104/208 555/143/410 592/180/464
s 1
f 614/201/465 613/202/466 427/20/40 391/2/3
f 613/202/466 615/203/467 425/19/38 427/20/40
f 615/203/467 616/204/468 423/18/36 425/19/38
f 616/204/468 617/205/469 421/17/34 423/18/36
f 617/205/469 618/206/470 419/16/32 421/17/34
f 618/206/470 619/207/471 417/15/30 419/16/32
f 619/207/471 620/208/472 415/14/28 417/15/30
f 620/208/472 621/209/473 413/13/26 415/14/28
f 621/209/473 622/210/474 411/12/24 413/13/26
f 622/210/474 623/211/475 409/11/22 411/12/24
f 623/211/475 624/212/476 407/10/20 409/11/22
f 624/212/476 625/213/477 405/9/18 407/10/20
f 625/213/477 626/214/478 403/8/16 405/9/18
f 626/214/478 627/215/479 401/7/14 403/8/16
f 627/215/479 628/216/480 399/6/12 401/7/14
f 628/216/480 629/217/481 397/5/10 399/6/12
f 629/217/481 630/218/482 395/4/8 397/5/10
f 630/218/482 631/219/483 393/3/6 395/4/8
f 631/219/483 632/220/484 389/1/2 393/3/6
f 632/220/484 614/201/465 391/2/3 389/1/2
f 634/221/485 633/222/486 635/223/487 636/224/488
f 614/201/465 637/225/489 638/226/490 613/202/466
f 637/225/489 634/227/485 636/228/488 638/226/490
f 636/224/488 635/223/487 639/229/491 640/230/492
f 613/202/466 638/226/490 641/231/493 615/203/467
f 638/226/490 636/228/488 640/232/492 641/231/493
f 640/230/492 639/229/491 642/233/494 643/234/495
f 615/203/467 641/231/493 644/235/496 616/204/468
f 641/231/493 640/232/492 643/236/495 644/235/496
f 643/234/495 642/233/494 645/237/497 646/238/498
f 616/204/468 644/235/496 647/239/499 617/205/469
f 644/235/496 643/236/495 646/240/498 647/239/499
f 646/238/498 645/237/497 648/241/500 649/242/501
f 617/205/469 647/239/499 650/243/502 618/206/470
f 647/239/499 646/240/498 649/244/501 650/243/502
f 649/242/501 648/241/500 651/245/503 652/246/504
f 618/206/470 650/243/502 653/247/505 619/207/471
f 650/243/502 649/244/501 652/248/504 653/247/505
f 652/246/504 651/245/503 654/249/506 655/250/507
f 619/207/471 653/247/505 656/251/508 620/208/472
f 653/247/505 652/248/504 655/252/507 656/251/508
f 655/250/507 654/249/506 657/253/509 658/254/510
f 620/208/472 656/251/508 659/255/511 621/209/473
f 656/251/508 655/252/507 658/256/510 659/255/511
f 658/254/510 657/253/509 660/257/512 661/258/513
f 621/209/473 659/255/511 662/259/514 622/210/474
f 659/255/511 658/256/510 661/260/513 662/259/514
f 661/258/513 660/257/512 663/261/515 664/262/516
f 622/210/474 662/259/514 665/263/517 623/211/475
f 662/259/514 661/260/513 664/264/516 665/263/517
f 664/262/516 663/261/515 666/265/518 667/266/519
f 623/211/475 665/263/517 668/267/520 624/212/476
f 665/263/517 664/264/516 667/268/519 668/267/520
f 667/266/519 666/265/518 669/269/521 670/270/522
f 624/212/476 668/267/520 671/271/523 625/213/477
f 668/267/520 667/268/519 670/272/522 671/271/523
f 670/270/522 669/269/521 672/273/524 673/274/525
f 625/213/477 671/271/523 674/275/526 626/214/478
f 671/271/523 670/272/522 673/276/525 674/275/526
f 673/274/525 672/273/524 675/277/527 676/278/528
f 626/214/478 674/275/526 677/279/529 627/215/479
f 674/275/526 673/276/525 676/280/528 677/279/529
f 676/278/528 675/277/527 678/281/530 679/282/531
f 627/215/479 677/279/529 680/283/532 628/216/480
f 677/279/529 676/280/528 679/284/531 680/283/532
f 679/282/531 678/281/530 681/285/533 682/286/534
f 628/216/480 680/283/532 683/287/535 629/217/481
f 680/283/532 679/284/531 682/288/534 683/287/535
f 682/286/534 681/285/533 684/289/536 685/290/537
f 629/217/481 683/287/535 686/291/538 630/218/482
f 683/287/535 682/288/534 685/292/537 686/291/538
f 685/290/537 684/289/536 687/293/539 688/294/540
f 630/218/482 686/291/538 689/295/541 631/219/483
f 686/291/538 685/292/537 688/296/540 689/295/541
f 688/294/540 687/293/539 690/297/542 691/298/543
f 631/219/483 689/295/541 692/299/544 632/220/484
f 689/295/541 688/296/540 691/300/543 692/299/544
f 633/301/486 634/302/485 691/298/543 690/297/542
f 634/227/485 637/225/489 692/299/544 691/300/543
f 637/225/489 614/201/465 632/220/484 692/299/544
f 693/303/545 694/304/546 695/305/547 696/306/548
f 694/307/546 693/308/545 697/309/549 698/310/550
f 696/306/548 695/305/547 699/311/551 700/312/552
f 700/312/552 699/311/551 701/313/553 702/314/554
f 702/314/554 701/313/553 703/315/555 704/316/556
f 704/316/556 703/315/555 705/317/557 706/318/558
f 706/318/558 705/317/557 707/319/559 708/320/560
f 708/320/560 707/319/559 709/321/561 710/322/562
f 710/322/562 709/321/561 711/323/563 712/324/564
f 712/324/564 711/323/563 713/325/565 714/326/566
f 714/326/566 713/325/565 715/327/567 716/328/568
f 716/328/568 715/327/567 717/329/569 718/330/570
f 718/330/570 717/329/569 719/331/571 720/332/572
f 720/332/572 719/331/571 721/333/573 722/334/574
f 722/334/574 721/333/573 723/335/575 724/336/576
f 724/336/576 723/335/575 725/337/577 726/338/578
f 726/338/578 725/337/577 727/339/579 728/340/580
f 728/340/580 727/339/579 729/341/581 730/342/582
f 730/342/582 729/341/581 731/343/583 732/344/584
f 732/344/584 731/343/583 698/310/550 697/309/549
f 430/345/585 467/346/586 697/309/549 693/308/545
f 467/346/586 465/347/587 732/344/584 697/309/549
f 465/347/587 463/348/588 730/342/582 732/344/584
f 463/348/588 461/349/589 728/340/580 730/342/582
f 461/349/589 459/350/590 726/338/578 728/340/580
f 459/350/590 457/351/591 724/336/576 726/338/578
f 457/351/591 455/352/592 722/334/574 724/336/576
f 455/352/592 453/353/593 720/332/572 722/334/574
f 453/353/593 451/354/594 718/330/570 720/332/572
f 451/354/594 449/355/595 716/328/568 718/330/570
f 449/355/595 447/356/596 714/326/566 716/328/568
f 447/356/596 445/357/597 712/324/564 714/326/566
f 445/357/597 443/358/598 710/322/562 712/324/564
f 443/358/598 441/359/599 708/320/560 710/322/562
f 441/359/599 439/360/600 706/318/558 708/320/560
f 439/360/600 437/361/601 704/316/556 706/318/558
f 437/361/601 435/362/602 702/314/554 704/316/556
f 435/362/602 433/363/603 700/312/552 702/314/554
f 433/363/603 429/364/604 696/306/548 700/312/552
f 429/364/604 430/365/585 693/303/545 696/306/548
f 695/305/547 694/304/546 633/301/486 690/297/542
f 699/311/551 695/305/547 690/297/542 687/293/539
f 701/313/553 699/311/551 687/293/539 684/289/536
f 703/315/555 701/313/553 684/289/536 681/285/533
f 705/317/557 703/315/555 681/285/533 678/281/530
f 707/319/559 705/317/557 678/281/530 675/277/527
f 709/321/561 707/319/559 675/277/527 672/273/524
f 711/323/563 709/321/561 672/273/524 669/269/521
f 713/325/565 711/323/563 669/269/521 666/265/518
f 715/327/567 713/325/565 666/265/518 663/261/515
f 717/329/569 715/327/567 663/261/515 660/257/512
f 719/331/571 717/329/569 660/257/512 657/253/509
f 721/333/573 719/331/571 657/253/509 654/249/506
f 723/335/575 721/333/573 654/249/506 651/245/503
f 725/337/577 723/335/575 651/245/503 648/241/500
f 727/339/579 725/337/577 648/241/500 645/237/497
f 729/341/581 727/339/579 645/237/497 642/233/494
f 731/343/583 729/341/581 642/233/494 639/229/491
f 698/310/550 731/343/583 639/229/491 635/223/487
f 694/307/546 698/310/550 635/223/487 633/222/486
s 2
f 734/389/605 733/405/606 491/80/607 492/64/608
f 474/63/609 735/388/610 734/389/605 492/64/608
f 473/61/611 736/386/612 735/388/610 474/63/609
f 737/387/613 736/386/612 473/61/611 475/62/614
f 738/390/615 737/387/613 475/62/614 476/65/616
f 739/391/617 738/390/615 476/65/616 477/66/618
f 740/392/619 739/391/617 477/66/618 478/67/620
f 741/393/621 740/392/619 478/67/620 479/68/622
f 742/394/623 741/393/621 479/68/622 480/69/624
f 471/395/123 742/394/623 480/69/624 481/70/625
f 472/396/124 471/395/123 481/70/625 482/71/626
f 469/397/121 472/396/124 482/71/626 483/72/627
f 743/398/628 469/397/121 483/72/627 484/73/629
f 744/399/630 743/398/628 484/73/629 485/74/631
f 745/400/632 744/399/630 485/74/631 486/75/633
f 746/401/634 745/400/632 486/75/633 487/76/635
f 747/402/636 746/401/634 487/76/635 488/77/637
f 748/403/638 747/402/636 488/77/637 489/78/639
f 749/404/640 748/403/638 489/78/639 490/79/641
f 733/405/606 749/404/640 490/79/641 491/80/607
f 750/413/642 734/389/605 735/388/610 736/386/612
f 751/412/643 750/413/642 736/386/612 737/387/613
f 752/411/644 751/412/643 737/387/613 738/390/615
f 753/410/645 752/411/644 738/390/615 739/391/617
f 754/409/646 753/410/645 739/391/617 740/392/619
f 755/408/647 754/409/646 740/392/619 741/393/621
f 756/407/648 755/408/647 741/393/621 742/394/623
f 470/406/122 756/407/648 742/394/623 471/395/123
f 743/398/628 470/406/122 469/397/121
f 744/399/630 756/407/648 470/406/122 743/398/628
f 745/400/632 755/408/647 756/407/648 744/399/630
f 746/401/634 754/409/646 755/408/647 745/400/632
f 747/402/636 753/410/645 754/409/646 746/401/634
f 748/403/638 752/411/644 753/410/645 747/402/636
f 749/404/640 751/412/643 752/411/644 748/403/638
f 733/405/606 750/413/642 751/412/643 749/404/640
f 733/405/606 734/389/605 750/413/642
s 10
f 142/414/649 144/417/650 143/416/651 141/415/652
f 146/418/653 142/414/649 141/415/652 145/419/654
f 148/420/655 146/418/653 145/419/654 147/421/656
f 150/422/657 148/420/655 147/421/656 149/423/658
f 152/424/659 150/422/657 149/423/658 151/425/660
f 154/426/661 152/424/659 151/425/660 153/427/662
f 156/428/663 154/426/661 153/427/662 155/429/664
f 158/430/665 156/428/663 155/429/664 157/431/666
f 160/432/667 158/430/665 157/431/666 159/433/668
f 162/434/669 160/432/667 159/433/668 161/435/670
f 164/436/671 162/434/669 161/435/670 163/437/672
f 166/438/673 164/436/671 163/437/672 165/439/674
f 168/440/675 166/438/673 165/439/674 167/441/676
f 170/442/677 168/440/675 167/441/676 169/443/678
f 172/444/679 170/442/677 169/443/678 171/445/680
f 174/446/681 172/444/679 171/445/680 173/447/682
f 176/448/683 174/446/681 173/447/682 175/449/684
f 178/450/685 176/448/683 175/449/684 177/451/686
f 180/452/687 178/450/685 177/451/686 179/453/688
f 144/417/650 180/452/687 179/453/688 143/416/651
s off
f 182/454/689 184/457/690 183/456/691 181/455/692
f 181/455/693 183/456/694 186/459/695 185/458/696
f 185/458/697 186/459/698 188/461/699 187/460/700
f 187/460/701 188/461/702 190/463/703 189/462/704
f 189/462/705 190/463/706 192/465/707 191/464/708
f 191/464/709 192/465/710 194/467/711 193/466/712
f 193/466/713 194/467/714 196/469/715 195/468/716
f 195/468/717 196/469/718 198/471/719 197/470/720
f 197/470/721 198/471/722 200/473/723 199/472/724
f 199/472/725 200/473/726 202/475/727 201/474/728
f 201/474/729 202/475/730 204/477/731 203/476/732
f 203/476/733 204/477/734 206/479/735 205/478/736
f 205/478/737 206/479/738 208/481/739 207/480/740
f 207/480/741 208/481/742 210/483/743 209/482/744
f 209/482/745 210/483/746 212/485/747 211/484/748
f 211/484/749 212/485/750 214/487/751 213/486/752
f 213/486/753 214/487/754 216/489/755 215/488/756
f 215/488/757 216/489/758 218/491/759 217/490/760
f 217/490/761 218/491/762 220/493/763 219/492/764
f 219/492/765 220/493/766 184/457/767 182/454/768
s 11
f 372/494/769 371/497/770 370/496/771 381/495/772
s 12
f 184/457/773 223/499/774 221/498/775 183/456/776
f 183/456/776 221/498/775 222/500/777 186/459/778
f 186/459/778 222/500/777 225/501/779 188/461/780
f 188/461/780 225/501/779 226/502/781 190/463/782
f 190/463/782 226/502/781 227/503/783 192/465/784
f 192/465/784 227/503/783 228/504/785 194/467/786
f 194/467/786 228/504/785 229/505/787 196/469/788
f 196/469/788 229/505/787 230/506/789 198/471/790
f 198/471/790 230/506/789 231/507/791 200/473/792
f 200/473/792 231/507/791 232/508/793 202/475/794
f 202/475/794 232/508/793 233/509/795 204/477/796
f 204/477/796 233/509/795 234/510/797 206/479/798
f 206/479/798 234/510/797 235/511/799 208/481/800
f 208/481/800 235/511/799 236/512/801 210/483/802
f 210/483/802 236/512/801 237/513/803 212/485/804
f 212/485/804 237/513/803 238/514/805 214/487/806
f 214/487/806 238/514/805 239/515/807 216/489/808
f 216/489/808 239/515/807 240/516/809 218/491/810
f 218/491/810 240/516/809 224/517/811 220/493/812
f 220/493/812 224/517/811 223/499/774 184/457/773
s 13
f 1/518/813 21/521/814 22/520/815 2/519/816
f 2/519/816 22/520/815 23/523/817 3/522/818
f 3/522/818 23/523/817 24/525/819 4/524/820
f 4/524/820 24/525/819 25/527/821 5/526/822
f 5/526/822 25/527/821 26/529/823 6/528/824
f 6/528/824 26/529/823 27/531/825 7/530/826
f 7/530/826 27/531/825 28/533/827 8/532/828
f 8/532/828 28/533/827 29/535/829 9/534/830
f 9/534/830 29/535/829 30/537/831 10/536/832
f 10/536/832 30/537/831 31/539/833 11/538/834
f 11/538/834 31/539/833 32/541/835 12/540/836
f 12/540/836 32/541/835 33/543/837 13/542/838
f 13/542/838 33/543/837 34/545/839 14/544/840
f 14/544/840 34/545/839 35/547/841 15/546/842
f 15/546/842 35/547/841 36/549/843 16/548/844
f 16/548/844 36/549/843 37/551/845 17/550/846
f 17/550/846 37/551/845 38/553/847 18/552/848
f 18/552/848 38/553/847 39/555/849 19/554/850
f 19/554/850 39/555/849 40/557/851 20/556/852
f 20/556/852 40/557/851 21/521/814 1/518/813
s 14
f 61/558/853 64/561/854 63/560/855 62/559/856
f 62/559/856 63/560/855 66/563/857 65/562/858
f 65/562/858 66/563/857 68/565/859 67/564/860
f 67/564/860 68/565/859 70/567/861 69/566/862
f 69/566/862 70/567/861 72/569/863 71/568/864
f 71/568/864 72/569/863 74/571/865 73/570/866
f 73/570/866 74/571/865 76/573/867 75/572/868
f 75/572/868 76/573/867 78/575/869 77/574/870
f 77/574/870 78/575/869 80/577/871 79/576/872
f 79/576/872 80/577/871 82/579/873 81/578/874
f 81/578/874 82/579/873 84/581/875 83/580/876
f 83/580/876 84/581/875 86/583/877 85/582/878
f 85/582/878 86/583/877 88/585/879 87/584/880
f 87/584/880 88/585/879 90/587/881 89/586/882
f 89/586/882 90/587/881 92/589/883 91/588/884
f 91/588/884 92/589/883 94/591/885 93/590/886
f 93/590/886 94/591/885 96/593/887 95/592/888
f 95/592/888 96/593/887 98/595/889 97/594/890
f 97/594/890 98/595/889 100/597/891 99/596/892
f 99/596/892 100/597/891 64/561/854 61/558/853
s off
f 21/521/893 61/558/894 62/559/895 22/520/896
f 102/598/897 104/601/898 103/600/899 101/599/900
f 22/520/901 62/559/902 65/562/903 23/523/904
f 105/602/905 106/603/906 104/601/907 102/598/908
f 23/523/909 65/562/910 67/564/911 24/525/912
f 107/604/913 108/605/914 106/603/915 105/602/916
f 24/525/917 67/564/918 69/566/919 25/527/920
f 109/606/921 110/607/922 108/605/923 107/604/924
f 25/527/925 69/566/926 71/568/927 26/529/928
f 111/608/929 112/609/930 110/607/931 109/606/932
f 26/529/933 71/568/934 73/570/935 27/531/936
f 113/610/937 114/611/938 112/609/939 111/608/940
f 27/531/941 73/570/942 75/572/943 28/533/944
f 115/612/945 116/613/946 114/611/947 113/610/948
f 28/533/949 75/572/950 77/574/951 29/535/952
f 117/614/953 118/615/954 116/613/955 115/612/956
f 29/535/957 77/574/958 79/576/959 30/537/960
f 119/616/961 120/617/962 118/615/963 117/614/964
f 30/537/965 79/576/966 81/578/967 31/539/968
f 121/618/969 122/619/970 120/617/971 119/616/972
f 31/539/973 81/578/974 83/580/975 32/541/976
f 123/620/977 124/621/978 122/619/979 121/618/980
f 32/541/981 83/580/982 85/582/983 33/543/984
f 125/622/985 126/623/986 124/621/987 123/620/988
f 33/543/989 85/582/990 87/584/991 34/545/992
f 127/624/993 128/625/994 126/623/995 125/622/996
f 34/545/997 87/584/998 89/586/999 35/547/1000
f 129/626/1001 130/627/1002 128/625/1003 127/624/1004
f 35/547/1005 89/586/1006 91/588/1007 36/549/1008
f 131/628/1009 132/629/1010 130/627/1011 129/626/1012
f 36/549/1013 91/588/1014 93/590/1015 37/551/1016
f 133/630/1017 134/631/1018 132/629/1019 131/628/1020
f 37/551/1021 93/590/1022 95/592/1023 38/553/1024
f 135/632/1025 136/633/1026 134/631/1027 133/630/1028
f 38/553/1029 95/592/1030 97/594/1031 39/555/1032
f 137/634/1033 138/635/1034 136/633/1035 135/632/1036
f 39/555/1037 97/594/1038 99/596/1039 40/557/1040
f 139/636/1041 140/637/1042 138/635/1043 137/634/1044
f 40/557/1045 99/596/1046 61/558/1047 21/521/1048
f 101/599/1049 103/600/1050 140/637/1051 139/636/1052
s 15
f 42/638/1053 102/598/1054 101/599/1055 41/639/1056
s 14
f 64/561/854 103/600/1057 104/601/1058 63/560/855
s 15
f 43/640/1059 105/602/1060 102/598/1054 42/638/1053
s 14
f 63/560/855 104/601/1058 106/603/1061 66/563/857
s 15
f 44/641/1062 107/604/1063 105/602/1060 43/640/1059
s 14
f 66/563/857 106/603/1061 108/605/1064 68/565/859
s 15
f 45/642/1065 109/606/1066 107/604/1063 44/641/1062
s 14
f 68/565/859 108/605/1064 110/607/1067 70/567/861
s 15
f 46/643/1068 111/608/1069 109/606/1066 45/642/1065
s 14
f 70/567/861 110/607/1067 112/609/1070 72/569/863
s 15
f 47/644/1071 113/610/1072 111/608/1069 46/643/1068
s 14
f 72/569/863 112/609/1070 114/611/1073 74/571/865
s 15
f 48/645/1074 115/612/1075 113/610/1072 47/644/1071
s 14
f 74/571/865 114/611/1073 116/613/1076 76/573/867
s 15
f 49/646/1077 117/614/1078 115/612/1075 48/645/1074
s 14
f 76/573/867 116/613/1076 118/615/1079 78/575/869
s 15
f 50/647/1080 119/616/1081 117/614/1078 49/646/1077
s 14
f 78/575/869 118/615/1079 120/617/1082 80/577/871
s 15
f 51/648/1083 121/618/1084 119/616/1081 50/647/1080
s 14
f 80/577/871 120/617/1082 122/619/1085 82/579/873
s 15
f 52/649/1086 123/620/1087 121/618/1084 51/648/1083
s 14
f 82/579/873 122/619/1085 124/621/1088 84/581/875
s 15
f 53/650/1089 125/622/1090 123/620/1087 52/649/1086
s 14
f 84/581/875 124/621/1088 126/623/1091 86/583/877
s 15
f 54/651/1092 127/624/1093 125/622/1090 53/650/1089
s 14
f 86/583/877 126/623/1091 128/625/1094 88/585/879
s 15
f 55/652/1095 129/626/1096 127/624/1093 54/651/1092
s 14
f 88/585/879 128/625/1094 130/627/1097 90/587/881
s 15
f 56/653/1098 131/628/1099 129/626/1096 55/652/1095
s 14
f 90/587/881 130/627/1097 132/629/1100 92/589/883
s 15
f 57/654/1101 133/630/1102 131/628/1099 56/653/1098
s 14
f 92/589/883 132/629/1100 134/631/1103 94/591/885
s 15
f 58/655/1104 135/632/1105 133/630/1102 57/654/1101
s 14
f 94/591/885 134/631/1103 136/633/1106 96/593/887
s 15
f 59/656/1107 137/634/1108 135/632/1105 58/655/1104
s 14
f 96/593/887 136/633/1106 138/635/1109 98/595/889
s 15
f 60/657/1110 139/636/1111 137/634/1108 59/656/1107
s 14
f 98/595/889 138/635/1109 140/637/1112 100/597/891
s 15
f 41/639/1056 101/599/1055 139/636/1111 60/657/1110
s 14
f 100/597/891 140/637/1112 103/600/1057 64/561/854
s 10
f 242/658/1113 143/416/651 179/453/688 241/659/1114
f 241/659/1114 179/453/688 177/451/686 243/660/1115
f 243/660/1115 177/451/686 175/449/684 244/661/1116
f 244/661/1116 175/449/684 173/447/682 245/662/1117
f 245/662/1117 173/447/682 171/445/680 246/663/1118
f 246/663/1118 171/445/680 169/443/678 247/664/1119
f 247/664/1119 169/443/678 167/441/676 248/665/1120
f 248/665/1120 167/441/676 165/439/674 249/666/1121
f 249/666/1121 165/439/674 163/437/672 250/667/1122
f 250/667/1122 163/437/672 161/435/670 251/668/1123
f 251/668/1123 161/435/670 159/433/668 252/669/1124
f 252/669/1124 159/433/668 157/431/666 253/670/1125
f 253/670/1125 157/431/666 155/429/664 254/671/1126
f 254/671/1126 155/429/664 153/427/662 255/672/1127
f 255/672/1127 153/427/662 151/425/660 256/673/1128
f 256/673/1128 151/425/660 149/423/658 257/674/1129
f 257/674/1129 149/423/658 147/421/656 258/675/1130
f 258/675/1130 147/421/656 145/419/654 259/676/1131
f 259/676/1131 145/419/654 141/415/652 260/677/1132
f 260/677/1132 141/415/652 143/416/651 242/658/1113
f 262/678/1133 264/681/1134 263/680/1135 261/679/1136
f 242/658/1113 241/659/1114 266/683/1137 265/682/1138
f 265/682/1138 266/683/1137 264/685/1134 262/684/1133
f 264/681/1134 268/687/1139 267/686/1140 263/680/1135
f 241/659/1114 243/660/1115 269/688/1141 266/683/1137
f 266/683/1137 269/688/1141 268/689/1139 264/685/1134
f 268/687/1139 271/691/1142 270/690/1143 267/686/1140
f 243/660/1115 244/661/1116 272/692/1144 269/688/1141
f 269/688/1141 272/692/1144 271/693/1142 268/689/1139
f 271/691/1142 274/695/1145 273/694/1146 270/690/1143
f 244/661/1116 245/662/1117 275/696/1147 272/692/1144
f 272/692/1144 275/696/1147 274/697/1145 271/693/1142
f 274/695/1145 277/699/1148 276/698/1149 273/694/1146
f 245/662/1117 246/663/1118 278/700/1150 275/696/1147
f 275/696/1147 278/700/1150 277/701/1148 274/697/1145
f 277/699/1148 280/703/1151 279/702/1152 276/698/1149
f 246/663/1118 247/664/1119 281/704/1153 278/700/1150
f 278/700/1150 281/704/1153 280/705/1151 277/701/1148
f 280/703/1151 283/707/1154 282/706/1155 279/702/1152
f 247/664/1119 248/665/1120 284/708/1156 281/704/1153
f 281/704/1153 284/708/1156 283/709/1154 280/705/1151
f 283/707/1154 286/711/1157 285/710/1158 282/706/1155
f 248/665/1120 249/666/1121 287/712/1159 284/708/1156
f 284/708/1156 287/712/1159 286/713/1157 283/709/1154
f 286/711/1157 289/715/1160 288/714/1161 285/710/1158
f 249/666/1121 250/667/1122 290/716/1162 287/712/1159
f 287/712/1159 290/716/1162 289/717/1160 286/713/1157
f 289/715/1160 292/719/1163 291/718/1164 288/714/1161
f 250/667/1122 251/668/1123 293/720/1165 290/716/1162
f 290/716/1162 293/720/1165 292/721/1163 289/717/1160
f 292/719/1163 295/723/1166 294/722/1167 291/718/1164
f 251/668/1123 252/669/1124 296/724/1168 293/720/1165
f 293/720/1165 296/724/1168 295/725/1166 292/721/1163
f 295/723/1166 298/727/1169 297/726/1170 294/722/1167
f 252/669/1124 253/670/1125 299/728/1171 296/724/1168
f 296/724/1168 299/728/1171 298/729/1169 295/725/1166
f 298/727/1169 301/731/1172 300/730/1173 297/726/1170
f 253/670/1125 254/671/1126 302/732/1174 299/728/1171
f 299/728/1171 302/732/1174 301/733/1172 298/729/1169
f 301/731/1172 304/735/1175 303/734/1176 300/730/1173
f 254/671/1126 255/672/1127 305/736/1177 302/732/1174
f 302/732/1174 305/736/1177 304/737/1175 301/733/1172
f 304/735/1175 307/739/1178 306/738/1179 303/734/1176
f 255/672/1127 256/673/1128 308/740/1180 305/736/1177
f 305/736/1177 308/740/1180 307/741/1178 304/737/1175
f 307/739/1178 310/743/1181 309/742/1182 306/738/1179
f 256/673/1128 257/674/1129 311/744/1183 308/740/1180
f 308/740/1180 311/744/1183 310/745/1181 307/741/1178
f 310/743/1181 313/747/1184 312/746/1185 309/742/1182
f 257/674/1129 258/675/1130 314/748/1186 311/744/1183
f 311/744/1183 314/748/1186 313/749/1184 310/745/1181
f 313/747/1184 316/751/1187 315/750/1188 312/746/1185
f 258/675/1130 259/676/1131 317/752/1189 314/748/1186
f 314/748/1186 317/752/1189 316/753/1187 313/749/1184
f 316/751/1187 319/755/1190 318/754/1191 315/750/1188
f 259/676/1131 260/677/1132 320/756/1192 317/752/1189
f 317/752/1189 320/756/1192 319/757/1190 316/753/1187
f 261/758/1136 318/754/1191 319/755/1190 262/759/1133
f 262/684/1133 319/757/1190 320/756/1192 265/682/1138
f 265/682/1138 320/756/1192 260/677/1132 242/658/1113
f 321/760/1193 324/763/1194 323/762/1195 322/761/1196
f 322/764/1196 326/767/1197 325/766/1198 321/765/1193
f 324/763/1194 328/769/1199 327/768/1200 323/762/1195
f 328/769/1199 330/771/1201 329/770/1202 327/768/1200
f 330/771/1201 332/773/1203 331/772/1204 329/770/1202
f 332/773/1203 334/775/1205 333/774/1206 331/772/1204
f 334/775/1205 336/777/1207 335/776/1208 333/774/1206
f 336/777/1207 338/779/1209 337/778/1210 335/776/1208
f 338/779/1209 340/781/1211 339/780/1212 337/778/1210
f 340/781/1211 342/783/1213 341/782/1214 339/780/1212
f 342/783/1213 344/785/1215 343/784/1216 341/782/1214
f 344/785/1215 346/787/1217 345/786/1218 343/784/1216
f 346/787/1217 348/789/1219 347/788/1220 345/786/1218
f 348/789/1219 350/791/1221 349/790/1222 347/788/1220
f 350/791/1221 352/793/1223 351/792/1224 349/790/1222
f 352/793/1223 354/795/1225 353/794/1226 351/792/1224
f 354/795/1225 356/797/1227 355/796/1228 353/794/1226
f 356/797/1227 358/799/1229 357/798/1230 355/796/1228
f 358/799/1229 360/801/1231 359/800/1232 357/798/1230
f 360/801/1231 325/766/1198 326/767/1197 359/800/1232
f 182/802/1233 321/765/1193 325/766/1198 219/803/1234
f 219/803/1234 325/766/1198 360/801/1231 217/804/1235
f 217/804/1235 360/801/1231 358/799/1229 215/805/1236
f 215/805/1236 358/799/1229 356/797/1227 213/806/1237
f 213/806/1237 356/797/1227 354/795/1225 211/807/1238
f 211/807/1238 354/795/1225 352/793/1223 209/808/1239
f 209/808/1239 352/793/1223 350/791/1221 207/809/1240
f 207/809/1240 350/791/1221 348/789/1219 205/810/1241
f 205/810/1241 348/789/1219 346/787/1217 203/811/1242
f 203/811/1242 346/787/1217 344/785/1215 201/812/1243
f 201/812/1243 344/785/1215 342/783/1213 199/813/1244
f 199/813/1244 342/783/1213 340/781/1211 197/814/1245
f 197/814/1245 340/781/1211 338/779/1209 195/815/1246
f 195/815/1246 338/779/1209 336/777/1207 193/816/1247
f 193/816/1247 336/777/1207 334/775/1205 191/817/1248
f 191/817/1248 334/775/1205 332/773/1203 189/818/1249
f 189/818/1249 332/773/1203 330/771/1201 187/819/1250
f 187/819/1250 330/771/1201 328/769/1199 185/820/1251
f 185/820/1251 328/769/1199 324/763/1194 181/821/1252
f 181/821/1252 324/763/1194 321/760/1193 182/822/1233
f 323/762/1195 318/754/1191 261/758/1136 322/761/1196
f 327/768/1200 315/750/1188 318/754/1191 323/762/1195
f 329/770/1202 312/746/1185 315/750/1188 327/768/1200
f 331/772/1204 309/742/1182 312/746/1185 329/770/1202
f 333/774/1206 306/738/1179 309/742/1182 331/772/1204
f 335/776/1208 303/734/1176 306/738/1179 333/774/1206
f 337/778/1210 300/730/1173 303/734/1176 335/776/1208
f 339/780/1212 297/726/1170 300/730/1173 337/778/1210
f 341/782/1214 294/722/1167 297/726/1170 339/780/1212
f 343/784/1216 291/718/1164 294/722/1167 341/782/1214
f 345/786/1218 288/714/1161 291/718/1164 343/784/1216
f 347/788/1220 285/710/1158 288/714/1161 345/786/1218
f 349/790/1222 282/706/1155 285/710/1158 347/788/1220
f 351/792/1224 279/702/1152 282/706/1155 349/790/1222
f 353/794/1226 276/698/1149 279/702/1152 351/792/1224
f 355/796/1228 273/694/1146 276/698/1149 353/794/1226
f 357/798/1230 270/690/1143 273/694/1146 355/796/1228
f 359/800/1232 267/686/1140 270/690/1143 357/798/1230
f 326/767/1197 263/680/1135 267/686/1140 359/800/1232
f 322/764/1196 261/679/1136 263/680/1135 326/767/1197
s 18
f 1/518/1253 144/417/1254 142/414/1255 20/556/1256
f 20/556/1256 142/414/1255 146/418/1257 19/554/1258
f 19/554/1258 146/418/1257 148/420/1259 18/552/1260
f 18/552/1260 148/420/1259 150/422/1261 17/550/1262
f 17/550/1262 150/422/1261 152/424/1263 16/548/1264
f 16/548/1264 152/424/1263 154/426/1265 15/546/1266
f 15/546/1266 154/426/1265 156/428/1267 14/544/1268
f 14/544/1268 156/428/1267 158/430/1269 13/542/1270
f 13/542/1270 158/430/1269 160/432/1271 12/540/1272
f 12/540/1272 160/432/1271 162/434/1273 11/538/1274
f 11/538/1274 162/434/1273 164/436/1275 10/536/1276
f 10/536/1276 164/436/1275 166/438/1277 9/534/1278
f 9/534/1278 166/438/1277 168/440/1279 8/532/1280
f 8/532/1280 168/440/1279 170/442/1281 7/530/1282
f 7/530/1282 170/442/1281 172/444/1283 6/528/1284
f 6/528/1284 172/444/1283 174/446/1285 5/526/1286
f 5/526/1286 174/446/1285 176/448/1287 4/524/1288
f 4/524/1288 176/448/1287 178/450/1289 3/522/1290
f 3/522/1290 178/450/1289 180/452/1291 2/519/1292
f 2/519/1292 180/452/1291 144/417/1254 1/518/1253
s 11
f 364/823/1293 224/517/1294 240/516/1295 380/824/1296
f 223/499/1297 224/517/1294 364/823/1293 363/825/1298
f 221/498/1299 223/499/1297 363/825/1298 361/826/1300
f 362/827/1301 222/500/1302 221/498/1299 361/826/1300
f 365/828/1303 225/501/1304 222/500/1302 362/827/1301
f 366/829/1305 226/502/1306 225/501/1304 365/828/1303
f 367/830/1307 227/503/1308 226/502/1306 366/829/1305
f 368/831/1309 228/504/1310 227/503/1308 367/830/1307
f 369/832/1311 229/505/1312 228/504/1310 368/831/1309
f 370/496/771 230/506/1313 229/505/1312 369/832/1311
f 371/497/770 231/507/1314 230/506/1313 370/496/771
f 372/494/769 232/508/1315 231/507/1314 371/497/770
f 373/833/1316 233/509/1317 232/508/1315 372/494/769
f 374/834/1318 234/510/1319 233/509/1317 373/833/1316
f 375/835/1320 235/511/1321 234/510/1319 374/834/1318
f 376/836/1322 236/512/1323 235/511/1321 375/835/1320
f 377/837/1324 237/513/1325 236/512/1323 376/836/1322
f 378/838/1326 238/514/1327 237/513/1325 377/837/1324
f 379/839/1328 239/515/1329 238/514/1327 378/838/1326
f 380/824/1296 240/516/1295 239/515/1329 379/839/1328
f 388/840/1330 361/826/1300 363/825/1298 364/823/1293
f 387/841/1331 362/827/1301 361/826/1300 388/840/1330
f 386/842/1332 365/828/1303 362/827/1301 387/841/1331
f 385/843/1333 366/829/1305 365/828/1303 386/842/1332
f 384/844/1334 367/830/1307 366/829/1305 385/843/1333
f 383/845/1335 368/831/1309 367/830/1307 384/844/1334
f 382/846/1336 369/832/1311 368/831/1309 383/845/1335
f 381/495/772 370/496/771 369/832/1311 382/846/1336
f 373/833/1316 372/494/769 381/495/772
f 374/834/1318 373/833/1316 381/495/772 382/846/1336
f 375/835/1320 374/834/1318 382/846/1336 383/845/1335
f 376/836/1322 375/835/1320 383/845/1335 384/844/1334
f 377/837/1324 376/836/1322 384/844/1334 385/843/1333
f 378/838/1326 377/837/1324 385/843/1333 386/842/1332
f 379/839/1328 378/838/1326 386/842/1332 387/841/1331
f 380/824/1296 379/839/1328 387/841/1331 388/840/1330
f 380/824/1296 388/840/1330 364/823/1293
s 20
f 42/181/1337 41/182/1338 593/848/1339 594/847/1340
f 43/183/1341 42/181/1337 594/847/1340 595/849/1342
f 44/184/1343 43/183/1341 595/849/1342 596/850/1344
f 45/185/1345 44/184/1343 596/850/1344 597/851/1346
f 46/186/1347 45/185/1345 597/851/1346 598/852/1348
f 47/187/1349 46/186/1347 598/852/1348 599/853/1350
f 48/188/1351 47/187/1349 599/853/1350 600/854/1352
f 49/189/1353 48/188/1351 600/854/1352 601/855/1354
f 50/190/1355 49/189/1353 601/855/1354 602/856/1356
f 51/191/1357 50/190/1355 602/856/1356 603/857/1358
f 52/192/1359 51/191/1357 603/857/1358 604/858/1360
f 53/193/1361 52/192/1359 604/858/1360 605/859/1362
f 54/194/1363 53/193/1361 605/859/1362 606/860/1364
f 55/195/1365 54/194/1363 606/860/1364 607/861/1366
f 56/196/1367 55/195/1365 607/861/1366 608/862/1368
f 57/197/1369 56/196/1367 608/862/1368 609/863/1370
f 58/198/1371 57/197/1369 609/863/1370 610/864/1372
f 59/199/1373 58/198/1371 610/864/1372 611/865/1374
f 60/200/1375 59/199/1373 611/865/1374 612/866/1376
f 41/182/1338 60/200/1375 612/866/1376 593/848/1339
g default
v -1.290275 7.703506 -2.003369
v -1.347811 7.703506 -2.116288
v -1.437426 7.703506 -2.205903
v -1.550347 7.703506 -2.263439
v -1.675521 7.703506 -2.283265
v -1.800694 7.703506 -2.263439
v -1.913615 7.703506 -2.205903
v -2.003230 7.703506 -2.116288
v -2.060766 7.703506 -2.003369
v -2.080592 7.703506 -1.878193
v -2.060766 7.703506 -1.753019
v -2.003230 7.703506 -1.640101
v -1.913615 7.703506 -1.550484
v -1.800694 7.703506 -1.492949
v -1.675521 7.703506 -1.473122
v -1.550347 7.703506 -1.492949
v -1.437426 7.703506 -1.550484
v -1.347811 7.703506 -1.640101
v -1.290275 7.703506 -1.753019
v -1.270449 7.703506 -1.878193
v -1.397660 7.937742 -1.968478
v -1.439158 7.937742 -2.049921
v -1.503793 7.937742 -2.114557
v -1.585238 7.937742 -2.156055
v -1.675521 7.937742 -2.170355
v -1.765803 7.937742 -2.156055
v -1.847248 7.937742 -2.114557
v -1.911883 7.937742 -2.049921
v -1.953381 7.937742 -1.968478
v -1.967681 7.937742 -1.878193
v -1.953381 7.937742 -1.787911
v -1.911883 7.937742 -1.706466
v -1.847248 7.937742 -1.641831
v -1.765803 7.937742 -1.600333
v -1.675521 7.937742 -1.586033
v -1.585238 7.937742 -1.600333
v -1.503793 7.937742 -1.641831
v -1.439158 7.937742 -1.706466
v -1.397660 7.937742 -1.787911
v -1.383360 7.937742 -1.878193
v -1.397660 8.059464 -1.968478
v -1.439158 8.059464 -2.049921
v -1.503793 8.059464 -2.114557
v -1.585238 8.059464 -2.156055
v -1.675521 8.059464 -2.170355
v -1.765803 8.059464 -2.156055
v -1.847248 8.059464 -2.114557
v -1.911883 8.059464 -2.049921
v -1.953381 8.059464 -1.968478
v -1.967681 8.059464 -1.878193
v -1.953381 8.059464 -1.787911
v -1.911883 8.059464 -1.706466
v -1.847248 8.059464 -1.641831
v -1.765803 8.059464 -1.600333
v -1.675521 8.059464 -1.586033
v -1.585238 8.059464 -1.600333
v -1.503793 8.059464 -1.641831
v -1.439158 8.059464 -1.706466
v -1.397660 8.059464 -1.787911
v -1.383360 8.059464 -1.878193
v -1.347781 7.926818 -1.984685
v -1.396729 7.926818 -2.080747
v -1.396729 8.070383 -2.080747
v -1.347781 8.070383 -1.984685
v -1.472966 7.926818 -2.156986
v -1.472966 8.070383 -2.156986
v -1.569032 7.926818 -2.205933
v -1.569032 8.070383 -2.205933
v -1.675521 7.926818 -2.222800
v -1.675521 8.070383 -2.222800
v -1.782009 7.926818 -2.205933
v -1.782009 8.070383 -2.205933
v -1.878075 7.926818 -2.156986
v -1.878075 8.070383 -2.156986
v -1.954312 7.926818 -2.080747
v -1.954312 8.070383 -2.080747
v -2.003260 7.926818 -1.984685
v -2.003260 8.070383 -1.984685
v -2.020126 7.926818 -1.878193
v -2.020126 8.070383 -1.878193
v -2.003260 7.926818 -1.771704
v -2.003260 8.070383 -1.771704
v -1.954312 7.926818 -1.675639
v -1.954312 8.070383 -1.675639
v -1.878075 7.926818 -1.599403
v -1.878075 8.070383 -1.599403
v -1.782009 7.926818 -1.550455
v -1.782009 8.070383 -1.550455
v -1.675521 7.926818 -1.533588
v -1.675521 8.070383 -1.533588
v -1.569032 7.926818 -1.550455
v -1.569032 8.070383 -1.550455
v -1.472966 7.926818 -1.599403
v -1.472966 8.070383 -1.599403
v -1.396729 7.926818 -1.675639
v -1.396729 8.070383 -1.675639
v -1.347781 7.926818 -1.771704
v -1.347781 8.070383 -1.771704
v -1.330915 7.926818 -1.878193
v -1.330915 8.070383 -1.878193
v -1.411840 8.239419 -1.963869
v -1.451221 8.239419 -2.041158
v -1.361962 8.250343 -1.980075
v -1.408792 8.250343 -2.071983
v -1.512557 8.239419 -2.102493
v -1.481730 8.250343 -2.144922
v -1.589846 8.239419 -2.141873
v -1.573639 8.250343 -2.191751
v -1.675521 8.239419 -2.155444
v -1.675521 8.250343 -2.207888
v -1.761195 8.239419 -2.141874
v -1.777402 8.250343 -2.191752
v -1.838484 8.239419 -2.102494
v -1.869310 8.250343 -2.144923
v -1.899820 8.239419 -2.041158
v -1.942249 8.250343 -2.071983
v -1.939201 8.239419 -1.963869
v -1.989079 8.250343 -1.980075
v -1.952770 8.239419 -1.878193
v -2.005215 8.250343 -1.878193
v -1.939201 8.239419 -1.792518
v -1.989079 8.250343 -1.776312
v -1.899820 8.239419 -1.715230
v -1.942249 8.250343 -1.684404
v -1.838484 8.239419 -1.653895
v -1.869311 8.250343 -1.611465
v -1.761195 8.239419 -1.614514
v -1.777402 8.250343 -1.564637
v -1.675521 8.239419 -1.600943
v -1.675521 8.250343 -1.548498
v -1.589846 8.239419 -1.614514
v -1.573639 8.250343 -1.564637
v -1.512557 8.239419 -1.653895
v -1.481731 8.250343 -1.611464
v -1.451221 8.239419 -1.715230
v -1.408792 8.250343 -1.684403
v -1.411840 8.239419 -1.792518
v -1.361962 8.250343 -1.776312
v -1.398271 8.239419 -1.878193
v -1.345826 8.250343 -1.878193
v -0.871057 6.902666 -1.878193
v -1.087031 7.433947 -1.878193
v -0.910430 6.902667 -2.126786
v -1.115834 7.433947 -2.060048
v -0.910430 6.902667 -1.629600
v -1.115835 7.433947 -1.696340
v -1.024696 6.902667 -1.405341
v -1.199422 7.433948 -1.532291
v -1.202669 6.902667 -1.227368
v -1.329616 7.433948 -1.402096
v -1.426928 6.902667 -1.113102
v -1.493668 7.433948 -1.318508
v -1.675521 6.902667 -1.073729
v -1.675521 7.433948 -1.289705
v -1.924114 6.902667 -1.113102
v -1.857373 7.433948 -1.318508
v -2.148373 6.902667 -1.227368
v -2.021426 7.433948 -1.402096
v -2.326346 6.902667 -1.405341
v -2.151618 7.433948 -1.532291
v -2.440611 6.902667 -1.629600
v -2.235206 7.433947 -1.696340
v -2.479984 6.902666 -1.878193
v -2.264009 7.433947 -1.878193
v -2.440611 6.902667 -2.126786
v -2.235206 7.433947 -2.060049
v -2.326346 6.902666 -2.351045
v -2.151618 7.433947 -2.224098
v -2.148373 6.902667 -2.529019
v -2.021426 7.433947 -2.354291
v -1.924114 6.902667 -2.643284
v -1.857373 7.433948 -2.437880
v -1.675521 6.902667 -2.682657
v -1.675521 7.433948 -2.466682
v -1.426927 6.902667 -2.643284
v -1.493668 7.433948 -2.437880
v -1.202668 6.902667 -2.529019
v -1.329615 7.433948 -2.354291
v -1.024695 6.902667 -2.351045
v -1.199423 7.433947 -2.224098
v -0.676875 0.733053 -1.878193
v -0.725752 0.733053 -2.186791
v -0.990631 0.765238 -1.878193
v -1.024151 0.765237 -2.089836
v -0.725752 0.733053 -1.569594
v -1.024151 0.765237 -1.666550
v -0.867601 0.733053 -1.291204
v -1.121434 0.765238 -1.475627
v -1.088532 0.733053 -1.070272
v -1.272953 0.765237 -1.324105
v -1.366923 0.733053 -0.928428
v -1.463878 0.765238 -1.226825
v -1.675520 0.733053 -0.879548
v -1.675520 0.765237 -1.193303
v -1.984118 0.733053 -0.928428
v -1.887163 0.765238 -1.226825
v -2.262509 0.733053 -1.070272
v -2.078088 0.765237 -1.324105
v -2.483440 0.733053 -1.291204
v -2.229607 0.765238 -1.475627
v -2.625288 0.733053 -1.569594
v -2.326889 0.765237 -1.666550
v -2.674166 0.733053 -1.878193
v -2.360410 0.765237 -1.878193
v -2.625288 0.733053 -2.186791
v -2.326889 0.765237 -2.089835
v -2.483441 0.733053 -2.465182
v -2.229607 0.765237 -2.280761
v -2.262509 0.733053 -2.686114
v -2.078089 0.765237 -2.432281
v -1.984119 0.733053 -2.827962
v -1.887163 0.765237 -2.529563
v -1.675520 0.733053 -2.876838
v -1.675520 0.765237 -2.563083
v -1.366922 0.733053 -2.827962
v -1.463878 0.765237 -2.529563
v -1.088532 0.733053 -2.686114
v -1.272952 0.765237 -2.432281
v -0.867599 0.733053 -2.465182
v -1.121433 0.765238 -2.280761
v -1.049408 0.912080 -1.878193
v -1.080052 0.912080 -1.684714
v -1.080052 0.912080 -2.071672
v -1.168985 0.912080 -2.246213
v -1.168985 0.912080 -1.510175
v -1.307501 0.912080 -1.371657
v -1.482041 0.912080 -1.282725
v -1.675520 0.912080 -1.252080
v -1.869000 0.912080 -1.282725
v -2.043540 0.912080 -1.371657
v -2.182055 0.912080 -1.510175
v -2.270989 0.912080 -1.684714
v -2.301633 0.912080 -1.878193
v -2.270989 0.912080 -2.071672
v -2.182056 0.912080 -2.246213
v -2.043540 0.912080 -2.384729
v -1.869000 0.912079 -2.473662
v -1.675520 0.912079 -2.504306
v -1.482041 0.912079 -2.473662
v -1.307501 0.912080 -2.384730
v -0.795300 6.491471 -2.517711
v -0.640759 6.491471 -2.214407
v -1.036003 6.491471 -2.758414
v -1.339306 6.491471 -2.912955
v -1.675520 6.491472 -2.966206
v -2.011735 6.491471 -2.912955
v -2.315038 6.491472 -2.758414
v -2.555741 6.491472 -2.517710
v -2.710281 6.491472 -2.214407
v -2.763532 6.491471 -1.878193
v -2.710281 6.491471 -1.541979
v -2.555741 6.491471 -1.238676
v -2.315038 6.491471 -0.997972
v -2.011735 6.491471 -0.843431
v -1.675521 6.491471 -0.790180
v -1.339306 6.491471 -0.843431
v -1.036003 6.491471 -0.997972
v -0.795301 6.491471 -1.238676
v -0.640760 6.491472 -1.541979
v -0.587509 6.491471 -1.878193
v -0.340646 5.365305 -2.311920
v -0.375436 5.773309 -2.300616
v -0.540009 5.365305 -2.703191
v -0.569603 5.773309 -2.681690
v -0.478985 6.163669 -2.266970
v -0.657687 6.163669 -2.617693
v -0.850522 5.365305 -3.013706
v -0.872024 5.773309 -2.984111
v -0.936021 6.163669 -2.896027
v -1.241794 5.365305 -3.213068
v -1.253098 5.773309 -3.178277
v -1.286742 6.163669 -3.074729
v -1.675520 5.365305 -3.281764
v -1.675520 5.773309 -3.245183
v -1.675520 6.163669 -3.136305
v -2.109247 5.365305 -3.213068
v -2.097943 5.773309 -3.178277
v -2.064299 6.163669 -3.074729
v -2.500519 5.365305 -3.013705
v -2.479017 5.773309 -2.984111
v -2.415020 6.163669 -2.896027
v -2.811032 5.365305 -2.703191
v -2.781438 5.773309 -2.681689
v -2.693354 6.163669 -2.617692
v -3.010394 5.365305 -2.311919
v -2.975604 5.773309 -2.300616
v -2.872055 6.163669 -2.266970
v -3.079089 5.365305 -1.878193
v -3.042509 5.773309 -1.878193
v -2.933631 6.163669 -1.878193
v -3.010394 5.365305 -1.444466
v -2.975604 5.773309 -1.455770
v -2.872055 6.163669 -1.489415
v -2.811032 5.365305 -1.053195
v -2.781438 5.773309 -1.074697
v -2.693354 6.163669 -1.138693
v -2.500519 5.365305 -0.742681
v -2.479017 5.773309 -0.772275
v -2.415020 6.163669 -0.860359
v -2.109247 5.365305 -0.543318
v -2.097943 5.773309 -0.578109
v -2.064298 6.163669 -0.681658
v -1.675520 5.365305 -0.474623
v -1.675520 5.773309 -0.511203
v -1.675520 6.163669 -0.620082
v -1.241793 5.365305 -0.543318
v -1.253098 5.773309 -0.578109
v -1.286743 6.163669 -0.681658
v -0.850524 5.365305 -0.742681
v -0.872025 5.773309 -0.772275
v -0.936022 6.163669 -0.860359
v -0.540009 5.365305 -1.053195
v -0.569604 5.773309 -1.074697
v -0.657687 6.163669 -1.138693
v -0.340647 5.365305 -1.444466
v -0.375438 5.773309 -1.455770
v -0.478986 6.163669 -1.489415
v -0.271952 5.365305 -1.878192
v -0.308532 5.773309 -1.878192
v -0.417410 6.163669 -1.878192
v -0.505012 0.964021 -2.258514
v -0.342949 1.458916 -2.311172
v -0.274373 1.458916 -1.878192
v -0.444776 0.964021 -1.878193
v -0.679827 0.964021 -2.601607
v -0.541968 1.458916 -2.701768
v -0.342950 1.458916 -1.445214
v -0.505013 0.964020 -1.497871
v -0.541968 1.458916 -1.054618
v -0.679827 0.964021 -1.154779
v -0.851947 1.458916 -0.744639
v -0.952108 0.964020 -0.882499
v -1.242542 1.458916 -0.545621
v -1.295199 0.964021 -0.707685
v -1.675520 1.458916 -0.477044
v -1.675520 0.964020 -0.647448
v -2.108499 1.458916 -0.545621
v -2.055842 0.964021 -0.707685
v -2.499095 1.458916 -0.744640
v -2.398934 0.964021 -0.882499
v -2.809073 1.458916 -1.054618
v -2.671214 0.964021 -1.154779
v -3.008091 1.458916 -1.445214
v -2.846028 0.964020 -1.497871
v -3.076668 1.458916 -1.878193
v -2.906265 0.964021 -1.878193
v -3.008091 1.458916 -2.311171
v -2.846028 0.964020 -2.258514
v -2.809073 1.458916 -2.701767
v -2.671214 0.964021 -2.601606
v -2.499096 1.458916 -3.011746
v -2.398935 0.964021 -2.873887
v -2.108499 1.458916 -3.210765
v -2.055841 0.964021 -3.048701
v -1.675520 1.458916 -3.279342
v -1.675520 0.964021 -3.108938
v -1.242542 1.458916 -3.210765
v -1.295200 0.964021 -3.048701
v -0.851945 1.458916 -3.011747
v -0.952106 0.964021 -2.873887
v -1.518992 0.864014 -1.878193
v -1.526653 0.864014 -1.829823
v -1.526653 0.864015 -1.926563
v -1.548887 0.864014 -1.970198
v -1.548887 0.864014 -1.786189
v -1.583516 0.864015 -1.751559
v -1.627151 0.864014 -1.729326
v -1.675520 0.864014 -1.721665
v -1.723890 0.864014 -1.729326
v -1.767525 0.864015 -1.751559
v -1.802154 0.864015 -1.786189
v -1.824387 0.864015 -1.829823
v -1.832049 0.864015 -1.878193
v -1.824387 0.864015 -1.926563
v -1.802154 0.864015 -1.970198
v -1.767525 0.864014 -2.004827
v -1.723890 0.864014 -2.027061
v -1.675520 0.864014 -2.034721
v -1.627151 0.864014 -2.027061
v -1.583516 0.864014 -2.004827
v -1.810904 0.864015 -1.836694
v -1.785256 0.864014 -1.849762
v -1.749954 0.864014 -1.867749
v -1.708455 0.864014 -1.888894
v -1.664819 0.864014 -1.911127
v -1.623320 0.864014 -1.932272
v -1.588019 0.864014 -1.950259
v -1.562371 0.864014 -1.963328
v -0.815861 6.950912 -1.878193
v -1.023461 7.481900 -1.878193
v -0.857936 6.950913 -2.143842
v -1.055375 7.481900 -2.079693
v -0.857936 6.950913 -1.612544
v -1.055375 7.481900 -1.676696
v -0.980041 6.950913 -1.372898
v -1.147993 7.481901 -1.494925
v -1.170226 6.950913 -1.182714
v -1.292250 7.481901 -1.350666
v -1.409871 6.950913 -1.060608
v -1.474023 7.481901 -1.258049
v -1.675521 6.950913 -1.018534
v -1.675521 7.481901 -1.226134
v -1.941170 6.950913 -1.060608
v -1.877018 7.481901 -1.258049
v -2.180816 6.950913 -1.182714
v -2.058792 7.481901 -1.350666
v -2.371000 6.950913 -1.372898
v -2.203048 7.481901 -1.494925
v -2.493105 6.950913 -1.612544
v -2.295666 7.481900 -1.676696
v -2.535180 6.950912 -1.878193
v -2.327580 7.481900 -1.878193
v -2.493105 6.950913 -2.143842
v -2.295666 7.481900 -2.079693
v -2.371000 6.950912 -2.383488
v -2.203048 7.481900 -2.261465
v -2.180816 6.950913 -2.573673
v -2.058792 7.481900 -2.405721
v -1.941170 6.950913 -2.695778
v -1.877018 7.481901 -2.498340
v -1.675521 6.950913 -2.737853
v -1.675521 7.481901 -2.530253
v -1.409871 6.950913 -2.695778
v -1.474023 7.481901 -2.498339
v -1.170225 6.950913 -2.573673
v -1.292249 7.481901 -2.405721
v -0.980041 6.950913 -2.383489
v -1.147993 7.481900 -2.261464
v -0.678766 0.628645 -1.878193
v -0.727551 0.628645 -2.186207
v -1.062199 0.672041 -1.878193
v -1.092216 0.672041 -2.067720
v -0.727551 0.628645 -1.570179
v -1.092216 0.672041 -1.688667
v -0.869131 0.628645 -1.292316
v -1.179334 0.672041 -1.517693
v -1.089643 0.628645 -1.071802
v -1.315019 0.672041 -1.382004
v -1.367507 0.628644 -0.930227
v -1.485993 0.672041 -1.294890
v -1.675520 0.628645 -0.881439
v -1.675521 0.672041 -1.264870
v -1.983534 0.628644 -0.930227
v -1.865047 0.672041 -1.294890
v -2.261398 0.628645 -1.071803
v -2.036022 0.672041 -1.382004
v -2.481910 0.628645 -1.292316
v -2.171708 0.672041 -1.517693
v -2.623490 0.628645 -1.570179
v -2.258825 0.672041 -1.688666
v -2.672275 0.628645 -1.878193
v -2.288842 0.672041 -1.878193
v -2.623490 0.628645 -2.186206
v -2.258824 0.672041 -2.067720
v -2.481911 0.628645 -2.464070
v -2.171708 0.672041 -2.238695
v -2.261398 0.628645 -2.684584
v -2.036022 0.672041 -2.374382
v -1.983534 0.628645 -2.826163
v -1.865048 0.672041 -2.461498
v -1.675520 0.628645 -2.874947
v -1.675520 0.672041 -2.491516
v -1.367507 0.628645 -2.826163
v -1.485994 0.672041 -2.461498
v -1.089644 0.628645 -2.684584
v -1.315019 0.672041 -2.374382
v -0.869128 0.628645 -2.464070
v -1.179333 0.672041 -2.238695
v -1.829242 0.764008 -1.828246
v -1.810904 0.764015 -1.836694
v -1.770526 0.764008 -1.747429
v -1.807659 0.764122 -1.782189
v -1.115337 0.804796 -1.878193
v -1.142754 0.804796 -2.051299
v -1.142754 0.804796 -1.705087
v -1.222323 0.804796 -1.548926
v -1.346253 0.804796 -1.424994
v -1.502413 0.804796 -1.345428
v -1.675521 0.804796 -1.318009
v -1.848626 0.804796 -1.345427
v -2.004788 0.804796 -1.424995
v -2.128719 0.804796 -1.548928
v -2.208286 0.804796 -1.705086
v -2.235704 0.804796 -1.878193
v -2.208287 0.804796 -2.051299
v -2.128718 0.804796 -2.207461
v -2.004789 0.804796 -2.331391
v -1.848627 0.804796 -2.410961
v -1.675521 0.804796 -2.438378
v -1.502413 0.804796 -2.410960
v -1.346254 0.804796 -2.331393
v -1.222322 0.804796 -2.207460
v -1.308598 7.798170 -2.144790
v -1.244172 7.798170 -2.018349
v -1.408931 7.798170 -2.245119
v -1.535359 7.798170 -2.309538
v -1.675526 7.798170 -2.331741
v -1.815682 7.798170 -2.309540
v -1.942086 7.798171 -2.245132
v -2.042460 7.798169 -2.144769
v -2.106868 7.798170 -2.018350
v -2.129067 7.798170 -1.878191
v -2.106870 7.798170 -1.738048
v -2.042443 7.798170 -1.611596
v -1.942106 7.798170 -1.511264
v -1.815681 7.798171 -1.446850
v -1.675516 7.798170 -1.424646
v -1.535369 7.798170 -1.446846
v -1.408952 7.798170 -1.511256
v -1.308590 7.798170 -1.611610
v -1.244169 7.798170 -1.738047
v -1.221975 7.798170 -1.878193
v -1.267701 7.803529 -2.010701
v -1.328609 7.803529 -2.130239
v -1.328612 8.074570 -2.130237
v -1.267705 8.074570 -2.010703
v -1.423474 7.803528 -2.225106
v -1.423476 8.074570 -2.225102
v -1.543012 7.803528 -2.286013
v -1.543013 8.074570 -2.286010
v -1.675521 7.803529 -2.307001
v -1.675520 8.074570 -2.306997
v -1.808029 7.803529 -2.286013
v -1.808028 8.074570 -2.286009
v -1.927567 7.803528 -2.225106
v -1.927565 8.074570 -2.225102
v -2.022432 7.803529 -2.130239
v -2.022429 8.074570 -2.130237
v -2.083340 7.803529 -2.010704
v -2.083336 8.074570 -2.010703
v -2.104327 7.803529 -1.878193
v -2.104323 8.074570 -1.878193
v -2.083340 7.803528 -1.745685
v -2.083336 8.074570 -1.745686
v -2.022432 7.803529 -1.626147
v -2.022429 8.074570 -1.626149
v -1.927566 7.803529 -1.531282
v -1.927564 8.074570 -1.531285
v -1.808030 7.803529 -1.470376
v -1.808028 8.074570 -1.470379
v -1.675521 7.803529 -1.449386
v -1.675521 8.074570 -1.449391
v -1.543012 7.803529 -1.470376
v -1.543013 8.074570 -1.470379
v -1.423475 7.803528 -1.531282
v -1.423477 8.074570 -1.531285
v -1.328609 7.803528 -1.626147
v -1.328612 8.074570 -1.626149
v -1.267701 7.803529 -1.745685
v -1.267705 8.074570 -1.745686
v -1.246714 7.803529 -1.878193
v -1.246718 8.074570 -1.878193
v -1.349657 8.365217 -1.984082
v -1.398324 8.365216 -2.079592
v -1.290220 8.371610 -2.003385
v -1.347763 8.371610 -2.116319
v -1.474121 8.365216 -2.155387
v -1.437403 8.371610 -2.205955
v -1.569643 8.365216 -2.204057
v -1.550325 8.371610 -2.263492
v -1.675522 8.365217 -2.220828
v -1.675538 8.371609 -2.283319
v -1.781401 8.365216 -2.204058
v -1.800694 8.371610 -2.263503
v -1.876918 8.365216 -2.155390
v -1.913652 8.371610 -2.205947
v -1.952717 8.365216 -2.079593
v -2.003276 8.371610 -2.116322
v -2.001385 8.365217 -1.984075
v -2.060822 8.371609 -2.003379
v -2.018155 8.365216 -1.878193
v -2.080649 8.371609 -1.878195
v -2.001385 8.365217 -1.772313
v -2.060821 8.371609 -1.753002
v -1.952718 8.365216 -1.676800
v -2.003283 8.371610 -1.640071
v -1.876917 8.365216 -1.601000
v -1.913654 8.371610 -1.550440
v -1.781398 8.365216 -1.552330
v -1.800705 8.371610 -1.492895
v -1.675521 8.365217 -1.535559
v -1.675513 8.371609 -1.473066
v -1.569644 8.365217 -1.552330
v -1.550327 8.371609 -1.492897
v -1.474124 8.365217 -1.601000
v -1.437386 8.371609 -1.550443
v -1.398323 8.365216 -1.676800
v -1.347772 8.371610 -1.640050
v -1.349656 8.365217 -1.772313
v -1.290220 8.371609 -1.753007
v -1.332886 8.365217 -1.878193
v -1.270392 8.371609 -1.878192
v -1.425217 8.051105 -1.959525
v -1.462599 8.051105 -2.032889
v -1.520824 8.051104 -2.091115
v -1.594193 8.051104 -2.128499
v -1.675521 8.051104 -2.141380
v -1.756848 8.051104 -2.128499
v -1.830217 8.051105 -2.091115
v -1.888442 8.051105 -2.032889
v -1.925824 8.051105 -1.959524
v -1.938705 8.051105 -1.878193
v -1.925824 8.051105 -1.796865
v -1.888441 8.051104 -1.723497
v -1.830217 8.051104 -1.665272
v -1.756848 8.051104 -1.627890
v -1.675521 8.051105 -1.615009
v -1.594193 8.051104 -1.627890
v -1.520824 8.051104 -1.665272
v -1.462600 8.051104 -1.723497
v -1.425217 8.051105 -1.796865
v -1.412336 8.051105 -1.878193
v -0.761521 6.543562 -2.542253
v -0.601050 6.543562 -2.227309
v -1.011461 6.543562 -2.792193
v -1.326404 6.543562 -2.952664
v -1.675520 6.543563 -3.007959
v -2.024637 6.543562 -2.952664
v -2.339580 6.543562 -2.792192
v -2.589520 6.543563 -2.542252
v -2.749991 6.543563 -2.227309
v -2.805285 6.543562 -1.878193
v -2.749991 6.543562 -1.529077
v -2.589519 6.543562 -1.214134
v -2.339580 6.543562 -0.964194
v -2.024637 6.543562 -0.803722
v -1.675521 6.543562 -0.748428
v -1.326404 6.543562 -0.803722
v -1.011461 6.543562 -0.964194
v -0.761522 6.543562 -1.214134
v -0.601051 6.543563 -1.529077
v -0.545756 6.543562 -1.878193
v -0.299071 5.369803 -2.325428
v -0.333702 5.791576 -2.314176
v -0.504643 5.369803 -2.728885
v -0.534102 5.791576 -2.707483
v -0.438259 6.200927 -2.280203
v -0.623043 6.200927 -2.642863
v -0.824828 5.369803 -3.049071
v -0.846231 5.791576 -3.019613
v -0.910850 6.200927 -2.930671
v -1.228285 5.369803 -3.254642
v -1.239537 5.791576 -3.220011
v -1.273510 6.200927 -3.115455
v -1.675520 5.369804 -3.325478
v -1.675520 5.791576 -3.289065
v -1.675520 6.200927 -3.179128
v -2.122756 5.369804 -3.254642
v -2.111504 5.791576 -3.220011
v -2.077531 6.200927 -3.115455
v -2.526213 5.369804 -3.049070
v -2.504810 5.791576 -3.019612
v -2.440191 6.200927 -2.930671
v -2.846397 5.369803 -2.728885
v -2.816939 5.791576 -2.707482
v -2.727998 6.200927 -2.642863
v -3.051969 5.369804 -2.325428
v -3.017338 5.791576 -2.314176
v -2.912782 6.200927 -2.280203
v -3.122804 5.369804 -1.878193
v -3.086391 5.791576 -1.878193
v -2.976454 6.200927 -1.878193
v -3.051969 5.369804 -1.430957
v -3.017338 5.791576 -1.442210
v -2.912782 6.200927 -1.476182
v -2.846397 5.369803 -1.027500
v -2.816939 5.791576 -1.048904
v -2.727998 6.200927 -1.113523
v -2.526213 5.369804 -0.707315
v -2.504810 5.791576 -0.736774
v -2.440190 6.200927 -0.825715
v -2.122756 5.369803 -0.501743
v -2.111503 5.791577 -0.536375
v -2.077531 6.200927 -0.640931
v -1.675520 5.369803 -0.430909
v -1.675520 5.791577 -0.467322
v -1.675520 6.200927 -0.577260
v -1.228285 5.369804 -0.501743
v -1.239537 5.791577 -0.536375
v -1.273510 6.200927 -0.640932
v -0.824829 5.369803 -0.707315
v -0.846232 5.791576 -0.736774
v -0.910851 6.200927 -0.825715
v -0.504644 5.369804 -1.027500
v -0.534103 5.791576 -1.048904
v -0.623043 6.200927 -1.113523
v -0.299073 5.369804 -1.430957
v -0.333704 5.791576 -1.442210
v -0.438259 6.200927 -1.476182
v -0.228238 5.369804 -1.878192
v -0.264650 5.791576 -1.878192
v -0.374587 6.200927 -1.878192
v -0.468969 0.909963 -2.270226
v -0.301356 1.441943 -2.324686
v -0.230640 1.441943 -1.878192
v -0.406878 0.909963 -1.878192
v -0.649166 0.909963 -2.623883
v -0.506586 1.441943 -2.727474
v -0.301356 1.441943 -1.431700
v -0.468969 0.909963 -1.486160
v -0.506587 1.441943 -1.028912
v -0.649167 0.909963 -1.132503
v -0.826241 1.441943 -0.709258
v -0.929832 0.909963 -0.851838
v -1.229027 1.441943 -0.504028
v -1.283488 0.909964 -0.671641
v -1.675520 1.441943 -0.433310
v -1.675520 0.909962 -0.609550
v -2.122014 1.441943 -0.504027
v -2.067553 0.909964 -0.671641
v -2.524801 1.441943 -0.709258
v -2.421210 0.909963 -0.851838
v -2.844454 1.441943 -1.028912
v -2.701874 0.909963 -1.132503
v -3.049685 1.441943 -1.431700
v -2.882072 0.909963 -1.486160
v -3.120402 1.441943 -1.878193
v -2.944164 0.909963 -1.878193
v -3.049685 1.441943 -2.324686
v -2.882072 0.909963 -2.270225
v -2.844455 1.441943 -2.727473
v -2.701874 0.909963 -2.623883
v -2.524802 1.441943 -3.047127
v -2.421211 0.909963 -2.904548
v -2.122014 1.441943 -3.252358
v -2.067553 0.909963 -3.084745
v -1.675520 1.441943 -3.323076
v -1.675521 0.909963 -3.146837
v -1.229027 1.441943 -3.252358
v -1.283488 0.909963 -3.084745
v -0.826239 1.441943 -3.047128
v -0.929830 0.909964 -2.904548
v -1.580515 0.764008 -2.008957
v -1.544757 0.764008 -1.973198
v -1.520182 0.764122 -1.928666
v -1.513888 0.764008 -1.878193
v -1.521799 0.764008 -1.828246
v -1.544757 0.764008 -1.783188
v -1.580515 0.764008 -1.747429
v -1.625573 0.764008 -1.724471
v -1.675520 0.764008 -1.716560
v -1.725468 0.764008 -1.724471
v -1.837153 0.764008 -1.878193
v -1.829242 0.764008 -1.928140
v -1.806284 0.764008 -1.973198
v -1.770526 0.764008 -2.008957
v -1.725468 0.764008 -2.031915
v -1.675520 0.764008 -2.039826
v -1.625573 0.764008 -2.031915
v -1.562370 0.764014 -1.963328
v -1.588018 0.764014 -1.950260
v -1.623320 0.764014 -1.932272
v -1.664819 0.764014 -1.911127
v -1.708455 0.764014 -1.888894
v -1.749954 0.764014 -1.867749
v -1.785256 0.764014 -1.849762
vt 0.656250 0.843750
vt 0.648603 0.892034
vt 0.648603 0.795466
vt 0.626409 0.751909
vt 0.591842 0.717341
vt 0.548284 0.695147
vt 0.500000 0.687500
vt 0.451716 0.695147
vt 0.408159 0.717341
vt 0.373591 0.751909
vt 0.351397 0.795466
vt 0.343750 0.843750
vt 0.351397 0.892034
vt 0.373591 0.935591
vt 0.408159 0.970159
vt 0.451716 0.992353
vt 0.500000 1.000000
vt 0.548284 0.992353
vt 0.591841 0.970159
vt 0.626409 0.935591
vt 0.648603 0.107966
vt 0.656250 0.156250
vt 0.656250 0.156250
vt 0.648603 0.107966
vt 0.648603 0.204534
vt 0.648603 0.204534
vt 0.626409 0.248091
vt 0.626409 0.248091
vt 0.591841 0.282659
vt 0.591841 0.282659
vt 0.548284 0.304853
vt 0.548284 0.304853
vt 0.500000 0.312500
vt 0.500000 0.312500
vt 0.451716 0.304853
vt 0.451716 0.304853
vt 0.408159 0.282659
vt 0.408159 0.282659
vt 0.373591 0.248091
vt 0.373591 0.248091
vt 0.351397 0.204534
vt 0.351397 0.204534
vt 0.343750 0.156250
vt 0.343750 0.156250
vt 0.351397 0.107966
vt 0.351397 0.107966
vt 0.373591 0.064409
vt 0.373591 0.064409
vt 0.408159 0.029841
vt 0.408159 0.029841
vt 0.451716 0.007647
vt 0.451716 0.007647
vt 0.500000 -0.000000
vt 0.500000 -0.000000
vt 0.548284 0.007647
vt 0.548284 0.007647
vt 0.591842 0.029841
vt 0.591842 0.029841
vt 0.626409 0.064408
vt 0.626409 0.064408
vt 0.656250 0.156250
vt 0.648603 0.204534
vt 0.648603 0.107966
vt 0.626409 0.064408
vt 0.626409 0.248091
vt 0.591841 0.282659
vt 0.548284 0.304853
vt 0.500000 0.312500
vt 0.451716 0.304853
vt 0.408159 0.282659
vt 0.373591 0.248091
vt 0.351397 0.204534
vt 0.343750 0.156250
vt 0.351397 0.107966
vt 0.373591 0.064409
vt 0.408159 0.029841
vt 0.451716 0.007647
vt 0.500000 -0.000000
vt 0.548284 0.007647
vt 0.591842 0.029841
vt 0.626409 0.935591
vt 0.648603 0.892034
vt 0.591841 0.970159
vt 0.548284 0.992353
vt 0.500000 1.000000
vt 0.451716 0.992353
vt 0.408159 0.970159
vt 0.373591 0.935591
vt 0.351397 0.892034
vt 0.343750 0.843750
vt 0.351397 0.795466
vt 0.373591 0.751909
vt 0.408159 0.717341
vt 0.451716 0.695147
vt 0.500000 0.687500
vt 0.548284 0.695147
vt 0.591842 0.717341
vt 0.626409 0.751908
vt 0.648603 0.795466
vt 0.656250 0.843750
vt 0.648603 0.892034
vt 0.626409 0.935591
vt 0.626409 0.935591
vt 0.648603 0.892034
vt 0.591841 0.970159
vt 0.591841 0.970159
vt 0.548284 0.992353
vt 0.548284 0.992353
vt 0.500000 1.000000
vt 0.500000 1.000000
vt 0.451716 0.992353
vt 0.451716 0.992353
vt 0.408159 0.970159
vt 0.408159 0.970159
vt 0.373591 0.935591
vt 0.373591 0.935591
vt 0.351397 0.892034
vt 0.351397 0.892034
vt 0.343750 0.843750
vt 0.343750 0.843750
vt 0.351397 0.795466
vt 0.351397 0.795466
vt 0.373591 0.751909
vt 0.373591 0.751909
vt 0.408159 0.717341
vt 0.408159 0.717341
vt 0.451716 0.695147
vt 0.451716 0.695147
vt 0.500000 0.687500
vt 0.500000 0.687500
vt 0.548284 0.695147
vt 0.548284 0.695147
vt 0.591842 0.717341
vt 0.591842 0.717341
vt 0.626409 0.751908
vt 0.626409 0.751908
vt 0.648603 0.795466
vt 0.648603 0.795466
vt 0.656250 0.843750
vt 0.656250 0.843750
vt 0.626409 0.935591
vt 0.648603 0.892034
vt 0.648603 0.892034
vt 0.626409 0.935591
vt 0.591841 0.970159
vt 0.591841 0.970159
vt 0.548284 0.992353
vt 0.548284 0.992353
vt 0.500000 1.000000
vt 0.500000 1.000000
vt 0.451716 0.992353
vt 0.451716 0.992353
vt 0.408159 0.970159
vt 0.408159 0.970159
vt 0.373591 0.935591
vt 0.373591 0.935591
vt 0.351397 0.892034
vt 0.351397 0.892034
vt 0.343750 0.843750
vt 0.343750 0.843750
vt 0.351397 0.795466
vt 0.351397 0.795466
vt 0.373591 0.751909
vt 0.373591 0.751909
vt 0.408159 0.717341
vt 0.408159 0.717341
vt 0.451716 0.695147
vt 0.451716 0.695147
vt 0.500000 0.687500
vt 0.500000 0.687500
vt 0.548284 0.695147
vt 0.548284 0.695147
vt 0.591842 0.717341
vt 0.591842 0.717341
vt 0.626409 0.751908
vt 0.626409 0.751908
vt 0.648603 0.795466
vt 0.648603 0.795466
vt 0.656250 0.843750
vt 0.656250 0.843750
vt 0.626409 0.935591
vt 0.648603 0.892034
vt 0.591841 0.970159
vt 0.548284 0.992353
vt 0.500000 1.000000
vt 0.451716 0.992353
vt 0.408159 0.970159
vt 0.373591 0.935591
vt 0.351397 0.892034
vt 0.343750 0.843750
vt 0.351397 0.795466
vt 0.373591 0.751909
vt 0.408159 0.717341
vt 0.451716 0.695147
vt 0.500000 0.687500
vt 0.548284 0.695147
vt 0.591842 0.717341
vt 0.626409 0.751908
vt 0.648603 0.795466
vt 0.656250 0.843750
vt 0.648603 0.892034
vt 0.626409 0.935591
vt 0.591841 0.970159
vt 0.548284 0.992353
vt 0.500000 1.000000
vt 0.451716 0.992353
vt 0.408159 0.970159
vt 0.373591 0.935591
vt 0.351397 0.892034
vt 0.343750 0.843750
vt 0.351397 0.795466
vt 0.373591 0.751909
vt 0.408159 0.717341
vt 0.451716 0.695147
vt 0.500000 0.687500
vt 0.548284 0.695147
vt 0.591842 0.717341
vt 0.626409 0.751908
vt 0.648603 0.795466
vt 0.656250 0.843750
vt 0.375000 0.687500
vt 0.375000 0.641945
vt 0.387500 0.641945
vt 0.387500 0.687500
vt 0.644903 0.890832
vt 0.623262 0.933305
vt 0.648603 0.892034
vt 0.626409 0.935591
vt 0.400000 0.641945
vt 0.400000 0.687500
vt 0.589555 0.967012
vt 0.591841 0.970159
vt 0.412500 0.641945
vt 0.412500 0.687500
vt 0.547082 0.988653
vt 0.548284 0.992353
vt 0.425000 0.641945
vt 0.425000 0.687500
vt 0.500000 0.996110
vt 0.500000 1.000000
vt 0.437500 0.641945
vt 0.437500 0.687500
vt 0.452918 0.988653
vt 0.451716 0.992353
vt 0.450000 0.641945
vt 0.450000 0.687500
vt 0.410445 0.967012
vt 0.408159 0.970159
vt 0.462500 0.641945
vt 0.462500 0.687500
vt 0.376738 0.933305
vt 0.373591 0.935591
vt 0.475000 0.641945
vt 0.475000 0.687500
vt 0.355097 0.890832
vt 0.351397 0.892034
vt 0.487500 0.641945
vt 0.487500 0.687500
vt 0.347640 0.843750
vt 0.343750 0.843750
vt 0.500000 0.641945
vt 0.500000 0.687500
vt 0.355097 0.796668
vt 0.351397 0.795466
vt 0.512500 0.641945
vt 0.512500 0.687500
vt 0.376738 0.754195
vt 0.373591 0.751909
vt 0.525000 0.641945
vt 0.525000 0.687500
vt 0.410445 0.720488
vt 0.408159 0.717341
vt 0.537500 0.641945
vt 0.537500 0.687500
vt 0.452918 0.698847
vt 0.451716 0.695147
vt 0.550000 0.641945
vt 0.550000 0.687500
vt 0.500000 0.691390
vt 0.500000 0.687500
vt 0.562500 0.641945
vt 0.562500 0.687500
vt 0.547082 0.698847
vt 0.548284 0.695147
vt 0.575000 0.641945
vt 0.575000 0.687500
vt 0.589555 0.720488
vt 0.591842 0.717341
vt 0.587500 0.641945
vt 0.587500 0.687500
vt 0.623262 0.754195
vt 0.626409 0.751908
vt 0.600000 0.641945
vt 0.600000 0.687500
vt 0.644903 0.796668
vt 0.648603 0.795466
vt 0.612500 0.641945
vt 0.612500 0.687500
vt 0.652360 0.843750
vt 0.656250 0.843750
vt 0.625000 0.641945
vt 0.625000 0.687500
vt 0.625000 0.323765
vt 0.625000 0.355295
vt 0.612500 0.355295
vt 0.612500 0.323765
vt 0.375000 0.355295
vt 0.375000 0.323765
vt 0.387500 0.323765
vt 0.387500 0.355295
vt 0.600000 0.355295
vt 0.600000 0.323765
vt 0.587500 0.355295
vt 0.587500 0.323765
vt 0.575000 0.355295
vt 0.575000 0.323765
vt 0.562500 0.355295
vt 0.562500 0.323765
vt 0.550000 0.355295
vt 0.550000 0.323765
vt 0.537500 0.355295
vt 0.537500 0.323765
vt 0.525000 0.355295
vt 0.525000 0.323765
vt 0.512500 0.355295
vt 0.512500 0.323765
vt 0.500000 0.355295
vt 0.500000 0.323765
vt 0.487500 0.355295
vt 0.487500 0.323765
vt 0.475000 0.355295
vt 0.475000 0.323765
vt 0.462500 0.355295
vt 0.462500 0.323765
vt 0.450000 0.355295
vt 0.450000 0.323765
vt 0.437500 0.355295
vt 0.437500 0.323765
vt 0.425000 0.355295
vt 0.425000 0.323765
vt 0.412500 0.355295
vt 0.412500 0.323765
vt 0.400000 0.355295
vt 0.400000 0.323765
vt 0.375000 0.312500
vt 0.387500 0.312500
vt 0.400000 0.312500
vt 0.412500 0.312500
vt 0.425000 0.312500
vt 0.437500 0.312500
vt 0.450000 0.312500
vt 0.462500 0.312500
vt 0.475000 0.312500
vt 0.487500 0.312500
vt 0.500000 0.312500
vt 0.512500 0.312500
vt 0.525000 0.312500
vt 0.537500 0.312500
vt 0.550000 0.312500
vt 0.562500 0.312500
vt 0.575000 0.312500
vt 0.587500 0.312500
vt 0.600000 0.312500
vt 0.612500 0.312500
vt 0.625000 0.312500
vt 0.648603 0.892034
vt 0.656250 0.843750
vt 0.648603 0.795466
vt 0.626409 0.751908
vt 0.591842 0.717341
vt 0.548284 0.695147
vt 0.500000 0.687500
vt 0.451716 0.695147
vt 0.408159 0.717341
vt 0.373591 0.751909
vt 0.351397 0.795466
vt 0.343750 0.843750
vt 0.351397 0.892034
vt 0.373591 0.935591
vt 0.408159 0.970159
vt 0.451716 0.992353
vt 0.500000 1.000000
vt 0.548284 0.992353
vt 0.591841 0.970159
vt 0.626409 0.935591
vt 0.578125 0.156250
vt 0.574301 0.180392
vt 0.574301 0.132108
vt 0.563205 0.110329
vt 0.563204 0.202171
vt 0.545921 0.219454
vt 0.524142 0.230551
vt 0.500000 0.234375
vt 0.475858 0.230551
vt 0.454079 0.219454
vt 0.436796 0.202171
vt 0.425699 0.180392
vt 0.421875 0.156250
vt 0.425699 0.132108
vt 0.436796 0.110329
vt 0.454079 0.093046
vt 0.475858 0.081949
vt 0.500000 0.078125
vt 0.524142 0.081949
vt 0.545921 0.093045
vt 0.432429 0.176963
vt 0.445230 0.170440
vt 0.462849 0.161463
vt 0.483562 0.150909
vt 0.505341 0.139812
vt 0.526054 0.129258
vt 0.543673 0.120281
vt 0.556474 0.113758
vt 0.656250 0.843750
vt 0.656250 0.843750
vt 0.648603 0.892034
vt 0.648603 0.892034
vt 0.648603 0.795466
vt 0.648603 0.795466
vt 0.626409 0.751908
vt 0.626409 0.751909
vt 0.591842 0.717341
vt 0.591842 0.717341
vt 0.548284 0.695147
vt 0.548284 0.695147
vt 0.500000 0.687500
vt 0.500000 0.687500
vt 0.451716 0.695147
vt 0.451716 0.695147
vt 0.408159 0.717341
vt 0.408159 0.717341
vt 0.373591 0.751909
vt 0.373591 0.751909
vt 0.351397 0.795466
vt 0.351397 0.795466
vt 0.343750 0.843750
vt 0.343750 0.843750
vt 0.351397 0.892034
vt 0.351397 0.892034
vt 0.373591 0.935591
vt 0.373591 0.935591
vt 0.408159 0.970159
vt 0.408159 0.970159
vt 0.451716 0.992353
vt 0.451716 0.992353
vt 0.500000 1.000000
vt 0.500000 1.000000
vt 0.548284 0.992353
vt 0.548284 0.992353
vt 0.591841 0.970159
vt 0.591841 0.970159
vt 0.626409 0.935591
vt 0.626409 0.935591
vt 0.648603 0.107966
vt 0.656250 0.156250
vt 0.656250 0.156250
vt 0.648603 0.107966
vt 0.648603 0.204534
vt 0.648603 0.204534
vt 0.626409 0.248091
vt 0.626409 0.248091
vt 0.591841 0.282659
vt 0.591841 0.282659
vt 0.548284 0.304853
vt 0.548284 0.304853
vt 0.500000 0.312500
vt 0.500000 0.312500
vt 0.451716 0.304853
vt 0.451716 0.304853
vt 0.408159 0.282659
vt 0.408159 0.282659
vt 0.373591 0.248091
vt 0.373591 0.248091
vt 0.351397 0.204534
vt 0.351397 0.204534
vt 0.343750 0.156250
vt 0.343750 0.156250
vt 0.351397 0.107966
vt 0.351397 0.107966
vt 0.373591 0.064409
vt 0.373591 0.064409
vt 0.408159 0.029841
vt 0.408159 0.029841
vt 0.451716 0.007647
vt 0.451716 0.007647
vt 0.500000 -0.000000
vt 0.500000 -0.000000
vt 0.548284 0.007647
vt 0.548284 0.007647
vt 0.591842 0.029841
vt 0.591842 0.029841
vt 0.626409 0.064408
vt 0.626409 0.064408
vt 0.425699 0.180392
vt 0.432429 0.176963
vt 0.454079 0.219454
vt 0.436796 0.202171
vt 0.656250 0.156250
vt 0.648603 0.107966
vt 0.648603 0.204534
vt 0.626409 0.248091
vt 0.591841 0.282659
vt 0.548284 0.304853
vt 0.500000 0.312500
vt 0.451716 0.304853
vt 0.408159 0.282659
vt 0.373591 0.248091
vt 0.351397 0.204534
vt 0.343750 0.156250
vt 0.351397 0.107966
vt 0.373591 0.064409
vt 0.408159 0.029841
vt 0.451716 0.007647
vt 0.500000 -0.000000
vt 0.548284 0.007647
vt 0.591842 0.029841
vt 0.626409 0.064408
vt 0.648603 0.892034
vt 0.626409 0.935591
vt 0.626409 0.935591
vt 0.648603 0.892034
vt 0.591841 0.970159
vt 0.591841 0.970159
vt 0.548284 0.992353
vt 0.548284 0.992353
vt 0.500000 1.000000
vt 0.500000 1.000000
vt 0.451716 0.992353
vt 0.451716 0.992353
vt 0.408159 0.970159
vt 0.408159 0.970159
vt 0.373591 0.935591
vt 0.373591 0.935591
vt 0.351397 0.892034
vt 0.351397 0.892034
vt 0.343750 0.843750
vt 0.343750 0.843750
vt 0.351397 0.795466
vt 0.351397 0.795466
vt 0.373591 0.751909
vt 0.373591 0.751909
vt 0.408159 0.717341
vt 0.408159 0.717341
vt 0.451716 0.695147
vt 0.451716 0.695147
vt 0.500000 0.687500
vt 0.500000 0.687500
vt 0.548284 0.695147
vt 0.548284 0.695147
vt 0.591842 0.717341
vt 0.591842 0.717341
vt 0.626409 0.751908
vt 0.626409 0.751908
vt 0.648603 0.795466
vt 0.648603 0.795466
vt 0.656250 0.843750
vt 0.656250 0.843750
vt 0.648603 0.892034
vt 0.626409 0.935591
vt 0.626409 0.935591
vt 0.648603 0.892034
vt 0.591841 0.970159
vt 0.591841 0.970159
vt 0.548284 0.992353
vt 0.548284 0.992353
vt 0.500000 1.000000
vt 0.500000 1.000000
vt 0.451716 0.992353
vt 0.451716 0.992353
vt 0.408159 0.970159
vt 0.408159 0.970159
vt 0.373591 0.935591
vt 0.373591 0.935591
vt 0.351397 0.892034
vt 0.351397 0.892034
vt 0.343750 0.843750
vt 0.343750 0.843750
vt 0.351397 0.795466
vt 0.351397 0.795466
vt 0.373591 0.751909
vt 0.373591 0.751909
vt 0.408159 0.717341
vt 0.408159 0.717341
vt 0.451716 0.695147
vt 0.451716 0.695147
vt 0.500000 0.687500
vt 0.500000 0.687500
vt 0.548284 0.695147
vt 0.548284 0.695147
vt 0.591842 0.717341
vt 0.591842 0.717341
vt 0.626409 0.751908
vt 0.626409 0.751908
vt 0.648603 0.795466
vt 0.648603 0.795466
vt 0.656250 0.843750
vt 0.656250 0.843750
vt 0.626409 0.935591
vt 0.648603 0.892034
vt 0.648603 0.892034
vt 0.626409 0.935591
vt 0.591841 0.970159
vt 0.591841 0.970159
vt 0.548284 0.992353
vt 0.548284 0.992353
vt 0.500000 1.000000
vt 0.500000 1.000000
vt 0.451716 0.992353
vt 0.451716 0.992353
vt 0.408159 0.970159
vt 0.408159 0.970159
vt 0.373591 0.935591
vt 0.373591 0.935591
vt 0.351397 0.892034
vt 0.351397 0.892034
vt 0.343750 0.843750
vt 0.343750 0.843750
vt 0.351397 0.795466
vt 0.351397 0.795466
vt 0.373591 0.751909
vt 0.373591 0.751909
vt 0.408159 0.717341
vt 0.408159 0.717341
vt 0.451716 0.695147
vt 0.451716 0.695147
vt 0.500000 0.687500
vt 0.500000 0.687500
vt 0.548284 0.695147
vt 0.548284 0.695147
vt 0.591842 0.717341
vt 0.591842 0.717341
vt 0.626409 0.751908
vt 0.626409 0.751908
vt 0.648603 0.795466
vt 0.648603 0.795466
vt 0.656250 0.843750
vt 0.656250 0.843750
vt 0.626409 0.935591
vt 0.648603 0.892034
vt 0.591841 0.970159
vt 0.548284 0.992353
vt 0.500000 1.000000
vt 0.451716 0.992353
vt 0.408159 0.970159
vt 0.373591 0.935591
vt 0.351397 0.892034
vt 0.343750 0.843750
vt 0.351397 0.795466
vt 0.373591 0.751909
vt 0.408159 0.717341
vt 0.451716 0.695147
vt 0.500000 0.687500
vt 0.548284 0.695147
vt 0.591842 0.717341
vt 0.626409 0.751908
vt 0.648603 0.795466
vt 0.656250 0.843750
vt 0.648603 0.892034
vt 0.626409 0.935591
vt 0.591841 0.970159
vt 0.548284 0.992353
vt 0.500000 1.000000
vt 0.451716 0.992353
vt 0.408159 0.970159
vt 0.373591 0.935591
vt 0.351397 0.892034
vt 0.343750 0.843750
vt 0.351397 0.795466
vt 0.373591 0.751909
vt 0.408159 0.717341
vt 0.451716 0.695147
vt 0.500000 0.687500
vt 0.548284 0.695147
vt 0.591842 0.717341
vt 0.626409 0.751908
vt 0.648603 0.795466
vt 0.656250 0.843750
vt 0.375000 0.687500
vt 0.375000 0.641945
vt 0.387500 0.641945
vt 0.387500 0.687500
vt 0.644903 0.890832
vt 0.623262 0.933305
vt 0.648603 0.892034
vt 0.626409 0.935591
vt 0.400000 0.641945
vt 0.400000 0.687500
vt 0.589555 0.967012
vt 0.591841 0.970159
vt 0.412500 0.641945
vt 0.412500 0.687500
vt 0.547082 0.988653
vt 0.548284 0.992353
vt 0.425000 0.641945
vt 0.425000 0.687500
vt 0.500000 0.996110
vt 0.500000 1.000000
vt 0.437500 0.641945
vt 0.437500 0.687500
vt 0.452918 0.988653
vt 0.451716 0.992353
vt 0.450000 0.641945
vt 0.450000 0.687500
vt 0.410445 0.967012
vt 0.408159 0.970159
vt 0.462500 0.641945
vt 0.462500 0.687500
vt 0.376738 0.933305
vt 0.373591 0.935591
vt 0.475000 0.641945
vt 0.475000 0.687500
vt 0.355097 0.890832
vt 0.351397 0.892034
vt 0.487500 0.641945
vt 0.487500 0.687500
vt 0.347640 0.843750
vt 0.343750 0.843750
vt 0.500000 0.641945
vt 0.500000 0.687500
vt 0.355097 0.796668
vt 0.351397 0.795466
vt 0.512500 0.641945
vt 0.512500 0.687500
vt 0.376738 0.754195
vt 0.373591 0.751909
vt 0.525000 0.641945
vt 0.525000 0.687500
vt 0.410445 0.720488
vt 0.408159 0.717341
vt 0.537500 0.641945
vt 0.537500 0.687500
vt 0.452918 0.698847
vt 0.451716 0.695147
vt 0.550000 0.641945
vt 0.550000 0.687500
vt 0.500000 0.691390
vt 0.500000 0.687500
vt 0.562500 0.641945
vt 0.562500 0.687500
vt 0.547082 0.698847
vt 0.548284 0.695147
vt 0.575000 0.641945
vt 0.575000 0.687500
vt 0.589555 0.720488
vt 0.591842 0.717341
vt 0.587500 0.641945
vt 0.587500 0.687500
vt 0.623262 0.754195
vt 0.626409 0.751908
vt 0.600000 0.641945
vt 0.600000 0.687500
vt 0.644903 0.796668
vt 0.648603 0.795466
vt 0.612500 0.641945
vt 0.612500 0.687500
vt 0.652360 0.843750
vt 0.656250 0.843750
vt 0.625000 0.641945
vt 0.625000 0.687500
vt 0.625000 0.323765
vt 0.625000 0.355295
vt 0.612500 0.355295
vt 0.612500 0.323765
vt 0.375000 0.355295
vt 0.375000 0.323765
vt 0.387500 0.323765
vt 0.387500 0.355295
vt 0.600000 0.355295
vt 0.600000 0.323765
vt 0.587500 0.355295
vt 0.587500 0.323765
vt 0.575000 0.355295
vt 0.575000 0.323765
vt 0.562500 0.355295
vt 0.562500 0.323765
vt 0.550000 0.355295
vt 0.550000 0.323765
vt 0.537500 0.355295
vt 0.537500 0.323765
vt 0.525000 0.355295
vt 0.525000 0.323765
vt 0.512500 0.355295
vt 0.512500 0.323765
vt 0.500000 0.355295
vt 0.500000 0.323765
vt 0.487500 0.355295
vt 0.487500 0.323765
vt 0.475000 0.355295
vt 0.475000 0.323765
vt 0.462500 0.355295
vt 0.462500 0.323765
vt 0.450000 0.355295
vt 0.450000 0.323765
vt 0.437500 0.355295
vt 0.437500 0.323765
vt 0.425000 0.355295
vt 0.425000 0.323765
vt 0.412500 0.355295
vt 0.412500 0.323765
vt 0.400000 0.355295
vt 0.400000 0.323765
vt 0.375000 0.312500
vt 0.387500 0.312500
vt 0.400000 0.312500
vt 0.412500 0.312500
vt 0.425000 0.312500
vt 0.437500 0.312500
vt 0.450000 0.312500
vt 0.462500 0.312500
vt 0.475000 0.312500
vt 0.487500 0.312500
vt 0.500000 0.312500
vt 0.512500 0.312500
vt 0.525000 0.312500
vt 0.537500 0.312500
vt 0.550000 0.312500
vt 0.562500 0.312500
vt 0.575000 0.312500
vt 0.587500 0.312500
vt 0.600000 0.312500
vt 0.612500 0.312500
vt 0.625000 0.312500
vt 0.563205 0.110329
vt 0.545921 0.093045
vt 0.574301 0.132108
vt 0.578125 0.156250
vt 0.574301 0.180392
vt 0.563204 0.202171
vt 0.545921 0.219454
vt 0.524142 0.230551
vt 0.500000 0.234375
vt 0.475858 0.230551
vt 0.421875 0.156250
vt 0.425699 0.132108
vt 0.436796 0.110329
vt 0.454079 0.093046
vt 0.475858 0.081949
vt 0.500000 0.078125
vt 0.524142 0.081949
vt 0.556474 0.113758
vt 0.543673 0.120281
vt 0.526054 0.129258
vt 0.505341 0.139812
vt 0.483562 0.150909
vt 0.462849 0.161463
vt 0.445230 0.170440
vt 0.626409 0.935591
vt 0.648603 0.892034
vt 0.591841 0.970159
vt 0.548284 0.992353
vt 0.500000 1.000000
vt 0.451716 0.992353
vt 0.408159 0.970159
vt 0.373591 0.935591
vt 0.351397 0.892034
vt 0.343750 0.843750
vt 0.351397 0.795466
vt 0.373591 0.751909
vt 0.408159 0.717341
vt 0.451716 0.695147
vt 0.500000 0.687500
vt 0.548284 0.695147
vt 0.591842 0.717341
vt 0.626409 0.751908
vt 0.648603 0.795466
vt 0.656250 0.843750
vn 0.931349 0.364128 0.000000
vn 0.882171 0.470929 0.000000
vn 0.838995 0.470929 -0.272604
vn 0.885766 0.364129 -0.287801
vn 0.885765 0.364129 0.287802
vn 0.838995 0.470929 0.272605
vn 0.753477 0.364130 0.547433
vn 0.713691 0.470930 0.518527
vn 0.547433 0.364130 0.753476
vn 0.518528 0.470930 0.713691
vn 0.287802 0.364130 0.885765
vn 0.272605 0.470930 0.838994
vn 0.000000 0.364130 0.931348
vn -0.000000 0.470930 0.882171
vn -0.287802 0.364130 0.885765
vn -0.272606 0.470930 0.838994
vn -0.547434 0.364131 0.753475
vn -0.518528 0.470930 0.713690
vn -0.753477 0.364130 0.547432
vn -0.713692 0.470929 0.518526
vn -0.885765 0.364129 0.287803
vn -0.838995 0.470929 0.272605
vn -0.931349 0.364128 0.000000
vn -0.882171 0.470929 -0.000000
vn -0.885766 0.364128 -0.287801
vn -0.838995 0.470929 -0.272604
vn -0.753477 0.364128 -0.547433
vn -0.713692 0.470929 -0.518526
vn -0.547433 0.364129 -0.753477
vn -0.518527 0.470929 -0.713691
vn -0.287802 0.364129 -0.885765
vn -0.272606 0.470929 -0.838994
vn 0.000001 0.364128 -0.931349
vn 0.000000 0.470929 -0.882171
vn 0.287802 0.364129 -0.885765
vn 0.272606 0.470929 -0.838994
vn 0.547433 0.364129 -0.753477
vn 0.518527 0.470929 -0.713691
vn 0.753477 0.364129 -0.547433
vn 0.713692 0.470929 -0.518527
vn -0.112442 -0.993499 0.017810
vn -0.112442 -0.993499 0.017810
vn -0.112442 -0.993499 0.017810
vn -0.112442 -0.993499 0.017810
vn -0.112442 -0.993499 -0.017810
vn -0.112442 -0.993499 -0.017810
vn -0.112442 -0.993499 -0.017810
vn -0.112442 -0.993499 -0.017810
vn -0.101436 -0.993499 -0.051684
vn -0.101436 -0.993499 -0.051684
vn -0.101436 -0.993499 -0.051684
vn -0.101436 -0.993499 -0.051684
vn -0.080500 -0.993499 -0.080500
vn -0.080500 -0.993499 -0.080500
vn -0.080500 -0.993499 -0.080500
vn -0.080500 -0.993499 -0.080500
vn -0.051684 -0.993499 -0.101437
vn -0.051684 -0.993499 -0.101437
vn -0.051684 -0.993499 -0.101437
vn -0.051684 -0.993499 -0.101437
vn -0.017810 -0.993499 -0.112444
vn -0.017810 -0.993499 -0.112444
vn -0.017810 -0.993499 -0.112444
vn -0.017810 -0.993499 -0.112444
vn 0.017810 -0.993498 -0.112444
vn 0.017810 -0.993499 -0.112444
vn 0.017810 -0.993499 -0.112444
vn 0.017810 -0.993499 -0.112444
vn 0.051684 -0.993499 -0.101437
vn 0.051684 -0.993499 -0.101437
vn 0.051684 -0.993499 -0.101437
vn 0.051684 -0.993499 -0.101437
vn 0.080500 -0.993499 -0.080500
vn 0.080500 -0.993499 -0.080500
vn 0.080500 -0.993499 -0.080500
vn 0.080500 -0.993499 -0.080500
vn 0.101436 -0.993499 -0.051684
vn 0.101436 -0.993499 -0.051684
vn 0.101436 -0.993499 -0.051684
vn 0.101436 -0.993499 -0.051684
vn 0.112442 -0.993499 -0.017809
vn 0.112442 -0.993499 -0.017809
vn 0.112442 -0.993499 -0.017809
vn 0.112442 -0.993499 -0.017809
vn 0.112442 -0.993499 0.017809
vn 0.112442 -0.993499 0.017809
vn 0.112442 -0.993499 0.017809
vn 0.112442 -0.993499 0.017809
vn 0.101436 -0.993499 0.051684
vn 0.101436 -0.993499 0.051684
vn 0.101436 -0.993499 0.051684
vn 0.101436 -0.993499 0.051684
vn 0.080500 -0.993499 0.080500
vn 0.080500 -0.993499 0.080500
vn 0.080500 -0.993499 0.080500
vn 0.080500 -0.993499 0.080500
vn 0.051685 -0.993499 0.101436
vn 0.051685 -0.993499 0.101436
vn 0.051685 -0.993499 0.101436
vn 0.051685 -0.993499 0.101436
vn 0.017809 -0.993499 0.112443
vn 0.017809 -0.993499 0.112443
vn 0.017809 -0.993499 0.112443
vn 0.017809 -0.993499 0.112443
vn -0.017809 -0.993499 0.112443
vn -0.017809 -0.993499 0.112443
vn -0.017809 -0.993499 0.112443
vn -0.017809 -0.993499 0.112443
vn -0.051685 -0.993499 0.101436
vn -0.051685 -0.993499 0.101436
vn -0.051685 -0.993499 0.101436
vn -0.051685 -0.993499 0.101436
vn -0.080500 -0.993499 0.080501
vn -0.080500 -0.993499 0.080501
vn -0.080500 -0.993499 0.080501
vn -0.080500 -0.993499 0.080501
vn -0.101436 -0.993499 0.051684
vn -0.101436 -0.993499 0.051684
vn -0.101436 -0.993499 0.051684
vn -0.101436 -0.993499 0.051684
vn -0.095193 -0.994987 0.030652
vn -0.000503 -1.000000 0.000384
vn -0.056241 -0.995377 0.077857
vn -0.080403 -0.995049 0.058417
vn -0.882951 -0.371610 0.286887
vn -0.928389 -0.371609 0.000000
vn -0.928389 -0.371609 0.000000
vn -0.882951 -0.371610 0.286886
vn -0.882950 -0.371608 -0.286891
vn -0.882950 -0.371608 -0.286892
vn -0.751084 -0.371607 -0.545694
vn -0.751083 -0.371607 -0.545694
vn -0.545696 -0.371610 -0.751080
vn -0.545696 -0.371610 -0.751080
vn -0.286887 -0.371611 -0.882950
vn -0.286888 -0.371611 -0.882950
vn -0.000002 -0.371610 -0.928389
vn -0.000001 -0.371610 -0.928389
vn 0.286889 -0.371609 -0.882950
vn 0.286889 -0.371609 -0.882950
vn 0.545695 -0.371610 -0.751081
vn 0.545696 -0.371610 -0.751081
vn 0.751083 -0.371608 -0.545694
vn 0.751084 -0.371608 -0.545693
vn 0.882950 -0.371609 -0.286889
vn 0.882950 -0.371609 -0.286890
vn 0.928389 -0.371610 -0.000000
vn 0.928389 -0.371610 0.000001
vn 0.882951 -0.371609 0.286888
vn 0.882951 -0.371609 0.286888
vn 0.751084 -0.371609 0.545692
vn 0.751084 -0.371609 0.545692
vn 0.545693 -0.371611 0.751082
vn 0.545695 -0.371611 0.751081
vn 0.286889 -0.371611 0.882950
vn 0.286889 -0.371611 0.882950
vn 0.000000 -0.371610 0.928389
vn 0.000001 -0.371610 0.928389
vn -0.286886 -0.371609 0.882951
vn -0.286888 -0.371609 0.882951
vn -0.545696 -0.371609 0.751081
vn -0.545695 -0.371609 0.751082
vn -0.751082 -0.371611 0.545694
vn -0.751083 -0.371611 0.545692
vn 0.685220 0.531623 -0.497846
vn 0.805526 0.531624 -0.261733
vn 0.805526 0.531624 -0.261732
vn 0.685224 0.531623 -0.497842
vn 0.497842 0.531622 -0.685224
vn 0.497841 0.531622 -0.685224
vn 0.261734 0.531625 -0.805525
vn 0.261729 0.531625 -0.805526
vn 0.000002 0.531625 -0.846980
vn 0.000004 0.531625 -0.846980
vn -0.261734 0.531623 -0.805526
vn -0.261730 0.531623 -0.805528
vn -0.497844 0.531627 -0.685219
vn -0.497854 0.531627 -0.685211
vn -0.685212 0.531627 -0.497853
vn -0.685208 0.531627 -0.497858
vn -0.805531 0.531621 -0.261721
vn -0.805531 0.531621 -0.261722
vn -0.846981 0.531624 -0.000003
vn -0.846981 0.531624 -0.000004
vn -0.805526 0.531624 0.261733
vn -0.805524 0.531624 0.261737
vn -0.685223 0.531624 0.497841
vn -0.685226 0.531624 0.497836
vn -0.497839 0.531622 0.685225
vn -0.497842 0.531622 0.685224
vn -0.261731 0.531624 0.805526
vn -0.261727 0.531624 0.805528
vn -0.000003 0.531625 0.846980
vn -0.000005 0.531625 0.846980
vn 0.261729 0.531624 0.805527
vn 0.261730 0.531624 0.805527
vn 0.497837 0.531628 0.685223
vn 0.497846 0.531628 0.685216
vn 0.685215 0.531627 0.497849
vn 0.685214 0.531627 0.497849
vn 0.805529 0.531623 0.261726
vn 0.805528 0.531623 0.261730
vn 0.846981 0.531623 -0.000005
vn 0.846981 0.531623 -0.000005
vn 0.951057 0.000014 -0.309016
vn 0.809017 0.000014 -0.587786
vn 0.808334 0.040933 -0.587299
vn 0.950260 0.040931 -0.308758
vn 0.587788 0.000015 -0.809015
vn 0.587297 0.040934 -0.808335
vn 0.309017 0.000015 -0.951057
vn 0.308748 0.040936 -0.950263
vn -0.000001 0.000016 -1.000000
vn 0.000013 0.040932 -0.999162
vn -0.309017 0.000016 -0.951056
vn -0.308765 0.040930 -0.950258
vn -0.587788 0.000016 -0.809015
vn -0.587291 0.040933 -0.808340
vn -0.809015 0.000015 -0.587788
vn -0.808340 0.040933 -0.587291
vn -0.951057 0.000015 -0.309017
vn -0.950259 0.040933 -0.308760
vn -1.000000 0.000015 0.000000
vn -0.999162 0.040931 0.000001
vn -0.951057 0.000015 0.309017
vn -0.950261 0.040930 0.308754
vn -0.809016 0.000015 0.587787
vn -0.808339 0.040929 0.587293
vn -0.587782 0.000015 0.809020
vn -0.587286 0.040932 0.808344
vn -0.309020 0.000015 0.951056
vn -0.308759 0.040934 0.950259
vn -0.000000 0.000015 1.000000
vn 0.000001 0.040933 0.999162
vn 0.309020 0.000015 0.951056
vn 0.308764 0.040933 0.950258
vn 0.587782 0.000015 0.809020
vn 0.587281 0.040929 0.808348
vn 0.809016 0.000015 0.587787
vn 0.808342 0.040929 0.587288
vn 0.951056 0.000015 0.309017
vn 0.950258 0.040932 0.308761
vn 1.000000 0.000015 0.000002
vn 0.999162 0.040931 -0.000000
vn 0.190857 0.976790 -0.097235
vn 0.190857 0.976790 -0.097235
vn 0.190857 0.976790 -0.097235
vn 0.190857 0.976790 -0.097235
vn -0.091798 0.994678 0.046778
vn -0.091798 0.994678 0.046778
vn -0.091798 0.994678 0.046778
vn -0.091798 0.994678 0.046778
vn 0.151455 0.976792 -0.151453
vn 0.151455 0.976792 -0.151453
vn 0.151455 0.976792 -0.151453
vn 0.151455 0.976792 -0.151453
vn -0.072859 0.994677 0.072868
vn -0.072859 0.994677 0.072868
vn -0.072859 0.994677 0.072868
vn -0.072859 0.994677 0.072868
vn 0.097234 0.976794 -0.190840
vn 0.097234 0.976794 -0.190840
vn 0.097234 0.976794 -0.190840
vn 0.097234 0.976794 -0.190840
vn -0.046772 0.994678 0.091799
vn -0.046772 0.994678 0.091799
vn -0.046772 0.994679 0.091799
vn -0.046772 0.994678 0.091799
vn 0.033512 0.976791 -0.211557
vn 0.033512 0.976791 -0.211557
vn 0.033512 0.976791 -0.211557
vn 0.033512 0.976791 -0.211557
vn -0.016114 0.994679 0.101755
vn -0.016114 0.994679 0.101755
vn -0.016114 0.994679 0.101755
vn -0.016114 0.994679 0.101755
vn -0.033509 0.976795 -0.211538
vn -0.033509 0.976795 -0.211538
vn -0.033509 0.976795 -0.211538
vn -0.033509 0.976795 -0.211538
vn 0.016114 0.994681 0.101733
vn 0.016114 0.994681 0.101733
vn 0.016114 0.994681 0.101733
vn 0.016114 0.994681 0.101733
vn -0.097230 0.976798 -0.190821
vn -0.097230 0.976798 -0.190821
vn -0.097230 0.976798 -0.190821
vn -0.097230 0.976798 -0.190821
vn 0.046774 0.994678 0.091809
vn 0.046774 0.994678 0.091809
vn 0.046774 0.994678 0.091809
vn 0.046774 0.994678 0.091809
vn -0.151479 0.976783 -0.151490
vn -0.151479 0.976783 -0.151490
vn -0.151479 0.976783 -0.151490
vn -0.151479 0.976783 -0.151490
vn 0.072854 0.994679 0.072846
vn 0.072854 0.994679 0.072846
vn 0.072854 0.994679 0.072846
vn 0.072854 0.994679 0.072846
vn -0.190849 0.976790 -0.097255
vn -0.190849 0.976790 -0.097255
vn -0.190849 0.976790 -0.097255
vn -0.190849 0.976790 -0.097255
vn 0.091793 0.994680 0.046759
vn 0.091793 0.994680 0.046759
vn 0.091793 0.994680 0.046759
vn 0.091793 0.994680 0.046759
vn -0.211560 0.976791 -0.033505
vn -0.211560 0.976791 -0.033505
vn -0.211560 0.976791 -0.033505
vn -0.211560 0.976791 -0.033505
vn 0.101744 0.994680 0.016119
vn 0.101744 0.994680 0.016119
vn 0.101744 0.994680 0.016119
vn 0.101744 0.994680 0.016119
vn -0.211543 0.976794 0.033502
vn -0.211543 0.976794 0.033502
vn -0.211543 0.976794 0.033502
vn -0.211543 0.976794 0.033502
vn 0.101744 0.994680 -0.016119
vn 0.101744 0.994680 -0.016119
vn 0.101744 0.994680 -0.016119
vn 0.101744 0.994680 -0.016119
vn -0.190860 0.976790 0.097232
vn -0.190860 0.976790 0.097232
vn -0.190860 0.976790 0.097232
vn -0.190860 0.976790 0.097232
vn 0.091788 0.994680 -0.046764
vn 0.091788 0.994680 -0.046764
vn 0.091788 0.994680 -0.046764
vn 0.091788 0.994680 -0.046764
vn -0.151454 0.976792 0.151455
vn -0.151454 0.976792 0.151455
vn -0.151454 0.976792 0.151455
vn -0.151454 0.976792 0.151455
vn 0.072851 0.994678 -0.072855
vn 0.072851 0.994678 -0.072855
vn 0.072851 0.994678 -0.072855
vn 0.072851 0.994678 -0.072855
vn -0.097235 0.976795 0.190830
vn -0.097235 0.976795 0.190830
vn -0.097235 0.976795 0.190830
vn -0.097235 0.976795 0.190830
vn 0.046776 0.994678 -0.091807
vn 0.046776 0.994678 -0.091807
vn 0.046776 0.994678 -0.091807
vn 0.046776 0.994678 -0.091807
vn -0.033510 0.976794 0.211544
vn -0.033510 0.976794 0.211544
vn -0.033510 0.976794 0.211544
vn -0.033510 0.976794 0.211544
vn 0.016115 0.994680 -0.101743
vn 0.016115 0.994680 -0.101743
vn 0.016115 0.994680 -0.101743
vn 0.016115 0.994680 -0.101743
vn 0.033510 0.976792 0.211555
vn 0.033510 0.976792 0.211555
vn 0.033510 0.976792 0.211555
vn 0.033510 0.976792 0.211555
vn -0.016116 0.994681 -0.101737
vn -0.016116 0.994681 -0.101737
vn -0.016116 0.994681 -0.101737
vn -0.016116 0.994681 -0.101737
vn 0.097234 0.976794 0.190836
vn 0.097234 0.976794 0.190836
vn 0.097234 0.976794 0.190836
vn 0.097234 0.976794 0.190836
vn -0.046760 0.994681 -0.091780
vn -0.046760 0.994681 -0.091780
vn -0.046760 0.994681 -0.091780
vn -0.046760 0.994681 -0.091780
vn 0.151467 0.976784 0.151494
vn 0.151467 0.976784 0.151494
vn 0.151467 0.976784 0.151494
vn 0.151467 0.976784 0.151494
vn -0.072835 0.994681 -0.072837
vn -0.072835 0.994681 -0.072837
vn -0.072835 0.994681 -0.072837
vn -0.072835 0.994681 -0.072837
vn 0.190858 0.976789 0.097250
vn 0.190858 0.976788 0.097250
vn 0.190858 0.976789 0.097250
vn 0.190858 0.976789 0.097250
vn -0.091791 0.994680 -0.046759
vn -0.091791 0.994680 -0.046759
vn -0.091791 0.994680 -0.046759
vn -0.091791 0.994680 -0.046759
vn 0.211557 0.976791 0.033505
vn 0.211557 0.976791 0.033505
vn 0.211557 0.976791 0.033505
vn 0.211557 0.976791 0.033505
vn -0.101737 0.994681 -0.016115
vn -0.101737 0.994681 -0.016115
vn -0.101737 0.994681 -0.016115
vn -0.101737 0.994681 -0.016115
vn 0.211558 0.976791 -0.033506
vn 0.211558 0.976791 -0.033506
vn 0.211558 0.976791 -0.033506
vn 0.211558 0.976791 -0.033506
vn -0.101741 0.994680 0.016114
vn -0.101741 0.994681 0.016114
vn -0.101741 0.994681 0.016114
vn -0.101741 0.994680 0.016114
vn -0.784311 0.245216 0.569847
vn -0.922021 0.245213 0.299579
vn -0.922020 0.245213 0.299582
vn -0.784311 0.245216 0.569848
vn 0.806452 0.079452 -0.585937
vn 0.948051 0.079449 -0.308037
vn -0.569833 0.245211 0.784323
vn -0.569836 0.245211 0.784320
vn 0.585928 0.079453 -0.806459
vn -0.299593 0.245205 0.922019
vn -0.299592 0.245205 0.922019
vn 0.308023 0.079456 -0.948055
vn -0.000003 0.245206 0.969471
vn -0.000003 0.245206 0.969471
vn 0.000015 0.079450 -0.996839
vn 0.299584 0.245209 0.922020
vn 0.299585 0.245209 0.922020
vn -0.308041 0.079445 -0.948050
vn 0.569836 0.245214 0.784319
vn 0.569838 0.245214 0.784318
vn -0.585925 0.079449 -0.806462
vn 0.784318 0.245216 0.569838
vn 0.784317 0.245216 0.569839
vn -0.806464 0.079450 -0.585921
vn 0.922021 0.245213 0.299579
vn 0.922021 0.245213 0.299579
vn -0.948051 0.079450 -0.308039
vn 0.969470 0.245212 0.000001
vn 0.969470 0.245212 0.000001
vn -0.996839 0.079448 0.000001
vn 0.922021 0.245211 -0.299581
vn 0.922021 0.245211 -0.299581
vn -0.948053 0.079446 0.308032
vn 0.784317 0.245210 -0.569842
vn 0.784318 0.245209 -0.569840
vn -0.806465 0.079444 0.585921
vn 0.569835 0.245206 -0.784322
vn 0.569837 0.245207 -0.784321
vn -0.585921 0.079448 0.806464
vn 0.299589 0.245207 -0.922019
vn 0.299588 0.245208 -0.922020
vn -0.308036 0.079453 0.948051
vn -0.000001 0.245210 -0.969470
vn -0.000001 0.245210 -0.969470
vn 0.000006 0.079452 0.996839
vn -0.299591 0.245207 -0.922019
vn -0.299590 0.245207 -0.922019
vn 0.308051 0.079451 0.948046
vn -0.569834 0.245205 -0.784323
vn -0.569836 0.245205 -0.784322
vn 0.585913 0.079444 0.806471
vn -0.784316 0.245209 -0.569843
vn -0.784317 0.245209 -0.569841
vn 0.806461 0.079444 0.585926
vn -0.922021 0.245211 -0.299582
vn -0.922021 0.245211 -0.299581
vn 0.948049 0.079449 0.308043
vn -0.969470 0.245210 0.000002
vn -0.969470 0.245211 0.000002
vn 0.996839 0.079448 -0.000001
vn 0.824081 0.499196 -0.267758
vn 0.701005 0.499196 -0.509309
vn 0.509309 0.499196 -0.701004
vn 0.267761 0.499196 -0.824080
vn 0.000000 0.499196 -0.866489
vn -0.267761 0.499196 -0.824080
vn -0.509310 0.499196 -0.701004
vn -0.701005 0.499196 -0.509309
vn -0.824081 0.499196 -0.267759
vn -0.866489 0.499196 0.000000
vn -0.824080 0.499196 0.267759
vn -0.701005 0.499196 0.509309
vn -0.509310 0.499196 0.701004
vn -0.267759 0.499196 0.824080
vn -0.000000 0.499196 0.866489
vn 0.267759 0.499196 0.824080
vn 0.509310 0.499197 0.701004
vn 0.701004 0.499196 0.509309
vn 0.824080 0.499196 0.267759
vn 0.866489 0.499196 0.000000
vn 0.937275 0.169623 -0.304538
vn 0.951029 0.007665 -0.309006
vn 0.808994 0.007665 -0.587767
vn 0.797294 0.169623 -0.579267
vn 0.893812 0.341701 -0.290415
vn 0.760322 0.341701 -0.552405
vn 0.587768 0.007665 -0.808993
vn 0.579267 0.169623 -0.797294
vn 0.552406 0.341701 -0.760321
vn 0.309008 0.007665 -0.951029
vn 0.304539 0.169623 -0.937275
vn 0.290417 0.341701 -0.893811
vn -0.000000 0.007665 -0.999971
vn -0.000000 0.169623 -0.985509
vn -0.000000 0.341700 -0.939809
vn -0.309008 0.007665 -0.951029
vn -0.304540 0.169623 -0.937275
vn -0.290418 0.341700 -0.893811
vn -0.587769 0.007665 -0.808993
vn -0.579268 0.169623 -0.797293
vn -0.552406 0.341700 -0.760321
vn -0.808994 0.007665 -0.587766
vn -0.797294 0.169623 -0.579267
vn -0.760322 0.341700 -0.552405
vn -0.951029 0.007665 -0.309007
vn -0.937275 0.169623 -0.304539
vn -0.893812 0.341700 -0.290416
vn -0.999971 0.007665 0.000000
vn -0.985509 0.169623 -0.000000
vn -0.939809 0.341700 0.000000
vn -0.951029 0.007665 0.309007
vn -0.937275 0.169623 0.304539
vn -0.893811 0.341701 0.290417
vn -0.808994 0.007665 0.587767
vn -0.797294 0.169623 0.579267
vn -0.760322 0.341701 0.552405
vn -0.587768 0.007665 0.808993
vn -0.579268 0.169623 0.797293
vn -0.552406 0.341701 0.760321
vn -0.309008 0.007665 0.951029
vn -0.304539 0.169624 0.937275
vn -0.290416 0.341701 0.893811
vn 0.000000 0.007665 0.999971
vn 0.000000 0.169624 0.985509
vn 0.000000 0.341701 0.939809
vn 0.309008 0.007665 0.951029
vn 0.304539 0.169624 0.937275
vn 0.290417 0.341701 0.893811
vn 0.587769 0.007665 0.808993
vn 0.579268 0.169623 0.797293
vn 0.552407 0.341701 0.760321
vn 0.808993 0.007665 0.587768
vn 0.797294 0.169623 0.579267
vn 0.760322 0.341701 0.552406
vn 0.951029 0.007665 0.309007
vn 0.937275 0.169623 0.304539
vn 0.893812 0.341700 0.290417
vn 0.999971 0.007665 0.000001
vn 0.985509 0.169623 0.000001
vn 0.939809 0.341701 0.000001
vn 0.846464 -0.455913 -0.275031
vn 0.950412 -0.036827 -0.308806
vn 0.999322 -0.036827 0.000001
vn 0.890025 -0.455913 0.000001
vn 0.720045 -0.455914 -0.523142
vn 0.808469 -0.036827 -0.587386
vn 0.950412 -0.036827 0.308807
vn 0.846463 -0.455913 0.275033
vn 0.808468 -0.036827 0.587386
vn 0.720044 -0.455914 0.523143
vn 0.587387 -0.036827 0.808468
vn 0.523142 -0.455914 0.720045
vn 0.308807 -0.036827 0.950411
vn 0.275032 -0.455915 0.846463
vn 0.000000 -0.036827 0.999322
vn -0.000000 -0.455916 0.890023
vn -0.308807 -0.036827 0.950411
vn -0.275032 -0.455915 0.846463
vn -0.587387 -0.036827 0.808468
vn -0.523142 -0.455915 0.720044
vn -0.808469 -0.036827 0.587386
vn -0.720045 -0.455914 0.523143
vn -0.950412 -0.036827 0.308807
vn -0.846463 -0.455913 0.275033
vn -0.999322 -0.036827 0.000000
vn -0.890024 -0.455913 0.000000
vn -0.950412 -0.036827 -0.308807
vn -0.846463 -0.455913 -0.275033
vn -0.808469 -0.036827 -0.587385
vn -0.720045 -0.455914 -0.523142
vn -0.587387 -0.036827 -0.808468
vn -0.523144 -0.455913 -0.720044
vn -0.308807 -0.036827 -0.950411
vn -0.275032 -0.455913 -0.846463
vn 0.000000 -0.036827 -0.999322
vn 0.000000 -0.455913 -0.890024
vn 0.308807 -0.036827 -0.950412
vn 0.275032 -0.455914 -0.846463
vn 0.587387 -0.036827 -0.808468
vn 0.523143 -0.455914 -0.720044
vn 0.683862 -0.694953 -0.222199
vn 0.581727 -0.694954 -0.422649
vn 0.422649 -0.694954 -0.581727
vn 0.222200 -0.694954 -0.683861
vn 0.000000 -0.694954 -0.719055
vn -0.222199 -0.694954 -0.683861
vn -0.422650 -0.694954 -0.581726
vn -0.581728 -0.694954 -0.422649
vn -0.683861 -0.694954 -0.222200
vn -0.719055 -0.694953 -0.000000
vn -0.683861 -0.694954 0.222201
vn -0.581727 -0.694954 0.422649
vn -0.422647 -0.694956 0.581727
vn -0.222200 -0.694956 0.683860
vn -0.000000 -0.694956 0.719052
vn 0.222200 -0.694955 0.683860
vn 0.422648 -0.694955 0.581727
vn 0.581727 -0.694954 0.422650
vn 0.683862 -0.694953 0.222201
vn 0.719055 -0.694953 0.000000
vn 0.080751 -0.994987 -0.058996
vn 0.057860 -0.995144 -0.079633
vn 0.059843 -0.994804 -0.082364
vn 0.082335 -0.994798 -0.059983
vn 0.096858 -0.994801 -0.031471
vn 0.094519 -0.995049 -0.030711
vn 0.101867 -0.994798 0.000132
vn 0.096044 -0.995377 0.000265
vn 0.087838 -0.995726 0.028539
vn 0.096826 -0.994804 0.031461
vn 0.072291 -0.996000 0.052522
vn 0.082365 -0.994804 0.059843
vn 0.051560 -0.996145 0.070964
vn 0.059842 -0.994804 0.082365
vn 0.027106 -0.996145 0.083424
vn 0.031462 -0.994804 0.096826
vn -0.000001 -0.996000 0.089356
vn 0.000000 -0.994804 0.101809
vn -0.028543 -0.995726 0.087837
vn -0.031462 -0.994804 0.096826
vn -0.059770 -0.994798 0.082490
vn -0.082393 -0.994800 0.059862
vn -0.096922 -0.994798 0.031353
vn -0.098434 -0.995144 0.000002
vn -0.101809 -0.994804 0.000000
vn -0.090625 -0.995450 -0.029444
vn -0.096827 -0.994804 -0.031461
vn -0.074938 -0.995701 -0.054442
vn -0.082366 -0.994804 -0.059841
vn -0.053569 -0.995839 -0.073727
vn -0.059843 -0.994804 -0.082364
vn -0.028162 -0.995839 -0.086673
vn -0.031461 -0.994804 -0.096825
vn 0.000002 -0.995701 -0.092626
vn 0.000000 -0.994804 -0.101808
vn 0.029447 -0.995450 -0.090623
vn 0.031461 -0.994804 -0.096825
vn 0.000606 -1.000000 -0.000181
vn -0.000025 -1.000000 0.000013
vn -0.000011 -1.000000 0.000006
vn -0.000003 -1.000000 0.000002
vn 0.000003 -1.000000 -0.000001
vn 0.000010 -1.000000 -0.000005
vn 0.000024 -1.000000 -0.000012
vn -0.926380 -0.376590 0.000000
vn -0.881040 -0.376590 0.286266
vn -0.830445 -0.487396 0.269826
vn -0.873181 -0.487396 0.000001
vn -0.881040 -0.376590 -0.286267
vn -0.830445 -0.487396 -0.269827
vn -0.749457 -0.376591 -0.544512
vn -0.706418 -0.487396 -0.513243
vn -0.544513 -0.376591 -0.749457
vn -0.513243 -0.487396 -0.706418
vn -0.286267 -0.376591 -0.881040
vn -0.269828 -0.487397 -0.830444
vn 0.000000 -0.376592 -0.926380
vn -0.000000 -0.487397 -0.873181
vn 0.286267 -0.376591 -0.881039
vn 0.269828 -0.487397 -0.830444
vn 0.544513 -0.376592 -0.749456
vn 0.513243 -0.487397 -0.706418
vn 0.749458 -0.376591 -0.544511
vn 0.706419 -0.487396 -0.513242
vn 0.881040 -0.376590 -0.286267
vn 0.830445 -0.487396 -0.269827
vn 0.926380 -0.376590 0.000000
vn 0.873181 -0.487396 -0.000000
vn 0.881040 -0.376589 0.286267
vn 0.830445 -0.487396 0.269826
vn 0.749457 -0.376589 0.544513
vn 0.706419 -0.487396 0.513242
vn 0.544514 -0.376590 0.749456
vn 0.513244 -0.487396 0.706418
vn 0.286268 -0.376590 0.881040
vn 0.269828 -0.487396 0.830444
vn -0.000000 -0.376590 0.926380
vn 0.000000 -0.487397 0.873181
vn -0.286267 -0.376590 0.881040
vn -0.269828 -0.487396 0.830445
vn -0.544513 -0.376590 0.749457
vn -0.513244 -0.487396 0.706418
vn -0.749458 -0.376590 0.544512
vn -0.706419 -0.487396 0.513242
vn 0.102029 0.994650 -0.016160
vn 0.102029 0.994650 -0.016160
vn 0.102029 0.994650 -0.016160
vn 0.102029 0.994650 -0.016160
vn 0.102029 0.994650 0.016160
vn 0.102029 0.994650 0.016160
vn 0.102029 0.994650 0.016160
vn 0.102029 0.994650 0.016160
vn 0.092042 0.994650 0.046898
vn 0.092042 0.994650 0.046898
vn 0.092042 0.994650 0.046898
vn 0.092042 0.994650 0.046898
vn 0.073045 0.994650 0.073045
vn 0.073045 0.994650 0.073045
vn 0.073045 0.994650 0.073045
vn 0.073045 0.994650 0.073045
vn 0.046898 0.994650 0.092043
vn 0.046898 0.994650 0.092043
vn 0.046898 0.994650 0.092043
vn 0.046898 0.994650 0.092043
vn 0.016161 0.994650 0.102031
vn 0.016161 0.994650 0.102031
vn 0.016161 0.994650 0.102031
vn 0.016161 0.994650 0.102031
vn -0.016161 0.994650 0.102031
vn -0.016161 0.994650 0.102031
vn -0.016161 0.994650 0.102031
vn -0.016161 0.994650 0.102031
vn -0.046898 0.994650 0.092043
vn -0.046898 0.994650 0.092043
vn -0.046898 0.994650 0.092043
vn -0.046898 0.994650 0.092043
vn -0.073045 0.994650 0.073046
vn -0.073045 0.994650 0.073046
vn -0.073045 0.994650 0.073046
vn -0.073045 0.994650 0.073046
vn -0.092043 0.994650 0.046898
vn -0.092043 0.994650 0.046898
vn -0.092043 0.994650 0.046898
vn -0.092043 0.994650 0.046898
vn -0.102029 0.994650 0.016160
vn -0.102029 0.994650 0.016160
vn -0.102029 0.994650 0.016160
vn -0.102029 0.994650 0.016160
vn -0.102029 0.994650 -0.016160
vn -0.102029 0.994650 -0.016160
vn -0.102029 0.994650 -0.016160
vn -0.102029 0.994650 -0.016160
vn -0.092042 0.994650 -0.046898
vn -0.092042 0.994650 -0.046898
vn -0.092042 0.994650 -0.046898
vn -0.092042 0.994650 -0.046898
vn -0.073045 0.994650 -0.073045
vn -0.073045 0.994650 -0.073045
vn -0.073045 0.994650 -0.073045
vn -0.073045 0.994650 -0.073045
vn -0.046898 0.994650 -0.092042
vn -0.046898 0.994650 -0.092042
vn -0.046898 0.994650 -0.092042
vn -0.046898 0.994650 -0.092042
vn -0.016160 0.994650 -0.102030
vn -0.016160 0.994650 -0.102030
vn -0.016160 0.994650 -0.102030
vn -0.016160 0.994650 -0.102030
vn 0.016160 0.994650 -0.102030
vn 0.016160 0.994650 -0.102030
vn 0.016160 0.994650 -0.102030
vn 0.016160 0.994650 -0.102030
vn 0.046898 0.994650 -0.092042
vn 0.046898 0.994650 -0.092042
vn 0.046898 0.994650 -0.092042
vn 0.046898 0.994650 -0.092042
vn 0.073045 0.994650 -0.073046
vn 0.073045 0.994650 -0.073046
vn 0.073045 0.994650 -0.073046
vn 0.073045 0.994650 -0.073046
vn 0.092042 0.994650 -0.046897
vn 0.092042 0.994650 -0.046897
vn 0.092042 0.994650 -0.046897
vn 0.092042 0.994650 -0.046897
vn 0.095797 0.994914 -0.031128
vn 0.081114 0.994961 -0.058933
vn 0.057339 0.995231 -0.078917
vn 0.000002 1.000000 -0.000001
vn 0.882951 0.371610 -0.286887
vn 0.882951 0.371610 -0.286887
vn 0.928389 0.371610 0.000000
vn 0.928389 0.371610 0.000000
vn 0.882950 0.371609 0.286890
vn 0.882950 0.371609 0.286890
vn 0.751083 0.371609 0.545694
vn 0.751083 0.371609 0.545694
vn 0.545696 0.371611 0.751080
vn 0.545696 0.371611 0.751080
vn 0.286888 0.371610 0.882950
vn 0.286888 0.371610 0.882950
vn -0.000000 0.371610 0.928389
vn -0.000000 0.371610 0.928389
vn -0.286888 0.371610 0.882950
vn -0.286888 0.371610 0.882951
vn -0.545696 0.371610 0.751081
vn -0.545696 0.371610 0.751081
vn -0.751083 0.371609 0.545693
vn -0.751083 0.371609 0.545693
vn -0.882950 0.371610 0.286890
vn -0.882950 0.371610 0.286890
vn -0.928389 0.371610 -0.000000
vn -0.928389 0.371610 -0.000000
vn -0.882951 0.371610 -0.286888
vn -0.882951 0.371610 -0.286888
vn -0.751084 0.371610 -0.545692
vn -0.751083 0.371610 -0.545692
vn -0.545695 0.371610 -0.751081
vn -0.545695 0.371610 -0.751081
vn -0.286888 0.371610 -0.882950
vn -0.286888 0.371610 -0.882950
vn 0.000000 0.371610 -0.928389
vn 0.000000 0.371610 -0.928389
vn 0.286887 0.371610 -0.882950
vn 0.286887 0.371610 -0.882950
vn 0.545695 0.371610 -0.751081
vn 0.545695 0.371610 -0.751082
vn 0.751083 0.371610 -0.545692
vn 0.751083 0.371610 -0.545692
vn -0.856717 -0.434224 0.278363
vn -0.856717 -0.434224 0.278363
vn -0.728765 -0.434223 0.529483
vn -0.728765 -0.434223 0.529483
vn -0.529482 -0.434223 0.728766
vn -0.529482 -0.434223 0.728766
vn -0.278365 -0.434220 0.856718
vn -0.278365 -0.434220 0.856718
vn 0.000000 -0.434219 0.900807
vn -0.000000 -0.434219 0.900807
vn 0.278366 -0.434221 0.856718
vn 0.278366 -0.434221 0.856718
vn 0.529482 -0.434223 0.728766
vn 0.529482 -0.434223 0.728766
vn 0.728765 -0.434223 0.529483
vn 0.728765 -0.434223 0.529483
vn 0.856717 -0.434224 0.278363
vn 0.856717 -0.434224 0.278363
vn 0.900805 -0.434223 0.000001
vn 0.900805 -0.434223 0.000001
vn 0.856717 -0.434223 -0.278364
vn 0.856717 -0.434223 -0.278364
vn 0.728768 -0.434221 -0.529481
vn 0.728768 -0.434221 -0.529480
vn 0.529480 -0.434222 -0.728767
vn 0.529480 -0.434222 -0.728767
vn 0.278363 -0.434222 -0.856718
vn 0.278363 -0.434222 -0.856718
vn 0.000000 -0.434223 -0.900806
vn 0.000000 -0.434223 -0.900806
vn -0.278364 -0.434223 -0.856717
vn -0.278364 -0.434223 -0.856717
vn -0.529481 -0.434222 -0.728767
vn -0.529481 -0.434222 -0.728767
vn -0.728768 -0.434220 -0.529481
vn -0.728769 -0.434220 -0.529480
vn -0.856717 -0.434222 -0.278365
vn -0.856717 -0.434222 -0.278365
vn -0.900805 -0.434223 -0.000001
vn -0.900805 -0.434223 -0.000001
vn -0.951057 0.000000 0.309017
vn -0.950075 -0.045424 0.308699
vn -0.808180 -0.045424 0.587181
vn -0.809015 0.000000 0.587788
vn -0.587180 -0.045425 0.808181
vn -0.587788 0.000000 0.809015
vn -0.308698 -0.045426 0.950075
vn -0.309018 0.000000 0.951056
vn -0.000001 -0.045426 0.998968
vn 0.000000 0.000000 1.000000
vn 0.308698 -0.045424 0.950075
vn 0.309018 0.000000 0.951056
vn 0.587181 -0.045423 0.808181
vn 0.587788 0.000000 0.809015
vn 0.808180 -0.045423 0.587181
vn 0.809015 0.000000 0.587788
vn 0.950075 -0.045424 0.308698
vn 0.951056 0.000000 0.309017
vn 0.998968 -0.045423 0.000000
vn 1.000000 0.000000 0.000000
vn 0.950075 -0.045423 -0.308698
vn 0.951057 0.000000 -0.309017
vn 0.808181 -0.045423 -0.587180
vn 0.809016 0.000000 -0.587787
vn 0.587173 -0.045423 -0.808186
vn 0.587781 0.000000 -0.809020
vn 0.308701 -0.045424 -0.950074
vn 0.309021 0.000000 -0.951055
vn 0.000000 -0.045424 -0.998968
vn 0.000000 0.000000 -1.000000
vn -0.308701 -0.045423 -0.950074
vn -0.309021 0.000000 -0.951055
vn -0.587174 -0.045423 -0.808186
vn -0.587781 0.000000 -0.809020
vn -0.808181 -0.045423 -0.587180
vn -0.809016 0.000000 -0.587787
vn -0.950075 -0.045423 -0.308698
vn -0.951057 0.000000 -0.309017
vn -0.998968 -0.045423 -0.000000
vn -1.000000 0.000000 -0.000000
vn 0.183864 0.978476 -0.093692
vn 0.183864 0.978476 -0.093692
vn 0.183864 0.978476 -0.093692
vn 0.183864 0.978476 -0.093692
vn 0.183860 -0.978478 -0.093682
vn 0.183859 -0.978478 -0.093682
vn 0.183860 -0.978478 -0.093682
vn 0.183859 -0.978478 -0.093682
vn 0.145918 0.978476 -0.145920
vn 0.145918 0.978476 -0.145920
vn 0.145918 0.978476 -0.145920
vn 0.145918 0.978476 -0.145920
vn 0.145912 -0.978478 -0.145913
vn 0.145912 -0.978478 -0.145913
vn 0.145912 -0.978478 -0.145913
vn 0.145912 -0.978478 -0.145913
vn 0.093685 0.978477 -0.183865
vn 0.093685 0.978477 -0.183865
vn 0.093685 0.978477 -0.183865
vn 0.093685 0.978477 -0.183865
vn 0.093679 -0.978478 -0.183863
vn 0.093679 -0.978478 -0.183863
vn 0.093679 -0.978478 -0.183863
vn 0.093679 -0.978478 -0.183863
vn 0.032282 0.978476 -0.203818
vn 0.032282 0.978477 -0.203818
vn 0.032282 0.978477 -0.203818
vn 0.032282 0.978476 -0.203818
vn 0.032283 -0.978478 -0.203811
vn 0.032283 -0.978478 -0.203811
vn 0.032283 -0.978478 -0.203811
vn 0.032283 -0.978478 -0.203811
vn -0.032282 0.978476 -0.203818
vn -0.032282 0.978477 -0.203818
vn -0.032282 0.978477 -0.203818
vn -0.032282 0.978476 -0.203818
vn -0.032281 -0.978480 -0.203801
vn -0.032281 -0.978480 -0.203801
vn -0.032281 -0.978480 -0.203801
vn -0.032281 -0.978480 -0.203801
vn -0.093685 0.978477 -0.183865
vn -0.093685 0.978477 -0.183865
vn -0.093685 0.978477 -0.183865
vn -0.093685 0.978477 -0.183865
vn -0.093680 -0.978478 -0.183864
vn -0.093680 -0.978477 -0.183864
vn -0.093680 -0.978478 -0.183864
vn -0.093680 -0.978478 -0.183864
vn -0.145918 0.978476 -0.145921
vn -0.145918 0.978476 -0.145921
vn -0.145918 0.978476 -0.145921
vn -0.145918 0.978476 -0.145921
vn -0.145912 -0.978478 -0.145913
vn -0.145912 -0.978478 -0.145913
vn -0.145912 -0.978478 -0.145913
vn -0.145912 -0.978478 -0.145913
vn -0.183865 0.978477 -0.093681
vn -0.183865 0.978477 -0.093681
vn -0.183865 0.978477 -0.093681
vn -0.183865 0.978477 -0.093681
vn -0.183860 -0.978478 -0.093681
vn -0.183860 -0.978478 -0.093682
vn -0.183860 -0.978478 -0.093681
vn -0.183860 -0.978478 -0.093682
vn -0.203817 0.978477 -0.032275
vn -0.203817 0.978477 -0.032275
vn -0.203817 0.978477 -0.032275
vn -0.203817 0.978477 -0.032275
vn -0.203808 -0.978479 -0.032277
vn -0.203808 -0.978479 -0.032277
vn -0.203808 -0.978479 -0.032277
vn -0.203808 -0.978479 -0.032277
vn -0.203816 0.978477 0.032276
vn -0.203816 0.978477 0.032276
vn -0.203816 0.978477 0.032276
vn -0.203816 0.978477 0.032276
vn -0.203809 -0.978479 0.032271
vn -0.203809 -0.978479 0.032271
vn -0.203809 -0.978479 0.032271
vn -0.203809 -0.978479 0.032271
vn -0.183865 0.978476 0.093690
vn -0.183865 0.978476 0.093690
vn -0.183865 0.978476 0.093690
vn -0.183865 0.978476 0.093690
vn -0.183858 -0.978478 0.093687
vn -0.183858 -0.978478 0.093687
vn -0.183858 -0.978478 0.093687
vn -0.183858 -0.978478 0.093687
vn -0.145917 0.978476 0.145922
vn -0.145917 0.978476 0.145922
vn -0.145917 0.978476 0.145922
vn -0.145917 0.978476 0.145922
vn -0.145909 -0.978479 0.145910
vn -0.145909 -0.978479 0.145910
vn -0.145909 -0.978479 0.145910
vn -0.145909 -0.978479 0.145910
vn -0.093684 0.978476 0.183868
vn -0.093684 0.978476 0.183868
vn -0.093684 0.978476 0.183868
vn -0.093684 0.978476 0.183868
vn -0.093678 -0.978478 0.183863
vn -0.093678 -0.978478 0.183863
vn -0.093678 -0.978478 0.183863
vn -0.093678 -0.978478 0.183863
vn -0.032284 0.978477 0.203816
vn -0.032284 0.978477 0.203816
vn -0.032284 0.978477 0.203816
vn -0.032284 0.978477 0.203816
vn -0.032284 -0.978478 0.203811
vn -0.032284 -0.978478 0.203811
vn -0.032284 -0.978478 0.203811
vn -0.032284 -0.978478 0.203811
vn 0.032284 0.978477 0.203816
vn 0.032284 0.978477 0.203816
vn 0.032284 0.978477 0.203816
vn 0.032284 0.978477 0.203816
vn 0.032284 -0.978478 0.203810
vn 0.032284 -0.978478 0.203810
vn 0.032284 -0.978478 0.203810
vn 0.032284 -0.978478 0.203810
vn 0.093684 0.978476 0.183868
vn 0.093684 0.978476 0.183868
vn 0.093684 0.978476 0.183868
vn 0.093684 0.978476 0.183868
vn 0.093678 -0.978478 0.183864
vn 0.093678 -0.978478 0.183864
vn 0.093678 -0.978478 0.183864
vn 0.093678 -0.978478 0.183864
vn 0.145917 0.978477 0.145917
vn 0.145917 0.978477 0.145917
vn 0.145917 0.978477 0.145917
vn 0.145917 0.978477 0.145917
vn 0.145909 -0.978480 0.145905
vn 0.145909 -0.978480 0.145905
vn 0.145909 -0.978480 0.145905
vn 0.145909 -0.978480 0.145905
vn 0.183866 0.978476 0.093690
vn 0.183866 0.978476 0.093690
vn 0.183866 0.978476 0.093690
vn 0.183866 0.978476 0.093690
vn 0.183858 -0.978478 0.093687
vn 0.183858 -0.978478 0.093687
vn 0.183858 -0.978478 0.093687
vn 0.183858 -0.978478 0.093687
vn 0.203817 0.978477 0.032276
vn 0.203817 0.978477 0.032276
vn 0.203817 0.978477 0.032276
vn 0.203817 0.978477 0.032276
vn 0.203808 -0.978479 0.032277
vn 0.203808 -0.978479 0.032277
vn 0.203808 -0.978479 0.032277
vn 0.203808 -0.978479 0.032277
vn 0.203817 0.978477 -0.032275
vn 0.203817 0.978477 -0.032275
vn 0.203817 0.978477 -0.032275
vn 0.203817 0.978477 -0.032275
vn 0.203808 -0.978479 -0.032277
vn 0.203808 -0.978479 -0.032277
vn 0.203808 -0.978479 -0.032277
vn 0.203808 -0.978479 -0.032277
vn 0.806253 0.082572 -0.585779
vn 0.806252 0.082572 -0.585781
vn 0.947809 0.082574 -0.307959
vn 0.947809 0.082574 -0.307961
vn -0.947809 -0.082573 0.307961
vn -0.806253 -0.082572 0.585780
vn 0.585777 0.082575 -0.806255
vn 0.585778 0.082575 -0.806254
vn -0.585779 -0.082574 0.806253
vn 0.307967 0.082579 -0.947807
vn 0.307967 0.082579 -0.947806
vn -0.307961 -0.082576 0.947809
vn 0.000003 0.082578 -0.996585
vn 0.000003 0.082578 -0.996585
vn -0.000002 -0.082575 0.996585
vn -0.307965 0.082575 -0.947807
vn -0.307965 0.082575 -0.947807
vn 0.307961 -0.082573 0.947809
vn -0.585778 0.082571 -0.806255
vn -0.585778 0.082571 -0.806255
vn 0.585779 -0.082571 0.806254
vn -0.806253 0.082571 -0.585780
vn -0.806252 0.082571 -0.585781
vn 0.806253 -0.082571 0.585780
vn -0.947809 0.082573 -0.307960
vn -0.947810 0.082573 -0.307959
vn 0.947809 -0.082571 0.307960
vn -0.996585 0.082573 -0.000000
vn -0.996585 0.082573 0.000000
vn 0.996585 -0.082571 0.000000
vn -0.947809 0.082573 0.307962
vn -0.947809 0.082573 0.307962
vn 0.947809 -0.082571 -0.307961
vn -0.806253 0.082574 0.585780
vn -0.806253 0.082574 0.585779
vn 0.806254 -0.082570 -0.585779
vn -0.585774 0.082576 0.806257
vn -0.585775 0.082576 0.806256
vn 0.585772 -0.082570 -0.806259
vn -0.307965 0.082575 0.947807
vn -0.307965 0.082575 0.947807
vn 0.307964 -0.082571 -0.947808
vn 0.000000 0.082574 0.996585
vn 0.000000 0.082574 0.996585
vn 0.000000 -0.082573 -0.996585
vn 0.307965 0.082576 0.947807
vn 0.307965 0.082576 0.947807
vn -0.307964 -0.082571 -0.947808
vn 0.585773 0.082577 0.806258
vn 0.585774 0.082577 0.806257
vn -0.585772 -0.082570 -0.806259
vn 0.806253 0.082575 0.585780
vn 0.806253 0.082575 0.585780
vn -0.806254 -0.082570 -0.585779
vn 0.947809 0.082574 0.307962
vn 0.947808 0.082574 0.307962
vn -0.947809 -0.082570 -0.307961
vn 0.996585 0.082573 0.000000
vn 0.996585 0.082573 0.000001
vn -0.996585 -0.082571 -0.000001
vn -0.815401 -0.514713 0.264938
vn -0.693622 -0.514713 0.503944
vn -0.503945 -0.514712 0.693621
vn -0.264940 -0.514712 0.815401
vn 0.000000 -0.514712 0.857363
vn 0.264940 -0.514712 0.815401
vn 0.503946 -0.514712 0.693621
vn 0.693622 -0.514712 0.503944
vn 0.815401 -0.514712 0.264939
vn 0.857363 -0.514712 -0.000000
vn 0.815401 -0.514712 -0.264939
vn 0.693622 -0.514712 -0.503945
vn 0.503946 -0.514712 -0.693621
vn 0.264939 -0.514712 -0.815401
vn -0.000000 -0.514711 -0.857363
vn -0.264939 -0.514712 -0.815401
vn -0.503946 -0.514712 -0.693621
vn -0.693621 -0.514712 -0.503946
vn -0.815401 -0.514712 -0.264940
vn -0.857363 -0.514712 -0.000000
vn -0.936347 -0.175198 0.304236
vn -0.796505 -0.175198 0.578693
vn -0.808993 -0.007755 0.587767
vn -0.951028 -0.007755 0.309006
vn -0.756878 -0.353189 0.549903
vn -0.889763 -0.353189 0.289100
vn -0.578694 -0.175198 0.796504
vn -0.587768 -0.007755 0.808993
vn -0.549904 -0.353189 0.756878
vn -0.304237 -0.175198 0.936347
vn -0.309007 -0.007755 0.951028
vn -0.289101 -0.353188 0.889763
vn -0.000000 -0.175198 0.984533
vn 0.000000 -0.007755 0.999970
vn 0.000000 -0.353188 0.935552
vn 0.304238 -0.175198 0.936347
vn 0.309008 -0.007755 0.951028
vn 0.289102 -0.353188 0.889763
vn 0.578695 -0.175198 0.796504
vn 0.587768 -0.007755 0.808992
vn 0.549905 -0.353188 0.756877
vn 0.796505 -0.175198 0.578693
vn 0.808994 -0.007755 0.587766
vn 0.756879 -0.353188 0.549903
vn 0.936347 -0.175198 0.304237
vn 0.951028 -0.007755 0.309007
vn 0.889763 -0.353188 0.289101
vn 0.984533 -0.175198 0.000000
vn 0.999970 -0.007755 0.000000
vn 0.935552 -0.353188 0.000000
vn 0.936347 -0.175198 -0.304237
vn 0.951028 -0.007755 -0.309007
vn 0.889763 -0.353188 -0.289101
vn 0.796505 -0.175198 -0.578693
vn 0.808993 -0.007755 -0.587767
vn 0.756878 -0.353188 -0.549903
vn 0.578695 -0.175199 -0.796504
vn 0.587768 -0.007755 -0.808992
vn 0.549904 -0.353189 -0.756877
vn 0.304237 -0.175199 -0.936347
vn 0.309008 -0.007755 -0.951028
vn 0.289101 -0.353189 -0.889763
vn -0.000000 -0.175199 -0.984533
vn -0.000000 -0.007755 -0.999970
vn -0.000000 -0.353189 -0.935552
vn -0.304238 -0.175199 -0.936347
vn -0.309008 -0.007755 -0.951028
vn -0.289101 -0.353189 -0.889763
vn -0.578695 -0.175198 -0.796504
vn -0.587768 -0.007755 -0.808992
vn -0.549904 -0.353188 -0.756877
vn -0.796505 -0.175198 -0.578694
vn -0.808993 -0.007755 -0.587767
vn -0.756878 -0.353188 -0.549904
vn -0.936347 -0.175198 -0.304237
vn -0.951028 -0.007755 -0.309007
vn -0.889763 -0.353188 -0.289102
vn -0.984533 -0.175198 -0.000002
vn -0.999970 -0.007755 -0.000001
vn -0.935552 -0.353188 -0.000001
vn -0.844593 0.459733 0.274424
vn -0.888057 0.459733 -0.000001
vn -0.999350 0.036051 -0.000001
vn -0.950439 0.036051 0.308815
vn -0.808492 0.036051 0.587402
vn -0.718454 0.459733 0.521986
vn -0.844593 0.459733 -0.274425
vn -0.950438 0.036051 -0.308816
vn -0.718453 0.459733 -0.521987
vn -0.808491 0.036051 -0.587403
vn -0.521986 0.459734 -0.718453
vn -0.587404 0.036051 -0.808491
vn -0.274425 0.459734 -0.844592
vn -0.308816 0.036051 -0.950438
vn -0.000000 0.459736 -0.888056
vn -0.000000 0.036051 -0.999350
vn 0.274424 0.459734 -0.844592
vn 0.308816 0.036051 -0.950438
vn 0.521986 0.459734 -0.718453
vn 0.587404 0.036051 -0.808491
vn 0.718453 0.459734 -0.521986
vn 0.808492 0.036051 -0.587402
vn 0.844593 0.459733 -0.274425
vn 0.950438 0.036051 -0.308816
vn 0.888057 0.459733 0.000000
vn 0.999350 0.036051 -0.000000
vn 0.844593 0.459733 0.274425
vn 0.950438 0.036051 0.308815
vn 0.718454 0.459733 0.521986
vn 0.808492 0.036051 0.587402
vn 0.521988 0.459733 0.718453
vn 0.587404 0.036051 0.808490
vn 0.274424 0.459733 0.844593
vn 0.308816 0.036051 0.950438
vn 0.000000 0.459733 0.888057
vn -0.000000 0.036051 0.999350
vn -0.274424 0.459734 0.844593
vn -0.308815 0.036051 0.950438
vn -0.521987 0.459734 0.718453
vn -0.587403 0.036051 0.808491
vn -0.670853 0.708833 0.217973
vn -0.570662 0.708833 0.414609
vn -0.414610 0.708834 0.570661
vn -0.217973 0.708833 0.670852
vn 0.000000 0.708833 0.705376
vn 0.217973 0.708833 0.670853
vn 0.414610 0.708834 0.570661
vn 0.570662 0.708833 0.414609
vn 0.670853 0.708833 0.217973
vn 0.705377 0.708833 0.000000
vn 0.670852 0.708833 -0.217974
vn 0.570661 0.708834 -0.414609
vn 0.414607 0.708835 -0.570661
vn 0.217973 0.708835 -0.670851
vn -0.000000 0.708836 -0.705374
vn -0.217973 0.708835 -0.670851
vn -0.414607 0.708835 -0.570661
vn -0.570661 0.708834 -0.414610
vn -0.670853 0.708833 -0.217974
vn -0.705377 0.708832 -0.000000
vn -0.786294 -0.562557 0.255481
vn -0.786294 -0.562557 0.255481
vn -0.826759 -0.562557 0.000001
vn -0.826759 -0.562557 0.000001
vn -0.786294 -0.562558 -0.255482
vn -0.786294 -0.562558 -0.255483
vn -0.668862 -0.562558 -0.485956
vn -0.668862 -0.562558 -0.485956
vn -0.485957 -0.562558 -0.668860
vn -0.485957 -0.562558 -0.668860
vn -0.255482 -0.562557 -0.786294
vn -0.255482 -0.562557 -0.786294
vn -0.000000 -0.562558 -0.826758
vn -0.000000 -0.562558 -0.826758
vn 0.255481 -0.562558 -0.786294
vn 0.255481 -0.562558 -0.786294
vn 0.485958 -0.562559 -0.668859
vn 0.485958 -0.562559 -0.668859
vn 0.668862 -0.562557 -0.485955
vn 0.668862 -0.562557 -0.485955
vn 0.786294 -0.562557 -0.255482
vn 0.786294 -0.562557 -0.255483
vn 0.826759 -0.562557 0.000001
vn 0.826759 -0.562557 0.000001
vn 0.786294 -0.562557 0.255481
vn 0.786294 -0.562557 0.255481
vn 0.668861 -0.562557 0.485958
vn 0.668860 -0.562557 0.485958
vn 0.485957 -0.562557 0.668861
vn 0.485957 -0.562557 0.668862
vn 0.255483 -0.562557 0.786294
vn 0.255483 -0.562557 0.786294
vn 0.000000 -0.562558 0.826758
vn 0.000000 -0.562558 0.826758
vn -0.255481 -0.562558 0.786293
vn -0.255481 -0.562558 0.786294
vn -0.485956 -0.562558 0.668861
vn -0.485956 -0.562558 0.668861
vn -0.668861 -0.562558 0.485957
vn -0.668861 -0.562558 0.485957
vn -0.081491 0.994914 0.059205
vn -0.082379 0.994802 0.059850
vn -0.059852 0.994802 0.082377
vn -0.058404 0.995051 0.080384
vn -0.096842 0.994802 0.031466
vn -0.095354 0.994961 0.030982
vn -0.101825 0.994802 0.000001
vn -0.097548 0.995231 0.000001
vn -0.089976 0.995515 -0.029235
vn -0.096841 0.994802 -0.031466
vn -0.074604 0.995739 -0.054204
vn -0.082378 0.994802 -0.059852
vn -0.053428 0.995860 -0.073537
vn -0.059852 0.994802 -0.082378
vn -0.028090 0.995860 -0.086447
vn -0.031467 0.994802 -0.096841
vn -0.000000 0.995739 -0.092215
vn -0.000000 0.994802 -0.101825
vn 0.029236 0.995515 -0.089975
vn 0.031467 0.994802 -0.096841
vn 0.059853 0.994802 -0.082378
vn 0.082379 0.994802 -0.059852
vn 0.096842 0.994802 -0.031467
vn 0.099362 0.995051 -0.000000
vn 0.101825 0.994802 -0.000000
vn 0.092205 0.995289 0.029959
vn 0.096842 0.994802 0.031466
vn 0.076756 0.995489 0.055765
vn 0.082380 0.994802 0.059850
vn 0.055076 0.995601 0.075803
vn 0.059852 0.994802 0.082377
vn 0.028954 0.995601 0.089112
vn 0.031466 0.994802 0.096841
vn -0.000000 0.995489 0.094874
vn -0.000000 0.994802 0.101824
vn -0.029959 0.995289 0.092204
vn -0.031466 0.994802 0.096841
vn -0.000002 1.000000 0.000001
vn -0.000000 1.000000 0.000000
vn 0.000000 1.000000 -0.000001
vn -0.000000 1.000000 -0.000000
vn 0.000000 1.000000 -0.000000
vn 0.000001 1.000000 -0.000000
vn 0.000001 1.000000 -0.000000
vn 0.224257 -0.960813 -0.162934
vn 0.263628 -0.960814 -0.085658
vn 0.263627 -0.960814 -0.085659
vn 0.224257 -0.960813 -0.162933
vn 0.162939 -0.960812 -0.224255
vn 0.162940 -0.960812 -0.224255
vn 0.085665 -0.960807 -0.263650
vn 0.085664 -0.960807 -0.263650
vn 0.000000 -0.960806 -0.277221
vn -0.000001 -0.960806 -0.277221
vn -0.085665 -0.960808 -0.263645
vn -0.085664 -0.960808 -0.263645
vn -0.162936 -0.960811 -0.224262
vn -0.162936 -0.960811 -0.224262
vn -0.224254 -0.960814 -0.162932
vn -0.224255 -0.960814 -0.162930
vn -0.263628 -0.960814 -0.085661
vn -0.263628 -0.960814 -0.085662
vn -0.277195 -0.960814 -0.000006
vn -0.277195 -0.960814 -0.000006
vn -0.263634 -0.960813 0.085653
vn -0.263634 -0.960813 0.085653
vn -0.224267 -0.960811 0.162933
vn -0.224267 -0.960811 0.162934
vn -0.162939 -0.960808 0.224275
vn -0.162940 -0.960808 0.224275
vn -0.085662 -0.960806 0.263654
vn -0.085661 -0.960806 0.263654
vn 0.000000 -0.960808 0.277214
vn 0.000000 -0.960808 0.277214
vn 0.085662 -0.960811 0.263635
vn 0.085661 -0.960811 0.263635
vn 0.162940 -0.960811 0.224262
vn 0.162941 -0.960811 0.224262
vn 0.224266 -0.960811 0.162933
vn 0.224266 -0.960811 0.162933
vn 0.263633 -0.960813 0.085653
vn 0.263632 -0.960813 0.085653
vn 0.277196 -0.960814 0.000003
vn 0.277196 -0.960814 0.000003
s 1
g group1 pCylinder5 polySurface8
usemtl standardSurface2SG
f 1146/1233/1377 1145/867/1378 1147/868/1379 1148/1232/1380
f 1150/1234/1381 1149/869/1382 1145/867/1378 1146/1233/1377
f 1152/1235/1383 1151/870/1384 1149/869/1382 1150/1234/1381
f 1154/1236/1385 1153/871/1386 1151/870/1384 1152/1235/1383
f 1156/1237/1387 1155/872/1388 1153/871/1386 1154/1236/1385
f 1158/1238/1389 1157/873/1390 1155/872/1388 1156/1237/1387
f 1160/1239/1391 1159/874/1392 1157/873/1390 1158/1238/1389
f 1162/1240/1393 1161/875/1394 1159/874/1392 1160/1239/1391
f 1164/1241/1395 1163/876/1396 1161/875/1394 1162/1240/1393
f 1166/1242/1397 1165/877/1398 1163/876/1396 1164/1241/1395
f 1168/1243/1399 1167/878/1400 1165/877/1398 1166/1242/1397
f 1170/1244/1401 1169/879/1402 1167/878/1400 1168/1243/1399
f 1172/1245/1403 1171/880/1404 1169/879/1402 1170/1244/1401
f 1174/1246/1405 1173/881/1406 1171/880/1404 1172/1245/1403
f 1176/1247/1407 1175/882/1408 1173/881/1406 1174/1246/1405
f 1178/1248/1409 1177/883/1410 1175/882/1408 1176/1247/1407
f 1180/1249/1411 1179/884/1412 1177/883/1410 1178/1248/1409
f 1182/1250/1413 1181/885/1414 1179/884/1412 1180/1249/1411
f 1184/1251/1415 1183/886/1416 1181/885/1414 1182/1250/1413
f 1148/1232/1380 1147/868/1379 1183/886/1416 1184/1251/1415
s off
f 1186/887/1417 1185/888/1418 1187/889/1419 1188/890/1420
f 1185/888/1421 1189/891/1422 1190/892/1423 1187/889/1424
f 1189/891/1425 1191/893/1426 1192/894/1427 1190/892/1428
f 1191/893/1429 1193/895/1430 1194/896/1431 1192/894/1432
f 1193/895/1433 1195/897/1434 1196/898/1435 1194/896/1436
f 1195/897/1437 1197/899/1438 1198/900/1439 1196/898/1440
f 1197/899/1441 1199/901/1442 1200/902/1443 1198/900/1444
f 1199/901/1445 1201/903/1446 1202/904/1447 1200/902/1448
f 1201/903/1449 1203/905/1450 1204/906/1451 1202/904/1452
f 1203/905/1453 1205/907/1454 1206/908/1455 1204/906/1456
f 1205/907/1457 1207/909/1458 1208/910/1459 1206/908/1460
f 1207/909/1461 1209/911/1462 1210/912/1463 1208/910/1464
f 1209/911/1465 1211/913/1466 1212/914/1467 1210/912/1468
f 1211/913/1469 1213/915/1470 1214/916/1471 1212/914/1472
f 1213/915/1473 1215/917/1474 1216/918/1475 1214/916/1476
f 1215/917/1477 1217/919/1478 1218/920/1479 1216/918/1480
f 1217/919/1481 1219/921/1482 1220/922/1483 1218/920/1484
f 1219/921/1485 1221/923/1486 1222/924/1487 1220/922/1488
f 1221/923/1489 1223/925/1490 1224/926/1491 1222/924/1492
f 1223/925/1493 1186/887/1494 1188/890/1495 1224/926/1496
s 2
f 1225/1263/1497 1226/1272/1498 1227/1261/1499 1228/1262/1500
s 3
f 1188/890/1501 1187/889/1502 1229/927/1503 1230/929/1504
f 1187/889/1502 1190/892/1505 1231/928/1506 1229/927/1503
f 1190/892/1505 1192/894/1507 1232/931/1508 1231/928/1506
f 1192/894/1507 1194/896/1509 1233/932/1510 1232/931/1508
f 1194/896/1509 1196/898/1511 1234/933/1512 1233/932/1510
f 1196/898/1511 1198/900/1513 1235/934/1514 1234/933/1512
f 1198/900/1513 1200/902/1515 1236/935/1516 1235/934/1514
f 1200/902/1515 1202/904/1517 1237/936/1518 1236/935/1516
f 1202/904/1517 1204/906/1519 1238/937/1520 1237/936/1518
f 1204/906/1519 1206/908/1521 1239/938/1522 1238/937/1520
f 1206/908/1521 1208/910/1523 1240/939/1524 1239/938/1522
f 1208/910/1523 1210/912/1525 1241/940/1526 1240/939/1524
f 1210/912/1525 1212/914/1527 1242/941/1528 1241/940/1526
f 1212/914/1527 1214/916/1529 1243/942/1530 1242/941/1528
f 1214/916/1529 1216/918/1531 1244/943/1532 1243/942/1530
f 1216/918/1531 1218/920/1533 1245/944/1534 1244/943/1532
f 1218/920/1533 1220/922/1535 1246/945/1536 1245/944/1534
f 1220/922/1535 1222/924/1537 1247/946/1538 1246/945/1536
f 1222/924/1537 1224/926/1539 1248/930/1540 1247/946/1538
f 1224/926/1539 1188/890/1501 1230/929/1504 1248/930/1540
s 4
f 1249/947/1541 1250/948/1542 1148/1232/1543 1184/1251/1544
f 1251/949/1545 1249/947/1541 1184/1251/1544 1182/1250/1546
f 1252/950/1547 1251/949/1545 1182/1250/1546 1180/1249/1548
f 1253/951/1549 1252/950/1547 1180/1249/1548 1178/1248/1550
f 1254/952/1551 1253/951/1549 1178/1248/1550 1176/1247/1552
f 1255/953/1553 1254/952/1551 1176/1247/1552 1174/1246/1554
f 1256/954/1555 1255/953/1553 1174/1246/1554 1172/1245/1556
f 1257/955/1557 1256/954/1555 1172/1245/1556 1170/1244/1558
f 1258/956/1559 1257/955/1557 1170/1244/1558 1168/1243/1560
f 1259/957/1561 1258/956/1559 1168/1243/1560 1166/1242/1562
f 1260/958/1563 1259/957/1561 1166/1242/1562 1164/1241/1564
f 1261/959/1565 1260/958/1563 1164/1241/1564 1162/1240/1566
f 1262/960/1567 1261/959/1565 1162/1240/1566 1160/1239/1568
f 1263/961/1569 1262/960/1567 1160/1239/1568 1158/1238/1570
f 1264/962/1571 1263/961/1569 1158/1238/1570 1156/1237/1572
f 1265/963/1573 1264/962/1571 1156/1237/1572 1154/1236/1574
f 1266/964/1575 1265/963/1573 1154/1236/1574 1152/1235/1576
f 1267/965/1577 1266/964/1575 1152/1235/1576 1150/1234/1578
f 1268/966/1579 1267/965/1577 1150/1234/1578 1146/1233/1580
f 1250/948/1542 1268/966/1579 1146/1233/1580 1148/1232/1543
s 5
f 1269/967/1581 1270/968/1582 1271/969/1583 1272/970/1584
f 1270/968/1582 1273/971/1585 1274/972/1586 1271/969/1583
f 1273/971/1585 1275/973/1587 1276/974/1588 1274/972/1586
f 1275/973/1587 1277/975/1589 1278/976/1590 1276/974/1588
f 1277/975/1589 1279/977/1591 1280/978/1592 1278/976/1590
f 1279/977/1591 1281/979/1593 1282/980/1594 1280/978/1592
f 1281/979/1593 1283/981/1595 1284/982/1596 1282/980/1594
f 1283/981/1595 1285/983/1597 1286/984/1598 1284/982/1596
f 1285/983/1597 1287/985/1599 1288/986/1600 1286/984/1598
f 1287/985/1599 1289/987/1601 1290/988/1602 1288/986/1600
f 1289/987/1601 1291/989/1603 1292/990/1604 1290/988/1602
f 1291/989/1603 1293/991/1605 1294/992/1606 1292/990/1604
f 1293/991/1605 1295/993/1607 1296/994/1608 1294/992/1606
f 1295/993/1607 1297/995/1609 1298/996/1610 1296/994/1608
f 1297/995/1609 1299/997/1611 1300/998/1612 1298/996/1610
f 1299/997/1611 1301/999/1613 1302/1000/1614 1300/998/1612
f 1301/999/1613 1303/1001/1615 1304/1002/1616 1302/1000/1614
f 1303/1001/1615 1305/1003/1617 1306/1004/1618 1304/1002/1616
f 1305/1003/1617 1307/1005/1619 1308/1006/1620 1306/1004/1618
f 1307/1005/1619 1269/967/1581 1272/970/1584 1308/1006/1620
s off
f 1250/948/1621 1249/947/1622 1270/968/1623 1269/967/1624
f 1310/1007/1625 1309/1008/1626 1311/1009/1627 1312/1010/1628
f 1249/947/1629 1251/949/1630 1273/971/1631 1270/968/1632
f 1313/1011/1633 1310/1007/1634 1312/1010/1635 1314/1012/1636
f 1251/949/1637 1252/950/1638 1275/973/1639 1273/971/1640
f 1315/1013/1641 1313/1011/1642 1314/1012/1643 1316/1014/1644
f 1252/950/1645 1253/951/1646 1277/975/1647 1275/973/1648
f 1317/1015/1649 1315/1013/1650 1316/1014/1651 1318/1016/1652
f 1253/951/1653 1254/952/1654 1279/977/1655 1277/975/1656
f 1319/1017/1657 1317/1015/1658 1318/1016/1659 1320/1018/1660
f 1254/952/1661 1255/953/1662 1281/979/1663 1279/977/1664
f 1321/1019/1665 1319/1017/1666 1320/1018/1667 1322/1020/1668
f 1255/953/1669 1256/954/1670 1283/981/1671 1281/979/1672
f 1323/1021/1673 1321/1019/1674 1322/1020/1675 1324/1022/1676
f 1256/954/1677 1257/955/1678 1285/983/1679 1283/981/1680
f 1325/1023/1681 1323/1021/1682 1324/1022/1683 1326/1024/1684
f 1257/955/1685 1258/956/1686 1287/985/1687 1285/983/1688
f 1327/1025/1689 1325/1023/1690 1326/1024/1691 1328/1026/1692
f 1258/956/1693 1259/957/1694 1289/987/1695 1287/985/1696
f 1329/1027/1697 1327/1025/1698 1328/1026/1699 1330/1028/1700
f 1259/957/1701 1260/958/1702 1291/989/1703 1289/987/1704
f 1331/1029/1705 1329/1027/1706 1330/1028/1707 1332/1030/1708
f 1260/958/1709 1261/959/1710 1293/991/1711 1291/989/1712
f 1333/1031/1713 1331/1029/1714 1332/1030/1715 1334/1032/1716
f 1261/959/1717 1262/960/1718 1295/993/1719 1293/991/1720
f 1335/1033/1721 1333/1031/1722 1334/1032/1723 1336/1034/1724
f 1262/960/1725 1263/961/1726 1297/995/1727 1295/993/1728
f 1337/1035/1729 1335/1033/1730 1336/1034/1731 1338/1036/1732
f 1263/961/1733 1264/962/1734 1299/997/1735 1297/995/1736
f 1339/1037/1737 1337/1035/1738 1338/1036/1739 1340/1038/1740
f 1264/962/1741 1265/963/1742 1301/999/1743 1299/997/1744
f 1341/1039/1745 1339/1037/1746 1340/1038/1747 1342/1040/1748
f 1265/963/1749 1266/964/1750 1303/1001/1751 1301/999/1752
f 1343/1041/1753 1341/1039/1754 1342/1040/1755 1344/1042/1756
f 1266/964/1757 1267/965/1758 1305/1003/1759 1303/1001/1760
f 1345/1043/1761 1343/1041/1762 1344/1042/1763 1346/1044/1764
f 1267/965/1765 1268/966/1766 1307/1005/1767 1305/1003/1768
f 1347/1045/1769 1345/1043/1770 1346/1044/1771 1348/1046/1772
f 1268/966/1773 1250/948/1774 1269/967/1775 1307/1005/1776
f 1309/1008/1777 1347/1045/1778 1348/1046/1779 1311/1009/1780
s 6
f 1350/1713/1781 1349/1714/1782 1309/1008/1783 1310/1007/1784
s 5
f 1272/970/1584 1271/969/1583 1312/1010/1785 1311/1009/1786
s 6
f 1351/1715/1787 1350/1713/1781 1310/1007/1784 1313/1011/1788
s 5
f 1271/969/1583 1274/972/1586 1314/1012/1789 1312/1010/1785
s 6
f 1352/1716/1790 1351/1715/1787 1313/1011/1788 1315/1013/1791
s 5
f 1274/972/1586 1276/974/1588 1316/1014/1792 1314/1012/1789
s 6
f 1353/1717/1793 1352/1716/1790 1315/1013/1791 1317/1015/1794
s 5
f 1276/974/1588 1278/976/1590 1318/1016/1795 1316/1014/1792
s 6
f 1354/1718/1796 1353/1717/1793 1317/1015/1794 1319/1017/1797
s 5
f 1278/976/1590 1280/978/1592 1320/1018/1798 1318/1016/1795
s 6
f 1355/1719/1799 1354/1718/1796 1319/1017/1797 1321/1019/1800
s 5
f 1280/978/1592 1282/980/1594 1322/1020/1801 1320/1018/1798
s 6
f 1356/1720/1802 1355/1719/1799 1321/1019/1800 1323/1021/1803
s 5
f 1282/980/1594 1284/982/1596 1324/1022/1804 1322/1020/1801
s 6
f 1357/1721/1805 1356/1720/1802 1323/1021/1803 1325/1023/1806
s 5
f 1284/982/1596 1286/984/1598 1326/1024/1807 1324/1022/1804
s 6
f 1358/1722/1808 1357/1721/1805 1325/1023/1806 1327/1025/1809
s 5
f 1286/984/1598 1288/986/1600 1328/1026/1810 1326/1024/1807
s 6
f 1359/1723/1811 1358/1722/1808 1327/1025/1809 1329/1027/1812
s 5
f 1288/986/1600 1290/988/1602 1330/1028/1813 1328/1026/1810
s 6
f 1360/1724/1814 1359/1723/1811 1329/1027/1812 1331/1029/1815
s 5
f 1290/988/1602 1292/990/1604 1332/1030/1816 1330/1028/1813
s 6
f 1361/1725/1817 1360/1724/1814 1331/1029/1815 1333/1031/1818
s 5
f 1292/990/1604 1294/992/1606 1334/1032/1819 1332/1030/1816
s 6
f 1362/1726/1820 1361/1725/1817 1333/1031/1818 1335/1033/1821
s 5
f 1294/992/1606 1296/994/1608 1336/1034/1822 1334/1032/1819
s 6
f 1363/1727/1823 1362/1726/1820 1335/1033/1821 1337/1035/1824
s 5
f 1296/994/1608 1298/996/1610 1338/1036/1825 1336/1034/1822
s 6
f 1364/1728/1826 1363/1727/1823 1337/1035/1824 1339/1037/1827
s 5
f 1298/996/1610 1300/998/1612 1340/1038/1828 1338/1036/1825
s 6
f 1365/1729/1829 1364/1728/1826 1339/1037/1827 1341/1039/1830
s 5
f 1300/998/1612 1302/1000/1614 1342/1040/1831 1340/1038/1828
s 6
f 1366/1730/1832 1365/1729/1829 1341/1039/1830 1343/1041/1833
s 5
f 1302/1000/1614 1304/1002/1616 1344/1042/1834 1342/1040/1831
s 6
f 1367/1731/1835 1366/1730/1832 1343/1041/1833 1345/1043/1836
s 5
f 1304/1002/1616 1306/1004/1618 1346/1044/1837 1344/1042/1834
s 6
f 1368/1732/1838 1367/1731/1835 1345/1043/1836 1347/1045/1839
s 5
f 1306/1004/1618 1308/1006/1620 1348/1046/1840 1346/1044/1837
s 6
f 1349/1714/1782 1368/1732/1838 1347/1045/1839 1309/1008/1783
s 5
f 1308/1006/1620 1272/970/1584 1311/1009/1786 1348/1046/1840
s 1
f 1370/1067/1841 1369/1068/1842 1183/886/1416 1147/868/1379
f 1369/1068/1842 1371/1069/1843 1181/885/1414 1183/886/1416
f 1371/1069/1843 1372/1070/1844 1179/884/1412 1181/885/1414
f 1372/1070/1844 1373/1071/1845 1177/883/1410 1179/884/1412
f 1373/1071/1845 1374/1072/1846 1175/882/1408 1177/883/1410
f 1374/1072/1846 1375/1073/1847 1173/881/1406 1175/882/1408
f 1375/1073/1847 1376/1074/1848 1171/880/1404 1173/881/1406
f 1376/1074/1848 1377/1075/1849 1169/879/1402 1171/880/1404
f 1377/1075/1849 1378/1076/1850 1167/878/1400 1169/879/1402
f 1378/1076/1850 1379/1077/1851 1165/877/1398 1167/878/1400
f 1379/1077/1851 1380/1078/1852 1163/876/1396 1165/877/1398
f 1380/1078/1852 1381/1079/1853 1161/875/1394 1163/876/1396
f 1381/1079/1853 1382/1080/1854 1159/874/1392 1161/875/1394
f 1382/1080/1854 1383/1081/1855 1157/873/1390 1159/874/1392
f 1383/1081/1855 1384/1082/1856 1155/872/1388 1157/873/1390
f 1384/1082/1856 1385/1083/1857 1153/871/1386 1155/872/1388
f 1385/1083/1857 1386/1084/1858 1151/870/1384 1153/871/1386
f 1386/1084/1858 1387/1085/1859 1149/869/1382 1151/870/1384
f 1387/1085/1859 1388/1086/1860 1145/867/1378 1149/869/1382
f 1388/1086/1860 1370/1067/1841 1147/868/1379 1145/867/1378
f 1390/1087/1861 1389/1088/1862 1391/1089/1863 1392/1090/1864
f 1370/1067/1841 1393/1091/1865 1394/1092/1866 1369/1068/1842
f 1393/1091/1865 1390/1093/1861 1392/1094/1864 1394/1092/1866
f 1392/1090/1864 1391/1089/1863 1395/1095/1867 1396/1096/1868
f 1369/1068/1842 1394/1092/1866 1397/1097/1869 1371/1069/1843
f 1394/1092/1866 1392/1094/1864 1396/1098/1868 1397/1097/1869
f 1396/1096/1868 1395/1095/1867 1398/1099/1870 1399/1100/1871
f 1371/1069/1843 1397/1097/1869 1400/1101/1872 1372/1070/1844
f 1397/1097/1869 1396/1098/1868 1399/1102/1871 1400/1101/1872
f 1399/1100/1871 1398/1099/1870 1401/1103/1873 1402/1104/1874
f 1372/1070/1844 1400/1101/1872 1403/1105/1875 1373/1071/1845
f 1400/1101/1872 1399/1102/1871 1402/1106/1874 1403/1105/1875
f 1402/1104/1874 1401/1103/1873 1404/1107/1876 1405/1108/1877
f 1373/1071/1845 1403/1105/1875 1406/1109/1878 1374/1072/1846
f 1403/1105/1875 1402/1106/1874 1405/1110/1877 1406/1109/1878
f 1405/1108/1877 1404/1107/1876 1407/1111/1879 1408/1112/1880
f 1374/1072/1846 1406/1109/1878 1409/1113/1881 1375/1073/1847
f 1406/1109/1878 1405/1110/1877 1408/1114/1880 1409/1113/1881
f 1408/1112/1880 1407/1111/1879 1410/1115/1882 1411/1116/1883
f 1375/1073/1847 1409/1113/1881 1412/1117/1884 1376/1074/1848
f 1409/1113/1881 1408/1114/1880 1411/1118/1883 1412/1117/1884
f 1411/1116/1883 1410/1115/1882 1413/1119/1885 1414/1120/1886
f 1376/1074/1848 1412/1117/1884 1415/1121/1887 1377/1075/1849
f 1412/1117/1884 1411/1118/1883 1414/1122/1886 1415/1121/1887
f 1414/1120/1886 1413/1119/1885 1416/1123/1888 1417/1124/1889
f 1377/1075/1849 1415/1121/1887 1418/1125/1890 1378/1076/1850
f 1415/1121/1887 1414/1122/1886 1417/1126/1889 1418/1125/1890
f 1417/1124/1889 1416/1123/1888 1419/1127/1891 1420/1128/1892
f 1378/1076/1850 1418/1125/1890 1421/1129/1893 1379/1077/1851
f 1418/1125/1890 1417/1126/1889 1420/1130/1892 1421/1129/1893
f 1420/1128/1892 1419/1127/1891 1422/1131/1894 1423/1132/1895
f 1379/1077/1851 1421/1129/1893 1424/1133/1896 1380/1078/1852
f 1421/1129/1893 1420/1130/1892 1423/1134/1895 1424/1133/1896
f 1423/1132/1895 1422/1131/1894 1425/1135/1897 1426/1136/1898
f 1380/1078/1852 1424/1133/1896 1427/1137/1899 1381/1079/1853
f 1424/1133/1896 1423/1134/1895 1426/1138/1898 1427/1137/1899
f 1426/1136/1898 1425/1135/1897 1428/1139/1900 1429/1140/1901
f 1381/1079/1853 1427/1137/1899 1430/1141/1902 1382/1080/1854
f 1427/1137/1899 1426/1138/1898 1429/1142/1901 1430/1141/1902
f 1429/1140/1901 1428/1139/1900 1431/1143/1903 1432/1144/1904
f 1382/1080/1854 1430/1141/1902 1433/1145/1905 1383/1081/1855
f 1430/1141/1902 1429/1142/1901 1432/1146/1904 1433/1145/1905
f 1432/1144/1904 1431/1143/1903 1434/1147/1906 1435/1148/1907
f 1383/1081/1855 1433/1145/1905 1436/1149/1908 1384/1082/1856
f 1433/1145/1905 1432/1146/1904 1435/1150/1907 1436/1149/1908
f 1435/1148/1907 1434/1147/1906 1437/1151/1909 1438/1152/1910
f 1384/1082/1856 1436/1149/1908 1439/1153/1911 1385/1083/1857
f 1436/1149/1908 1435/1150/1907 1438/1154/1910 1439/1153/1911
f 1438/1152/1910 1437/1151/1909 1440/1155/1912 1441/1156/1913
f 1385/1083/1857 1439/1153/1911 1442/1157/1914 1386/1084/1858
f 1439/1153/1911 1438/1154/1910 1441/1158/1913 1442/1157/1914
f 1441/1156/1913 1440/1155/1912 1443/1159/1915 1444/1160/1916
f 1386/1084/1858 1442/1157/1914 1445/1161/1917 1387/1085/1859
f 1442/1157/1914 1441/1158/1913 1444/1162/1916 1445/1161/1917
f 1444/1160/1916 1443/1159/1915 1446/1163/1918 1447/1164/1919
f 1387/1085/1859 1445/1161/1917 1448/1165/1920 1388/1086/1860
f 1445/1161/1917 1444/1162/1916 1447/1166/1919 1448/1165/1920
f 1389/1167/1862 1390/1168/1861 1447/1164/1919 1446/1163/1918
f 1390/1093/1861 1393/1091/1865 1448/1165/1920 1447/1166/1919
f 1393/1091/1865 1370/1067/1841 1388/1086/1860 1448/1165/1920
f 1449/1169/1921 1450/1170/1922 1451/1171/1923 1452/1172/1924
f 1450/1173/1922 1449/1174/1921 1453/1175/1925 1454/1176/1926
f 1452/1172/1924 1451/1171/1923 1455/1177/1927 1456/1178/1928
f 1456/1178/1928 1455/1177/1927 1457/1179/1929 1458/1180/1930
f 1458/1180/1930 1457/1179/1929 1459/1181/1931 1460/1182/1932
f 1460/1182/1932 1459/1181/1931 1461/1183/1933 1462/1184/1934
f 1462/1184/1934 1461/1183/1933 1463/1185/1935 1464/1186/1936
f 1464/1186/1936 1463/1185/1935 1465/1187/1937 1466/1188/1938
f 1466/1188/1938 1465/1187/1937 1467/1189/1939 1468/1190/1940
f 1468/1190/1940 1467/1189/1939 1469/1191/1941 1470/1192/1942
f 1470/1192/1942 1469/1191/1941 1471/1193/1943 1472/1194/1944
f 1472/1194/1944 1471/1193/1943 1473/1195/1945 1474/1196/1946
f 1474/1196/1946 1473/1195/1945 1475/1197/1947 1476/1198/1948
f 1476/1198/1948 1475/1197/1947 1477/1199/1949 1478/1200/1950
f 1478/1200/1950 1477/1199/1949 1479/1201/1951 1480/1202/1952
f 1480/1202/1952 1479/1201/1951 1481/1203/1953 1482/1204/1954
f 1482/1204/1954 1481/1203/1953 1483/1205/1955 1484/1206/1956
f 1484/1206/1956 1483/1205/1955 1485/1207/1957 1486/1208/1958
f 1486/1208/1958 1485/1207/1957 1487/1209/1959 1488/1210/1960
f 1488/1210/1960 1487/1209/1959 1454/1176/1926 1453/1175/1925
f 1186/1211/1961 1223/1212/1962 1453/1175/1925 1449/1174/1921
f 1223/1212/1962 1221/1213/1963 1488/1210/1960 1453/1175/1925
f 1221/1213/1963 1219/1214/1964 1486/1208/1958 1488/1210/1960
f 1219/1214/1964 1217/1215/1965 1484/1206/1956 1486/1208/1958
f 1217/1215/1965 1215/1216/1966 1482/1204/1954 1484/1206/1956
f 1215/1216/1966 1213/1217/1967 1480/1202/1952 1482/1204/1954
f 1213/1217/1967 1211/1218/1968 1478/1200/1950 1480/1202/1952
f 1211/1218/1968 1209/1219/1969 1476/1198/1948 1478/1200/1950
f 1209/1219/1969 1207/1220/1970 1474/1196/1946 1476/1198/1948
f 1207/1220/1970 1205/1221/1971 1472/1194/1944 1474/1196/1946
f 1205/1221/1971 1203/1222/1972 1470/1192/1942 1472/1194/1944
f 1203/1222/1972 1201/1223/1973 1468/1190/1940 1470/1192/1942
f 1201/1223/1973 1199/1224/1974 1466/1188/1938 1468/1190/1940
f 1199/1224/1974 1197/1225/1975 1464/1186/1936 1466/1188/1938
f 1197/1225/1975 1195/1226/1976 1462/1184/1934 1464/1186/1936
f 1195/1226/1976 1193/1227/1977 1460/1182/1932 1462/1184/1934
f 1193/1227/1977 1191/1228/1978 1458/1180/1930 1460/1182/1932
f 1191/1228/1978 1189/1229/1979 1456/1178/1928 1458/1180/1930
f 1189/1229/1979 1185/1230/1980 1452/1172/1924 1456/1178/1928
f 1185/1230/1980 1186/1231/1961 1449/1169/1921 1452/1172/1924
f 1451/1171/1923 1450/1170/1922 1389/1167/1862 1446/1163/1918
f 1455/1177/1927 1451/1171/1923 1446/1163/1918 1443/1159/1915
f 1457/1179/1929 1455/1177/1927 1443/1159/1915 1440/1155/1912
f 1459/1181/1931 1457/1179/1929 1440/1155/1912 1437/1151/1909
f 1461/1183/1933 1459/1181/1931 1437/1151/1909 1434/1147/1906
f 1463/1185/1935 1461/1183/1933 1434/1147/1906 1431/1143/1903
f 1465/1187/1937 1463/1185/1935 1431/1143/1903 1428/1139/1900
f 1467/1189/1939 1465/1187/1937 1428/1139/1900 1425/1135/1897
f 1469/1191/1941 1467/1189/1939 1425/1135/1897 1422/1131/1894
f 1471/1193/1943 1469/1191/1941 1422/1131/1894 1419/1127/1891
f 1473/1195/1945 1471/1193/1943 1419/1127/1891 1416/1123/1888
f 1475/1197/1947 1473/1195/1945 1416/1123/1888 1413/1119/1885
f 1477/1199/1949 1475/1197/1947 1413/1119/1885 1410/1115/1882
f 1479/1201/1951 1477/1199/1949 1410/1115/1882 1407/1111/1879
f 1481/1203/1953 1479/1201/1951 1407/1111/1879 1404/1107/1876
f 1483/1205/1955 1481/1203/1953 1404/1107/1876 1401/1103/1873
f 1485/1207/1957 1483/1205/1955 1401/1103/1873 1398/1099/1870
f 1487/1209/1959 1485/1207/1957 1398/1099/1870 1395/1095/1867
f 1454/1176/1926 1487/1209/1959 1395/1095/1867 1391/1089/1863
f 1450/1173/1922 1454/1176/1926 1391/1089/1863 1389/1088/1862
s 2
f 1490/1255/1981 1489/1271/1982 1247/946/1983 1248/930/1984
f 1230/929/1985 1491/1254/1986 1490/1255/1981 1248/930/1984
f 1229/927/1987 1492/1252/1988 1491/1254/1986 1230/929/1985
f 1493/1253/1989 1492/1252/1988 1229/927/1987 1231/928/1990
f 1494/1256/1991 1493/1253/1989 1231/928/1990 1232/931/1992
f 1495/1257/1993 1494/1256/1991 1232/931/1992 1233/932/1994
f 1496/1258/1995 1495/1257/1993 1233/932/1994 1234/933/1996
f 1497/1259/1997 1496/1258/1995 1234/933/1996 1235/934/1998
f 1498/1260/1999 1497/1259/1997 1235/934/1998 1236/935/2000
f 1227/1261/1499 1498/1260/1999 1236/935/2000 1237/936/2001
f 1228/1262/1500 1227/1261/1499 1237/936/2001 1238/937/2002
f 1225/1263/1497 1228/1262/1500 1238/937/2002 1239/938/2003
f 1499/1264/2004 1225/1263/1497 1239/938/2003 1240/939/2005
f 1500/1265/2006 1499/1264/2004 1240/939/2005 1241/940/2007
f 1501/1266/2008 1500/1265/2006 1241/940/2007 1242/941/2009
f 1502/1267/2010 1501/1266/2008 1242/941/2009 1243/942/2011
f 1503/1268/2012 1502/1267/2010 1243/942/2011 1244/943/2013
f 1504/1269/2014 1503/1268/2012 1244/943/2013 1245/944/2015
f 1505/1270/2016 1504/1269/2014 1245/944/2015 1246/945/2017
f 1489/1271/1982 1505/1270/2016 1246/945/2017 1247/946/1983
f 1506/1279/2018 1490/1255/1981 1491/1254/1986 1492/1252/1988
f 1507/1278/2019 1506/1279/2018 1492/1252/1988 1493/1253/1989
f 1508/1277/2020 1507/1278/2019 1493/1253/1989 1494/1256/1991
f 1509/1276/2021 1508/1277/2020 1494/1256/1991 1495/1257/1993
f 1510/1275/2022 1509/1276/2021 1495/1257/1993 1496/1258/1995
f 1511/1274/2023 1510/1275/2022 1496/1258/1995 1497/1259/1997
f 1512/1273/2024 1511/1274/2023 1497/1259/1997 1498/1260/1999
f 1226/1272/1498 1512/1273/2024 1498/1260/1999 1227/1261/1499
f 1499/1264/2004 1226/1272/1498 1225/1263/1497
f 1500/1265/2006 1512/1273/2024 1226/1272/1498 1499/1264/2004
f 1501/1266/2008 1511/1274/2023 1512/1273/2024 1500/1265/2006
f 1502/1267/2010 1510/1275/2022 1511/1274/2023 1501/1266/2008
f 1503/1268/2012 1509/1276/2021 1510/1275/2022 1502/1267/2010
f 1504/1269/2014 1508/1277/2020 1509/1276/2021 1503/1268/2012
f 1505/1270/2016 1507/1278/2019 1508/1277/2020 1504/1269/2014
f 1489/1271/1982 1506/1279/2018 1507/1278/2019 1505/1270/2016
f 1489/1271/1982 1490/1255/1981 1506/1279/2018
s 10
f 898/1280/2025 900/1283/2026 899/1282/2027 897/1281/2028
f 902/1284/2029 898/1280/2025 897/1281/2028 901/1285/2030
f 904/1286/2031 902/1284/2029 901/1285/2030 903/1287/2032
f 906/1288/2033 904/1286/2031 903/1287/2032 905/1289/2034
f 908/1290/2035 906/1288/2033 905/1289/2034 907/1291/2036
f 910/1292/2037 908/1290/2035 907/1291/2036 909/1293/2038
f 912/1294/2039 910/1292/2037 909/1293/2038 911/1295/2040
f 914/1296/2041 912/1294/2039 911/1295/2040 913/1297/2042
f 916/1298/2043 914/1296/2041 913/1297/2042 915/1299/2044
f 918/1300/2045 916/1298/2043 915/1299/2044 917/1301/2046
f 920/1302/2047 918/1300/2045 917/1301/2046 919/1303/2048
f 922/1304/2049 920/1302/2047 919/1303/2048 921/1305/2050
f 924/1306/2051 922/1304/2049 921/1305/2050 923/1307/2052
f 926/1308/2053 924/1306/2051 923/1307/2052 925/1309/2054
f 928/1310/2055 926/1308/2053 925/1309/2054 927/1311/2056
f 930/1312/2057 928/1310/2055 927/1311/2056 929/1313/2058
f 932/1314/2059 930/1312/2057 929/1313/2058 931/1315/2060
f 934/1316/2061 932/1314/2059 931/1315/2060 933/1317/2062
f 936/1318/2063 934/1316/2061 933/1317/2062 935/1319/2064
f 900/1283/2026 936/1318/2063 935/1319/2064 899/1282/2027
s off
f 938/1320/2065 940/1323/2066 939/1322/2067 937/1321/2068
f 937/1321/2069 939/1322/2070 942/1325/2071 941/1324/2072
f 941/1324/2073 942/1325/2074 944/1327/2075 943/1326/2076
f 943/1326/2077 944/1327/2078 946/1329/2079 945/1328/2080
f 945/1328/2081 946/1329/2082 948/1331/2083 947/1330/2084
f 947/1330/2085 948/1331/2086 950/1333/2087 949/1332/2088
f 949/1332/2089 950/1333/2090 952/1335/2091 951/1334/2092
f 951/1334/2093 952/1335/2094 954/1337/2095 953/1336/2096
f 953/1336/2097 954/1337/2098 956/1339/2099 955/1338/2100
f 955/1338/2101 956/1339/2102 958/1341/2103 957/1340/2104
f 957/1340/2105 958/1341/2106 960/1343/2107 959/1342/2108
f 959/1342/2109 960/1343/2110 962/1345/2111 961/1344/2112
f 961/1344/2113 962/1345/2114 964/1347/2115 963/1346/2116
f 963/1346/2117 964/1347/2118 966/1349/2119 965/1348/2120
f 965/1348/2121 966/1349/2122 968/1351/2123 967/1350/2124
f 967/1350/2125 968/1351/2126 970/1353/2127 969/1352/2128
f 969/1352/2129 970/1353/2130 972/1355/2131 971/1354/2132
f 971/1354/2133 972/1355/2134 974/1357/2135 973/1356/2136
f 973/1356/2137 974/1357/2138 976/1359/2139 975/1358/2140
f 975/1358/2141 976/1359/2142 940/1323/2143 938/1320/2144
s 11
f 1128/1360/2145 1127/1363/2146 1126/1362/2147 1137/1361/2148
s 12
f 940/1323/2149 979/1365/2150 977/1364/2151 939/1322/2152
f 939/1322/2152 977/1364/2151 978/1366/2153 942/1325/2154
f 942/1325/2154 978/1366/2153 981/1367/2155 944/1327/2156
f 944/1327/2156 981/1367/2155 982/1368/2157 946/1329/2158
f 946/1329/2158 982/1368/2157 983/1369/2159 948/1331/2160
f 948/1331/2160 983/1369/2159 984/1370/2161 950/1333/2162
f 950/1333/2162 984/1370/2161 985/1371/2163 952/1335/2164
f 952/1335/2164 985/1371/2163 986/1372/2165 954/1337/2166
f 954/1337/2166 986/1372/2165 987/1373/2167 956/1339/2168
f 956/1339/2168 987/1373/2167 988/1374/2169 958/1341/2170
f 958/1341/2170 988/1374/2169 989/1375/2171 960/1343/2172
f 960/1343/2172 989/1375/2171 990/1376/2173 962/1345/2174
f 962/1345/2174 990/1376/2173 991/1377/2175 964/1347/2176
f 964/1347/2176 991/1377/2175 992/1378/2177 966/1349/2178
f 966/1349/2178 992/1378/2177 993/1379/2179 968/1351/2180
f 968/1351/2180 993/1379/2179 994/1380/2181 970/1353/2182
f 970/1353/2182 994/1380/2181 995/1381/2183 972/1355/2184
f 972/1355/2184 995/1381/2183 996/1382/2185 974/1357/2186
f 974/1357/2186 996/1382/2185 980/1383/2187 976/1359/2188
f 976/1359/2188 980/1383/2187 979/1365/2150 940/1323/2149
s 13
f 757/1384/2189 777/1387/2190 778/1386/2191 758/1385/2192
f 758/1385/2192 778/1386/2191 779/1389/2193 759/1388/2194
f 759/1388/2194 779/1389/2193 780/1391/2195 760/1390/2196
f 760/1390/2196 780/1391/2195 781/1393/2197 761/1392/2198
f 761/1392/2198 781/1393/2197 782/1395/2199 762/1394/2200
f 762/1394/2200 782/1395/2199 783/1397/2201 763/1396/2202
f 763/1396/2202 783/1397/2201 784/1399/2203 764/1398/2204
f 764/1398/2204 784/1399/2203 785/1401/2205 765/1400/2206
f 765/1400/2206 785/1401/2205 786/1403/2207 766/1402/2208
f 766/1402/2208 786/1403/2207 787/1405/2209 767/1404/2210
f 767/1404/2210 787/1405/2209 788/1407/2211 768/1406/2212
f 768/1406/2212 788/1407/2211 789/1409/2213 769/1408/2214
f 769/1408/2214 789/1409/2213 790/1411/2215 770/1410/2216
f 770/1410/2216 790/1411/2215 791/1413/2217 771/1412/2218
f 771/1412/2218 791/1413/2217 792/1415/2219 772/1414/2220
f 772/1414/2220 792/1415/2219 793/1417/2221 773/1416/2222
f 773/1416/2222 793/1417/2221 794/1419/2223 774/1418/2224
f 774/1418/2224 794/1419/2223 795/1421/2225 775/1420/2226
f 775/1420/2226 795/1421/2225 796/1423/2227 776/1422/2228
f 776/1422/2228 796/1423/2227 777/1387/2190 757/1384/2189
s 14
f 817/1424/2229 820/1427/2230 819/1426/2231 818/1425/2232
f 818/1425/2232 819/1426/2231 822/1429/2233 821/1428/2234
f 821/1428/2234 822/1429/2233 824/1431/2235 823/1430/2236
f 823/1430/2236 824/1431/2235 826/1433/2237 825/1432/2238
f 825/1432/2238 826/1433/2237 828/1435/2239 827/1434/2240
f 827/1434/2240 828/1435/2239 830/1437/2241 829/1436/2242
f 829/1436/2242 830/1437/2241 832/1439/2243 831/1438/2244
f 831/1438/2244 832/1439/2243 834/1441/2245 833/1440/2246
f 833/1440/2246 834/1441/2245 836/1443/2247 835/1442/2248
f 835/1442/2248 836/1443/2247 838/1445/2249 837/1444/2250
f 837/1444/2250 838/1445/2249 840/1447/2251 839/1446/2252
f 839/1446/2252 840/1447/2251 842/1449/2253 841/1448/2254
f 841/1448/2254 842/1449/2253 844/1451/2255 843/1450/2256
f 843/1450/2256 844/1451/2255 846/1453/2257 845/1452/2258
f 845/1452/2258 846/1453/2257 848/1455/2259 847/1454/2260
f 847/1454/2260 848/1455/2259 850/1457/2261 849/1456/2262
f 849/1456/2262 850/1457/2261 852/1459/2263 851/1458/2264
f 851/1458/2264 852/1459/2263 854/1461/2265 853/1460/2266
f 853/1460/2266 854/1461/2265 856/1463/2267 855/1462/2268
f 855/1462/2268 856/1463/2267 820/1427/2230 817/1424/2229
s off
f 777/1387/2269 817/1424/2270 818/1425/2271 778/1386/2272
f 858/1464/2273 860/1467/2274 859/1466/2275 857/1465/2276
f 778/1386/2277 818/1425/2278 821/1428/2279 779/1389/2280
f 861/1468/2281 862/1469/2282 860/1467/2283 858/1464/2284
f 779/1389/2285 821/1428/2286 823/1430/2287 780/1391/2288
f 863/1470/2289 864/1471/2290 862/1469/2291 861/1468/2292
f 780/1391/2293 823/1430/2294 825/1432/2295 781/1393/2296
f 865/1472/2297 866/1473/2298 864/1471/2299 863/1470/2300
f 781/1393/2301 825/1432/2302 827/1434/2303 782/1395/2304
f 867/1474/2305 868/1475/2306 866/1473/2307 865/1472/2308
f 782/1395/2309 827/1434/2310 829/1436/2311 783/1397/2312
f 869/1476/2313 870/1477/2314 868/1475/2315 867/1474/2316
f 783/1397/2317 829/1436/2318 831/1438/2319 784/1399/2320
f 871/1478/2321 872/1479/2322 870/1477/2323 869/1476/2324
f 784/1399/2325 831/1438/2326 833/1440/2327 785/1401/2328
f 873/1480/2329 874/1481/2330 872/1479/2331 871/1478/2332
f 785/1401/2333 833/1440/2334 835/1442/2335 786/1403/2336
f 875/1482/2337 876/1483/2338 874/1481/2339 873/1480/2340
f 786/1403/2341 835/1442/2342 837/1444/2343 787/1405/2344
f 877/1484/2345 878/1485/2346 876/1483/2347 875/1482/2348
f 787/1405/2349 837/1444/2350 839/1446/2351 788/1407/2352
f 879/1486/2353 880/1487/2354 878/1485/2355 877/1484/2356
f 788/1407/2357 839/1446/2358 841/1448/2359 789/1409/2360
f 881/1488/2361 882/1489/2362 880/1487/2363 879/1486/2364
f 789/1409/2365 841/1448/2366 843/1450/2367 790/1411/2368
f 883/1490/2369 884/1491/2370 882/1489/2371 881/1488/2372
f 790/1411/2373 843/1450/2374 845/1452/2375 791/1413/2376
f 885/1492/2377 886/1493/2378 884/1491/2379 883/1490/2380
f 791/1413/2381 845/1452/2382 847/1454/2383 792/1415/2384
f 887/1494/2385 888/1495/2386 886/1493/2387 885/1492/2388
f 792/1415/2389 847/1454/2390 849/1456/2391 793/1417/2392
f 889/1496/2393 890/1497/2394 888/1495/2395 887/1494/2396
f 793/1417/2397 849/1456/2398 851/1458/2399 794/1419/2400
f 891/1498/2401 892/1499/2402 890/1497/2403 889/1496/2404
f 794/1419/2405 851/1458/2406 853/1460/2407 795/1421/2408
f 893/1500/2409 894/1501/2410 892/1499/2411 891/1498/2412
f 795/1421/2413 853/1460/2414 855/1462/2415 796/1423/2416
f 895/1502/2417 896/1503/2418 894/1501/2419 893/1500/2420
f 796/1423/2421 855/1462/2422 817/1424/2423 777/1387/2424
f 857/1465/2425 859/1466/2426 896/1503/2427 895/1502/2428
s 15
f 798/1504/2429 858/1464/2430 857/1465/2431 797/1505/2432
s 14
f 820/1427/2230 859/1466/2433 860/1467/2434 819/1426/2231
s 15
f 799/1506/2435 861/1468/2436 858/1464/2430 798/1504/2429
s 14
f 819/1426/2231 860/1467/2434 862/1469/2437 822/1429/2233
s 15
f 800/1507/2438 863/1470/2439 861/1468/2436 799/1506/2435
s 14
f 822/1429/2233 862/1469/2437 864/1471/2440 824/1431/2235
s 15
f 801/1508/2441 865/1472/2442 863/1470/2439 800/1507/2438
s 14
f 824/1431/2235 864/1471/2440 866/1473/2443 826/1433/2237
s 15
f 802/1509/2444 867/1474/2445 865/1472/2442 801/1508/2441
s 14
f 826/1433/2237 866/1473/2443 868/1475/2446 828/1435/2239
s 15
f 803/1510/2447 869/1476/2448 867/1474/2445 802/1509/2444
s 14
f 828/1435/2239 868/1475/2446 870/1477/2449 830/1437/2241
s 15
f 804/1511/2450 871/1478/2451 869/1476/2448 803/1510/2447
s 14
f 830/1437/2241 870/1477/2449 872/1479/2452 832/1439/2243
s 15
f 805/1512/2453 873/1480/2454 871/1478/2451 804/1511/2450
s 14
f 832/1439/2243 872/1479/2452 874/1481/2455 834/1441/2245
s 15
f 806/1513/2456 875/1482/2457 873/1480/2454 805/1512/2453
s 14
f 834/1441/2245 874/1481/2455 876/1483/2458 836/1443/2247
s 15
f 807/1514/2459 877/1484/2460 875/1482/2457 806/1513/2456
s 14
f 836/1443/2247 876/1483/2458 878/1485/2461 838/1445/2249
s 15
f 808/1515/2462 879/1486/2463 877/1484/2460 807/1514/2459
s 14
f 838/1445/2249 878/1485/2461 880/1487/2464 840/1447/2251
s 15
f 809/1516/2465 881/1488/2466 879/1486/2463 808/1515/2462
s 14
f 840/1447/2251 880/1487/2464 882/1489/2467 842/1449/2253
s 15
f 810/1517/2468 883/1490/2469 881/1488/2466 809/1516/2465
s 14
f 842/1449/2253 882/1489/2467 884/1491/2470 844/1451/2255
s 15
f 811/1518/2471 885/1492/2472 883/1490/2469 810/1517/2468
s 14
f 844/1451/2255 884/1491/2470 886/1493/2473 846/1453/2257
s 15
f 812/1519/2474 887/1494/2475 885/1492/2472 811/1518/2471
s 14
f 846/1453/2257 886/1493/2473 888/1495/2476 848/1455/2259
s 15
f 813/1520/2477 889/1496/2478 887/1494/2475 812/1519/2474
s 14
f 848/1455/2259 888/1495/2476 890/1497/2479 850/1457/2261
s 15
f 814/1521/2480 891/1498/2481 889/1496/2478 813/1520/2477
s 14
f 850/1457/2261 890/1497/2479 892/1499/2482 852/1459/2263
s 15
f 815/1522/2483 893/1500/2484 891/1498/2481 814/1521/2480
s 14
f 852/1459/2263 892/1499/2482 894/1501/2485 854/1461/2265
s 15
f 816/1523/2486 895/1502/2487 893/1500/2484 815/1522/2483
s 14
f 854/1461/2265 894/1501/2485 896/1503/2488 856/1463/2267
s 15
f 797/1505/2432 857/1465/2431 895/1502/2487 816/1523/2486
s 14
f 856/1463/2267 896/1503/2488 859/1466/2433 820/1427/2230
s 10
f 998/1524/2489 899/1282/2027 935/1319/2064 997/1525/2490
f 997/1525/2490 935/1319/2064 933/1317/2062 999/1526/2491
f 999/1526/2491 933/1317/2062 931/1315/2060 1000/1527/2492
f 1000/1527/2492 931/1315/2060 929/1313/2058 1001/1528/2493
f 1001/1528/2493 929/1313/2058 927/1311/2056 1002/1529/2494
f 1002/1529/2494 927/1311/2056 925/1309/2054 1003/1530/2495
f 1003/1530/2495 925/1309/2054 923/1307/2052 1004/1531/2496
f 1004/1531/2496 923/1307/2052 921/1305/2050 1005/1532/2497
f 1005/1532/2497 921/1305/2050 919/1303/2048 1006/1533/2498
f 1006/1533/2498 919/1303/2048 917/1301/2046 1007/1534/2499
f 1007/1534/2499 917/1301/2046 915/1299/2044 1008/1535/2500
f 1008/1535/2500 915/1299/2044 913/1297/2042 1009/1536/2501
f 1009/1536/2501 913/1297/2042 911/1295/2040 1010/1537/2502
f 1010/1537/2502 911/1295/2040 909/1293/2038 1011/1538/2503
f 1011/1538/2503 909/1293/2038 907/1291/2036 1012/1539/2504
f 1012/1539/2504 907/1291/2036 905/1289/2034 1013/1540/2505
f 1013/1540/2505 905/1289/2034 903/1287/2032 1014/1541/2506
f 1014/1541/2506 903/1287/2032 901/1285/2030 1015/1542/2507
f 1015/1542/2507 901/1285/2030 897/1281/2028 1016/1543/2508
f 1016/1543/2508 897/1281/2028 899/1282/2027 998/1524/2489
f 1018/1544/2509 1020/1547/2510 1019/1546/2511 1017/1545/2512
f 998/1524/2489 997/1525/2490 1022/1549/2513 1021/1548/2514
f 1021/1548/2514 1022/1549/2513 1020/1551/2510 1018/1550/2509
f 1020/1547/2510 1024/1553/2515 1023/1552/2516 1019/1546/2511
f 997/1525/2490 999/1526/2491 1025/1554/2517 1022/1549/2513
f 1022/1549/2513 1025/1554/2517 1024/1555/2515 1020/1551/2510
f 1024/1553/2515 1027/1557/2518 1026/1556/2519 1023/1552/2516
f 999/1526/2491 1000/1527/2492 1028/1558/2520 1025/1554/2517
f 1025/1554/2517 1028/1558/2520 1027/1559/2518 1024/1555/2515
f 1027/1557/2518 1030/1561/2521 1029/1560/2522 1026/1556/2519
f 1000/1527/2492 1001/1528/2493 1031/1562/2523 1028/1558/2520
f 1028/1558/2520 1031/1562/2523 1030/1563/2521 1027/1559/2518
f 1030/1561/2521 1033/1565/2524 1032/1564/2525 1029/1560/2522
f 1001/1528/2493 1002/1529/2494 1034/1566/2526 1031/1562/2523
f 1031/1562/2523 1034/1566/2526 1033/1567/2524 1030/1563/2521
f 1033/1565/2524 1036/1569/2527 1035/1568/2528 1032/1564/2525
f 1002/1529/2494 1003/1530/2495 1037/1570/2529 1034/1566/2526
f 1034/1566/2526 1037/1570/2529 1036/1571/2527 1033/1567/2524
f 1036/1569/2527 1039/1573/2530 1038/1572/2531 1035/1568/2528
f 1003/1530/2495 1004/1531/2496 1040/1574/2532 1037/1570/2529
f 1037/1570/2529 1040/1574/2532 1039/1575/2530 1036/1571/2527
f 1039/1573/2530 1042/1577/2533 1041/1576/2534 1038/1572/2531
f 1004/1531/2496 1005/1532/2497 1043/1578/2535 1040/1574/2532
f 1040/1574/2532 1043/1578/2535 1042/1579/2533 1039/1575/2530
f 1042/1577/2533 1045/1581/2536 1044/1580/2537 1041/1576/2534
f 1005/1532/2497 1006/1533/2498 1046/1582/2538 1043/1578/2535
f 1043/1578/2535 1046/1582/2538 1045/1583/2536 1042/1579/2533
f 1045/1581/2536 1048/1585/2539 1047/1584/2540 1044/1580/2537
f 1006/1533/2498 1007/1534/2499 1049/1586/2541 1046/1582/2538
f 1046/1582/2538 1049/1586/2541 1048/1587/2539 1045/1583/2536
f 1048/1585/2539 1051/1589/2542 1050/1588/2543 1047/1584/2540
f 1007/1534/2499 1008/1535/2500 1052/1590/2544 1049/1586/2541
f 1049/1586/2541 1052/1590/2544 1051/1591/2542 1048/1587/2539
f 1051/1589/2542 1054/1593/2545 1053/1592/2546 1050/1588/2543
f 1008/1535/2500 1009/1536/2501 1055/1594/2547 1052/1590/2544
f 1052/1590/2544 1055/1594/2547 1054/1595/2545 1051/1591/2542
f 1054/1593/2545 1057/1597/2548 1056/1596/2549 1053/1592/2546
f 1009/1536/2501 1010/1537/2502 1058/1598/2550 1055/1594/2547
f 1055/1594/2547 1058/1598/2550 1057/1599/2548 1054/1595/2545
f 1057/1597/2548 1060/1601/2551 1059/1600/2552 1056/1596/2549
f 1010/1537/2502 1011/1538/2503 1061/1602/2553 1058/1598/2550
f 1058/1598/2550 1061/1602/2553 1060/1603/2551 1057/1599/2548
f 1060/1601/2551 1063/1605/2554 1062/1604/2555 1059/1600/2552
f 1011/1538/2503 1012/1539/2504 1064/1606/2556 1061/1602/2553
f 1061/1602/2553 1064/1606/2556 1063/1607/2554 1060/1603/2551
f 1063/1605/2554 1066/1609/2557 1065/1608/2558 1062/1604/2555
f 1012/1539/2504 1013/1540/2505 1067/1610/2559 1064/1606/2556
f 1064/1606/2556 1067/1610/2559 1066/1611/2557 1063/1607/2554
f 1066/1609/2557 1069/1613/2560 1068/1612/2561 1065/1608/2558
f 1013/1540/2505 1014/1541/2506 1070/1614/2562 1067/1610/2559
f 1067/1610/2559 1070/1614/2562 1069/1615/2560 1066/1611/2557
f 1069/1613/2560 1072/1617/2563 1071/1616/2564 1068/1612/2561
f 1014/1541/2506 1015/1542/2507 1073/1618/2565 1070/1614/2562
f 1070/1614/2562 1073/1618/2565 1072/1619/2563 1069/1615/2560
f 1072/1617/2563 1075/1621/2566 1074/1620/2567 1071/1616/2564
f 1015/1542/2507 1016/1543/2508 1076/1622/2568 1073/1618/2565
f 1073/1618/2565 1076/1622/2568 1075/1623/2566 1072/1619/2563
f 1017/1624/2512 1074/1620/2567 1075/1621/2566 1018/1625/2509
f 1018/1550/2509 1075/1623/2566 1076/1622/2568 1021/1548/2514
f 1021/1548/2514 1076/1622/2568 1016/1543/2508 998/1524/2489
f 1077/1626/2569 1080/1629/2570 1079/1628/2571 1078/1627/2572
f 1078/1630/2572 1082/1633/2573 1081/1632/2574 1077/1631/2569
f 1080/1629/2570 1084/1635/2575 1083/1634/2576 1079/1628/2571
f 1084/1635/2575 1086/1637/2577 1085/1636/2578 1083/1634/2576
f 1086/1637/2577 1088/1639/2579 1087/1638/2580 1085/1636/2578
f 1088/1639/2579 1090/1641/2581 1089/1640/2582 1087/1638/2580
f 1090/1641/2581 1092/1643/2583 1091/1642/2584 1089/1640/2582
f 1092/1643/2583 1094/1645/2585 1093/1644/2586 1091/1642/2584
f 1094/1645/2585 1096/1647/2587 1095/1646/2588 1093/1644/2586
f 1096/1647/2587 1098/1649/2589 1097/1648/2590 1095/1646/2588
f 1098/1649/2589 1100/1651/2591 1099/1650/2592 1097/1648/2590
f 1100/1651/2591 1102/1653/2593 1101/1652/2594 1099/1650/2592
f 1102/1653/2593 1104/1655/2595 1103/1654/2596 1101/1652/2594
f 1104/1655/2595 1106/1657/2597 1105/1656/2598 1103/1654/2596
f 1106/1657/2597 1108/1659/2599 1107/1658/2600 1105/1656/2598
f 1108/1659/2599 1110/1661/2601 1109/1660/2602 1107/1658/2600
f 1110/1661/2601 1112/1663/2603 1111/1662/2604 1109/1660/2602
f 1112/1663/2603 1114/1665/2605 1113/1664/2606 1111/1662/2604
f 1114/1665/2605 1116/1667/2607 1115/1666/2608 1113/1664/2606
f 1116/1667/2607 1081/1632/2574 1082/1633/2573 1115/1666/2608
f 938/1668/2609 1077/1631/2569 1081/1632/2574 975/1669/2610
f 975/1669/2610 1081/1632/2574 1116/1667/2607 973/1670/2611
f 973/1670/2611 1116/1667/2607 1114/1665/2605 971/1671/2612
f 971/1671/2612 1114/1665/2605 1112/1663/2603 969/1672/2613
f 969/1672/2613 1112/1663/2603 1110/1661/2601 967/1673/2614
f 967/1673/2614 1110/1661/2601 1108/1659/2599 965/1674/2615
f 965/1674/2615 1108/1659/2599 1106/1657/2597 963/1675/2616
f 963/1675/2616 1106/1657/2597 1104/1655/2595 961/1676/2617
f 961/1676/2617 1104/1655/2595 1102/1653/2593 959/1677/2618
f 959/1677/2618 1102/1653/2593 1100/1651/2591 957/1678/2619
f 957/1678/2619 1100/1651/2591 1098/1649/2589 955/1679/2620
f 955/1679/2620 1098/1649/2589 1096/1647/2587 953/1680/2621
f 953/1680/2621 1096/1647/2587 1094/1645/2585 951/1681/2622
f 951/1681/2622 1094/1645/2585 1092/1643/2583 949/1682/2623
f 949/1682/2623 1092/1643/2583 1090/1641/2581 947/1683/2624
f 947/1683/2624 1090/1641/2581 1088/1639/2579 945/1684/2625
f 945/1684/2625 1088/1639/2579 1086/1637/2577 943/1685/2626
f 943/1685/2626 1086/1637/2577 1084/1635/2575 941/1686/2627
f 941/1686/2627 1084/1635/2575 1080/1629/2570 937/1687/2628
f 937/1687/2628 1080/1629/2570 1077/1626/2569 938/1688/2609
f 1079/1628/2571 1074/1620/2567 1017/1624/2512 1078/1627/2572
f 1083/1634/2576 1071/1616/2564 1074/1620/2567 1079/1628/2571
f 1085/1636/2578 1068/1612/2561 1071/1616/2564 1083/1634/2576
f 1087/1638/2580 1065/1608/2558 1068/1612/2561 1085/1636/2578
f 1089/1640/2582 1062/1604/2555 1065/1608/2558 1087/1638/2580
f 1091/1642/2584 1059/1600/2552 1062/1604/2555 1089/1640/2582
f 1093/1644/2586 1056/1596/2549 1059/1600/2552 1091/1642/2584
f 1095/1646/2588 1053/1592/2546 1056/1596/2549 1093/1644/2586
f 1097/1648/2590 1050/1588/2543 1053/1592/2546 1095/1646/2588
f 1099/1650/2592 1047/1584/2540 1050/1588/2543 1097/1648/2590
f 1101/1652/2594 1044/1580/2537 1047/1584/2540 1099/1650/2592
f 1103/1654/2596 1041/1576/2534 1044/1580/2537 1101/1652/2594
f 1105/1656/2598 1038/1572/2531 1041/1576/2534 1103/1654/2596
f 1107/1658/2600 1035/1568/2528 1038/1572/2531 1105/1656/2598
f 1109/1660/2602 1032/1564/2525 1035/1568/2528 1107/1658/2600
f 1111/1662/2604 1029/1560/2522 1032/1564/2525 1109/1660/2602
f 1113/1664/2606 1026/1556/2519 1029/1560/2522 1111/1662/2604
f 1115/1666/2608 1023/1552/2516 1026/1556/2519 1113/1664/2606
f 1082/1633/2573 1019/1546/2511 1023/1552/2516 1115/1666/2608
f 1078/1630/2572 1017/1545/2512 1019/1546/2511 1082/1633/2573
s 18
f 757/1384/2629 900/1283/2630 898/1280/2631 776/1422/2632
f 776/1422/2632 898/1280/2631 902/1284/2633 775/1420/2634
f 775/1420/2634 902/1284/2633 904/1286/2635 774/1418/2636
f 774/1418/2636 904/1286/2635 906/1288/2637 773/1416/2638
f 773/1416/2638 906/1288/2637 908/1290/2639 772/1414/2640
f 772/1414/2640 908/1290/2639 910/1292/2641 771/1412/2642
f 771/1412/2642 910/1292/2641 912/1294/2643 770/1410/2644
f 770/1410/2644 912/1294/2643 914/1296/2645 769/1408/2646
f 769/1408/2646 914/1296/2645 916/1298/2647 768/1406/2648
f 768/1406/2648 916/1298/2647 918/1300/2649 767/1404/2650
f 767/1404/2650 918/1300/2649 920/1302/2651 766/1402/2652
f 766/1402/2652 920/1302/2651 922/1304/2653 765/1400/2654
f 765/1400/2654 922/1304/2653 924/1306/2655 764/1398/2656
f 764/1398/2656 924/1306/2655 926/1308/2657 763/1396/2658
f 763/1396/2658 926/1308/2657 928/1310/2659 762/1394/2660
f 762/1394/2660 928/1310/2659 930/1312/2661 761/1392/2662
f 761/1392/2662 930/1312/2661 932/1314/2663 760/1390/2664
f 760/1390/2664 932/1314/2663 934/1316/2665 759/1388/2666
f 759/1388/2666 934/1316/2665 936/1318/2667 758/1385/2668
f 758/1385/2668 936/1318/2667 900/1283/2630 757/1384/2629
s 11
f 1120/1689/2669 980/1383/2670 996/1382/2671 1136/1690/2672
f 979/1365/2673 980/1383/2670 1120/1689/2669 1119/1691/2674
f 977/1364/2675 979/1365/2673 1119/1691/2674 1117/1692/2676
f 1118/1693/2677 978/1366/2678 977/1364/2675 1117/1692/2676
f 1121/1694/2679 981/1367/2680 978/1366/2678 1118/1693/2677
f 1122/1695/2681 982/1368/2682 981/1367/2680 1121/1694/2679
f 1123/1696/2683 983/1369/2684 982/1368/2682 1122/1695/2681
f 1124/1697/2685 984/1370/2686 983/1369/2684 1123/1696/2683
f 1125/1698/2687 985/1371/2688 984/1370/2686 1124/1697/2685
f 1126/1362/2147 986/1372/2689 985/1371/2688 1125/1698/2687
f 1127/1363/2146 987/1373/2690 986/1372/2689 1126/1362/2147
f 1128/1360/2145 988/1374/2691 987/1373/2690 1127/1363/2146
f 1129/1699/2692 989/1375/2693 988/1374/2691 1128/1360/2145
f 1130/1700/2694 990/1376/2695 989/1375/2693 1129/1699/2692
f 1131/1701/2696 991/1377/2697 990/1376/2695 1130/1700/2694
f 1132/1702/2698 992/1378/2699 991/1377/2697 1131/1701/2696
f 1133/1703/2700 993/1379/2701 992/1378/2699 1132/1702/2698
f 1134/1704/2702 994/1380/2703 993/1379/2701 1133/1703/2700
f 1135/1705/2704 995/1381/2705 994/1380/2703 1134/1704/2702
f 1136/1690/2672 996/1382/2671 995/1381/2705 1135/1705/2704
f 1144/1706/2706 1117/1692/2676 1119/1691/2674 1120/1689/2669
f 1143/1707/2707 1118/1693/2677 1117/1692/2676 1144/1706/2706
f 1142/1708/2708 1121/1694/2679 1118/1693/2677 1143/1707/2707
f 1141/1709/2709 1122/1695/2681 1121/1694/2679 1142/1708/2708
f 1140/1710/2710 1123/1696/2683 1122/1695/2681 1141/1709/2709
f 1139/1711/2711 1124/1697/2685 1123/1696/2683 1140/1710/2710
f 1138/1712/2712 1125/1698/2687 1124/1697/2685 1139/1711/2711
f 1137/1361/2148 1126/1362/2147 1125/1698/2687 1138/1712/2712
f 1129/1699/2692 1128/1360/2145 1137/1361/2148
f 1130/1700/2694 1129/1699/2692 1137/1361/2148 1138/1712/2712
f 1131/1701/2696 1130/1700/2694 1138/1712/2712 1139/1711/2711
f 1132/1702/2698 1131/1701/2696 1139/1711/2711 1140/1710/2710
f 1133/1703/2700 1132/1702/2698 1140/1710/2710 1141/1709/2709
f 1134/1704/2702 1133/1703/2700 1141/1709/2709 1142/1708/2708
f 1135/1705/2704 1134/1704/2702 1142/1708/2708 1143/1707/2707
f 1136/1690/2672 1135/1705/2704 1143/1707/2707 1144/1706/2706
f 1136/1690/2672 1144/1706/2706 1120/1689/2669
s 20
f 798/1047/2713 797/1048/2714 1349/1714/2715 1350/1713/2716
f 799/1049/2717 798/1047/2713 1350/1713/2716 1351/1715/2718
f 800/1050/2719 799/1049/2717 1351/1715/2718 1352/1716/2720
f 801/1051/2721 800/1050/2719 1352/1716/2720 1353/1717/2722
f 802/1052/2723 801/1051/2721 1353/1717/2722 1354/1718/2724
f 803/1053/2725 802/1052/2723 1354/1718/2724 1355/1719/2726
f 804/1054/2727 803/1053/2725 1355/1719/2726 1356/1720/2728
f 805/1055/2729 804/1054/2727 1356/1720/2728 1357/1721/2730
f 806/1056/2731 805/1055/2729 1357/1721/2730 1358/1722/2732
f 807/1057/2733 806/1056/2731 1358/1722/2732 1359/1723/2734
f 808/1058/2735 807/1057/2733 1359/1723/2734 1360/1724/2736
f 809/1059/2737 808/1058/2735 1360/1724/2736 1361/1725/2738
f 810/1060/2739 809/1059/2737 1361/1725/2738 1362/1726/2740
f 811/1061/2741 810/1060/2739 1362/1726/2740 1363/1727/2742
f 812/1062/2743 811/1061/2741 1363/1727/2742 1364/1728/2744
f 813/1063/2745 812/1062/2743 1364/1728/2744 1365/1729/2746
f 814/1064/2747 813/1063/2745 1365/1729/2746 1366/1730/2748
f 815/1065/2749 814/1064/2747 1366/1730/2748 1367/1731/2750
f 816/1066/2751 815/1065/2749 1367/1731/2750 1368/1732/2752
f 797/1048/2714 816/1066/2751 1368/1732/2752 1349/1714/2715
g default
v -1.290275 7.703506 0.711683
v -1.347811 7.703506 0.598764
v -1.437426 7.703506 0.509149
v -1.550347 7.703506 0.451613
v -1.675521 7.703506 0.431788
v -1.800694 7.703506 0.451613
v -1.913615 7.703506 0.509149
v -2.003230 7.703506 0.598764
v -2.060766 7.703506 0.711683
v -2.080592 7.703506 0.836859
v -2.060766 7.703506 0.962033
v -2.003230 7.703506 1.074952
v -1.913615 7.703506 1.164569
v -1.800694 7.703506 1.222103
v -1.675521 7.703506 1.241930
v -1.550347 7.703506 1.222103
v -1.437426 7.703506 1.164569
v -1.347811 7.703506 1.074952
v -1.290275 7.703506 0.962033
v -1.270449 7.703506 0.836859
v -1.397660 7.937742 0.746574
v -1.439158 7.937742 0.665131
v -1.503793 7.937742 0.600496
v -1.585238 7.937742 0.558997
v -1.675521 7.937742 0.544697
v -1.765803 7.937742 0.558997
v -1.847248 7.937742 0.600496
v -1.911883 7.937742 0.665131
v -1.953381 7.937742 0.746574
v -1.967681 7.937742 0.836859
v -1.953381 7.937742 0.927141
v -1.911883 7.937742 1.008586
v -1.847248 7.937742 1.073221
v -1.765803 7.937742 1.114719
v -1.675521 7.937742 1.129019
v -1.585238 7.937742 1.114719
v -1.503793 7.937742 1.073221
v -1.439158 7.937742 1.008586
v -1.397660 7.937742 0.927141
v -1.383360 7.937742 0.836859
v -1.397660 8.059464 0.746574
v -1.439158 8.059464 0.665131
v -1.503793 8.059464 0.600496
v -1.585238 8.059464 0.558997
v -1.675521 8.059464 0.544697
v -1.765803 8.059464 0.558997
v -1.847248 8.059464 0.600496
v -1.911883 8.059464 0.665131
v -1.953381 8.059464 0.746574
v -1.967681 8.059464 0.836859
v -1.953381 8.059464 0.927141
v -1.911883 8.059464 1.008586
v -1.847248 8.059464 1.073221
v -1.765803 8.059464 1.114719
v -1.675521 8.059464 1.129019
v -1.585238 8.059464 1.114719
v -1.503793 8.059464 1.073221
v -1.439158 8.059464 1.008586
v -1.397660 8.059464 0.927141
v -1.383360 8.059464 0.836859
v -1.347781 7.926818 0.730368
v -1.396729 7.926818 0.634305
v -1.396729 8.070383 0.634305
v -1.347781 8.070383 0.730368
v -1.472966 7.926818 0.558066
v -1.472966 8.070383 0.558066
v -1.569032 7.926818 0.509119
v -1.569032 8.070383 0.509119
v -1.675521 7.926818 0.492252
v -1.675521 8.070383 0.492252
v -1.782009 7.926818 0.509119
v -1.782009 8.070383 0.509119
v -1.878075 7.926818 0.558066
v -1.878075 8.070383 0.558066
v -1.954312 7.926818 0.634305
v -1.954312 8.070383 0.634305
v -2.003260 7.926818 0.730368
v -2.003260 8.070383 0.730368
v -2.020126 7.926818 0.836859
v -2.020126 8.070383 0.836859
v -2.003260 7.926818 0.943348
v -2.003260 8.070383 0.943348
v -1.954312 7.926818 1.039413
v -1.954312 8.070383 1.039413
v -1.878075 7.926818 1.115650
v -1.878075 8.070383 1.115650
v -1.782009 7.926818 1.164597
v -1.782009 8.070383 1.164597
v -1.675521 7.926818 1.181464
v -1.675521 8.070383 1.181464
v -1.569032 7.926818 1.164597
v -1.569032 8.070383 1.164597
v -1.472966 7.926818 1.115650
v -1.472966 8.070383 1.115650
v -1.396729 7.926818 1.039413
v -1.396729 8.070383 1.039413
v -1.347781 7.926818 0.943348
v -1.347781 8.070383 0.943348
v -1.330915 7.926818 0.836859
v -1.330915 8.070383 0.836859
v -1.411840 8.239419 0.751183
v -1.451221 8.239419 0.673894
v -1.361962 8.250343 0.734977
v -1.408792 8.250343 0.643069
v -1.512557 8.239419 0.612559
v -1.481730 8.250343 0.570130
v -1.589846 8.239419 0.573179
v -1.573639 8.250343 0.523301
v -1.675521 8.239419 0.559608
v -1.675521 8.250343 0.507164
v -1.761195 8.239419 0.573178
v -1.777402 8.250343 0.523300
v -1.838484 8.239419 0.612558
v -1.869310 8.250343 0.570129
v -1.899820 8.239419 0.673894
v -1.942249 8.250343 0.643069
v -1.939201 8.239419 0.751183
v -1.989079 8.250343 0.734977
v -1.952770 8.239419 0.836859
v -2.005215 8.250343 0.836859
v -1.939201 8.239419 0.922534
v -1.989079 8.250343 0.938740
v -1.899820 8.239419 0.999822
v -1.942249 8.250343 1.030649
v -1.838484 8.239419 1.061157
v -1.869311 8.250343 1.103588
v -1.761195 8.239419 1.100538
v -1.777402 8.250343 1.150415
v -1.675521 8.239419 1.114109
v -1.675521 8.250343 1.166554
v -1.589846 8.239419 1.100538
v -1.573639 8.250343 1.150415
v -1.512557 8.239419 1.061157
v -1.481731 8.250343 1.103588
v -1.451221 8.239419 0.999822
v -1.408792 8.250343 1.030649
v -1.411840 8.239419 0.922534
v -1.361962 8.250343 0.938740
v -1.398271 8.239419 0.836859
v -1.345826 8.250343 0.836859
v -0.871057 6.902666 0.836860
v -1.087031 7.433947 0.836860
v -0.910430 6.902667 0.588266
v -1.115834 7.433947 0.655004
v -0.910430 6.902667 1.085452
v -1.115835 7.433947 1.018712
v -1.024696 6.902667 1.309711
v -1.199422 7.433948 1.182762
v -1.202669 6.902667 1.487684
v -1.329616 7.433948 1.312956
v -1.426928 6.902667 1.601950
v -1.493668 7.433948 1.396544
v -1.675521 6.902667 1.641323
v -1.675521 7.433948 1.425347
v -1.924114 6.902667 1.601950
v -1.857373 7.433948 1.396544
v -2.148373 6.902667 1.487684
v -2.021426 7.433948 1.312956
v -2.326346 6.902667 1.309711
v -2.151618 7.433948 1.182761
v -2.440611 6.902667 1.085452
v -2.235206 7.433947 1.018712
v -2.479984 6.902666 0.836859
v -2.264009 7.433947 0.836859
v -2.440611 6.902667 0.588266
v -2.235206 7.433947 0.655004
v -2.326346 6.902666 0.364007
v -2.151618 7.433947 0.490954
v -2.148373 6.902667 0.186034
v -2.021426 7.433947 0.360761
v -1.924114 6.902667 0.071768
v -1.857373 7.433948 0.277172
v -1.675521 6.902667 0.032395
v -1.675521 7.433948 0.248370
v -1.426927 6.902667 0.071768
v -1.493668 7.433948 0.277172
v -1.202668 6.902667 0.186034
v -1.329615 7.433948 0.360761
v -1.024695 6.902667 0.364007
v -1.199423 7.433947 0.490954
v -0.676875 0.733053 0.836860
v -0.725752 0.733053 0.528261
v -0.990631 0.765238 0.836859
v -1.024151 0.765237 0.625217
v -0.725752 0.733053 1.145458
v -1.024151 0.765237 1.048502
v -0.867601 0.733053 1.423848
v -1.121434 0.765238 1.239425
v -1.088532 0.733053 1.644781
v -1.272953 0.765237 1.390947
v -1.366923 0.733053 1.786624
v -1.463878 0.765238 1.488227
v -1.675520 0.733053 1.835504
v -1.675520 0.765237 1.521750
v -1.984118 0.733053 1.786624
v -1.887163 0.765238 1.488227
v -2.262509 0.733053 1.644781
v -2.078088 0.765237 1.390947
v -2.483440 0.733053 1.423848
v -2.229607 0.765238 1.239425
v -2.625288 0.733053 1.145458
v -2.326889 0.765237 1.048502
v -2.674166 0.733053 0.836860
v -2.360410 0.765237 0.836860
v -2.625288 0.733053 0.528261
v -2.326889 0.765237 0.625217
v -2.483441 0.733053 0.249870
v -2.229607 0.765237 0.434291
v -2.262509 0.733053 0.028938
v -2.078089 0.765237 0.282771
v -1.984119 0.733053 -0.112909
v -1.887163 0.765237 0.185490
v -1.675520 0.733053 -0.161786
v -1.675520 0.765237 0.151969
v -1.366922 0.733053 -0.112909
v -1.463878 0.765237 0.185490
v -1.088532 0.733053 0.028938
v -1.272952 0.765237 0.282771
v -0.867599 0.733053 0.249870
v -1.121433 0.765238 0.434291
v -1.049408 0.912080 0.836859
v -1.080052 0.912080 1.030339
v -1.080052 0.912080 0.643380
v -1.168985 0.912080 0.468839
v -1.168985 0.912080 1.204877
v -1.307501 0.912080 1.343395
v -1.482041 0.912080 1.432327
v -1.675520 0.912080 1.462972
v -1.869000 0.912080 1.432327
v -2.043540 0.912080 1.343395
v -2.182055 0.912080 1.204877
v -2.270989 0.912080 1.030339
v -2.301633 0.912080 0.836860
v -2.270989 0.912080 0.643380
v -2.182056 0.912080 0.468839
v -2.043540 0.912080 0.330323
v -1.869000 0.912079 0.241390
v -1.675520 0.912079 0.210746
v -1.482041 0.912079 0.241390
v -1.307501 0.912080 0.330323
v -0.795300 6.491471 0.197341
v -0.640759 6.491471 0.500645
v -1.036003 6.491471 -0.043362
v -1.339306 6.491471 -0.197902
v -1.675520 6.491472 -0.251154
v -2.011735 6.491471 -0.197903
v -2.315038 6.491472 -0.043362
v -2.555741 6.491472 0.197342
v -2.710281 6.491472 0.500646
v -2.763532 6.491471 0.836860
v -2.710281 6.491471 1.173074
v -2.555741 6.491471 1.476377
v -2.315038 6.491471 1.717080
v -2.011735 6.491471 1.871621
v -1.675521 6.491471 1.924872
v -1.339306 6.491471 1.871621
v -1.036003 6.491471 1.717080
v -0.795301 6.491471 1.476377
v -0.640760 6.491472 1.173073
v -0.587509 6.491471 0.836860
v -0.340646 5.365305 0.403133
v -0.375436 5.773309 0.414436
v -0.540009 5.365305 0.011861
v -0.569603 5.773309 0.033363
v -0.478985 6.163669 0.448082
v -0.657687 6.163669 0.097359
v -0.850522 5.365305 -0.298653
v -0.872024 5.773309 -0.269059
v -0.936021 6.163669 -0.180975
v -1.241794 5.365305 -0.498016
v -1.253098 5.773309 -0.463225
v -1.286742 6.163669 -0.359676
v -1.675520 5.365305 -0.566711
v -1.675520 5.773309 -0.530131
v -1.675520 6.163669 -0.421253
v -2.109247 5.365305 -0.498016
v -2.097943 5.773309 -0.463225
v -2.064299 6.163669 -0.359676
v -2.500519 5.365305 -0.298653
v -2.479017 5.773309 -0.269059
v -2.415020 6.163669 -0.180974
v -2.811032 5.365305 0.011862
v -2.781438 5.773309 0.033363
v -2.693354 6.163669 0.097360
v -3.010394 5.365305 0.403133
v -2.975604 5.773309 0.414436
v -2.872055 6.163669 0.448082
v -3.079089 5.365305 0.836860
v -3.042509 5.773309 0.836860
v -2.933631 6.163669 0.836860
v -3.010394 5.365305 1.270587
v -2.975604 5.773309 1.259283
v -2.872055 6.163669 1.225637
v -2.811032 5.365305 1.661858
v -2.781438 5.773309 1.640355
v -2.693354 6.163669 1.576359
v -2.500519 5.365305 1.972372
v -2.479017 5.773309 1.942777
v -2.415020 6.163669 1.854693
v -2.109247 5.365305 2.171734
v -2.097943 5.773309 2.136944
v -2.064298 6.163669 2.033394
v -1.675520 5.365305 2.240430
v -1.675520 5.773309 2.203849
v -1.675520 6.163669 2.094970
v -1.241793 5.365305 2.171734
v -1.253098 5.773309 2.136944
v -1.286743 6.163669 2.033394
v -0.850524 5.365305 1.972372
v -0.872025 5.773309 1.942777
v -0.936022 6.163669 1.854693
v -0.540009 5.365305 1.661858
v -0.569604 5.773309 1.640355
v -0.657687 6.163669 1.576359
v -0.340647 5.365305 1.270587
v -0.375438 5.773309 1.259283
v -0.478986 6.163669 1.225637
v -0.271952 5.365305 0.836860
v -0.308532 5.773309 0.836860
v -0.417410 6.163669 0.836860
v -0.505012 0.964021 0.456538
v -0.342949 1.458916 0.403881
v -0.274373 1.458916 0.836860
v -0.444776 0.964021 0.836860
v -0.679827 0.964021 0.113445
v -0.541968 1.458916 0.013284
v -0.342950 1.458916 1.269838
v -0.505013 0.964020 1.217181
v -0.541968 1.458916 1.660434
v -0.679827 0.964021 1.560273
v -0.851947 1.458916 1.970413
v -0.952108 0.964020 1.832553
v -1.242542 1.458916 2.169432
v -1.295199 0.964021 2.007367
v -1.675520 1.458916 2.238008
v -1.675520 0.964020 2.067604
v -2.108499 1.458916 2.169432
v -2.055842 0.964021 2.007367
v -2.499095 1.458916 1.970413
v -2.398934 0.964021 1.832553
v -2.809073 1.458916 1.660434
v -2.671214 0.964021 1.560273
v -3.008091 1.458916 1.269838
v -2.846028 0.964020 1.217181
v -3.076668 1.458916 0.836860
v -2.906265 0.964021 0.836860
v -3.008091 1.458916 0.403881
v -2.846028 0.964020 0.456538
v -2.809073 1.458916 0.013285
v -2.671214 0.964021 0.113446
v -2.499096 1.458916 -0.296694
v -2.398935 0.964021 -0.158835
v -2.108499 1.458916 -0.495713
v -2.055841 0.964021 -0.333649
v -1.675520 1.458916 -0.564290
v -1.675520 0.964021 -0.393886
v -1.242542 1.458916 -0.495713
v -1.295200 0.964021 -0.333649
v -0.851945 1.458916 -0.296695
v -0.952106 0.964021 -0.158835
v -1.518992 0.864014 0.836859
v -1.526653 0.864014 0.885229
v -1.526653 0.864015 0.788489
v -1.548887 0.864014 0.744854
v -1.548887 0.864014 0.928864
v -1.583516 0.864015 0.963493
v -1.627151 0.864014 0.985726
v -1.675520 0.864014 0.993387
v -1.723890 0.864014 0.985726
v -1.767525 0.864015 0.963493
v -1.802154 0.864015 0.928864
v -1.824387 0.864015 0.885229
v -1.832049 0.864015 0.836859
v -1.824387 0.864015 0.788489
v -1.802154 0.864015 0.744854
v -1.767525 0.864014 0.710225
v -1.723890 0.864014 0.687992
v -1.675520 0.864014 0.680331
v -1.627151 0.864014 0.687992
v -1.583516 0.864014 0.710225
v -1.810904 0.864015 0.878359
v -1.785256 0.864014 0.865290
v -1.749954 0.864014 0.847303
v -1.708455 0.864014 0.826158
v -1.664819 0.864014 0.803925
v -1.623320 0.864014 0.782780
v -1.588019 0.864014 0.764793
v -1.562371 0.864014 0.751724
v -0.815861 6.950912 0.836860
v -1.023461 7.481900 0.836860
v -0.857936 6.950913 0.571210
v -1.055375 7.481900 0.635360
v -0.857936 6.950913 1.102508
v -1.055375 7.481900 1.038357
v -0.980041 6.950913 1.342154
v -1.147993 7.481901 1.220127
v -1.170226 6.950913 1.532338
v -1.292250 7.481901 1.364386
v -1.409871 6.950913 1.654444
v -1.474023 7.481901 1.457004
v -1.675521 6.950913 1.696519
v -1.675521 7.481901 1.488918
v -1.941170 6.950913 1.654444
v -1.877018 7.481901 1.457004
v -2.180816 6.950913 1.532338
v -2.058792 7.481901 1.364386
v -2.371000 6.950913 1.342154
v -2.203048 7.481901 1.220127
v -2.493105 6.950913 1.102508
v -2.295666 7.481900 1.038356
v -2.535180 6.950912 0.836859
v -2.327580 7.481900 0.836859
v -2.493105 6.950913 0.571210
v -2.295666 7.481900 0.635359
v -2.371000 6.950912 0.331564
v -2.203048 7.481900 0.453588
v -2.180816 6.950913 0.141379
v -2.058792 7.481900 0.309332
v -1.941170 6.950913 0.019274
v -1.877018 7.481901 0.216713
v -1.675521 6.950913 -0.022801
v -1.675521 7.481901 0.184799
v -1.409871 6.950913 0.019274
v -1.474023 7.481901 0.216713
v -1.170225 6.950913 0.141379
v -1.292249 7.481901 0.309332
v -0.980041 6.950913 0.331564
v -1.147993 7.481900 0.453588
v -0.678766 0.628645 0.836859
v -0.727551 0.628645 0.528845
v -1.062199 0.672041 0.836859
v -1.092216 0.672041 0.647332
v -0.727551 0.628645 1.144873
v -1.092216 0.672041 1.026386
v -0.869131 0.628645 1.422737
v -1.179334 0.672041 1.197359
v -1.089643 0.628645 1.643250
v -1.315019 0.672041 1.333048
v -1.367507 0.628644 1.784825
v -1.485993 0.672041 1.420163
v -1.675520 0.628645 1.833613
v -1.675521 0.672041 1.450182
v -1.983534 0.628644 1.784825
v -1.865047 0.672041 1.420163
v -2.261398 0.628645 1.643250
v -2.036022 0.672041 1.333048
v -2.481910 0.628645 1.422737
v -2.171708 0.672041 1.197359
v -2.623490 0.628645 1.144873
v -2.258825 0.672041 1.026386
v -2.672275 0.628645 0.836859
v -2.288842 0.672041 0.836860
v -2.623490 0.628645 0.528846
v -2.258824 0.672041 0.647333
v -2.481911 0.628645 0.250982
v -2.171708 0.672041 0.476357
v -2.261398 0.628645 0.030468
v -2.036022 0.672041 0.340670
v -1.983534 0.628645 -0.111111
v -1.865048 0.672041 0.253554
v -1.675520 0.628645 -0.159895
v -1.675520 0.672041 0.223536
v -1.367507 0.628645 -0.111111
v -1.485994 0.672041 0.253554
v -1.089644 0.628645 0.030468
v -1.315019 0.672041 0.340670
v -0.869128 0.628645 0.250983
v -1.179333 0.672041 0.476357
v -1.829242 0.764008 0.886807
v -1.810904 0.764015 0.878359
v -1.770526 0.764008 0.967623
v -1.807659 0.764122 0.932863
v -1.115337 0.804796 0.836860
v -1.142754 0.804796 0.663753
v -1.142754 0.804796 1.009966
v -1.222323 0.804796 1.166126
v -1.346253 0.804796 1.290058
v -1.502413 0.804796 1.369625
v -1.675521 0.804796 1.397043
v -1.848626 0.804796 1.369625
v -2.004788 0.804796 1.290058
v -2.128719 0.804796 1.166125
v -2.208286 0.804796 1.009966
v -2.235704 0.804796 0.836859
v -2.208287 0.804796 0.663753
v -2.128718 0.804796 0.507591
v -2.004789 0.804796 0.383661
v -1.848627 0.804796 0.304092
v -1.675521 0.804796 0.276675
v -1.502413 0.804796 0.304092
v -1.346254 0.804796 0.383659
v -1.222322 0.804796 0.507592
v -1.308598 7.798170 0.570262
v -1.244172 7.798170 0.696703
v -1.408931 7.798170 0.469933
v -1.535359 7.798170 0.405514
v -1.675526 7.798170 0.383311
v -1.815682 7.798170 0.405512
v -1.942086 7.798171 0.469921
v -2.042460 7.798169 0.570283
v -2.106868 7.798170 0.696702
v -2.129067 7.798170 0.836862
v -2.106870 7.798170 0.977004
v -2.042443 7.798170 1.103456
v -1.942106 7.798170 1.203788
v -1.815681 7.798171 1.268203
v -1.675516 7.798170 1.290406
v -1.535369 7.798170 1.268206
v -1.408952 7.798170 1.203796
v -1.308590 7.798170 1.103443
v -1.244169 7.798170 0.977005
v -1.221975 7.798170 0.836859
v -1.267701 7.803529 0.704352
v -1.328609 7.803529 0.584813
v -1.328612 8.074570 0.584815
v -1.267705 8.074570 0.704349
v -1.423474 7.803528 0.489946
v -1.423476 8.074570 0.489950
v -1.543012 7.803528 0.429039
v -1.543013 8.074570 0.429043
v -1.675521 7.803529 0.408051
v -1.675520 8.074570 0.408056
v -1.808029 7.803529 0.429039
v -1.808028 8.074570 0.429043
v -1.927567 7.803528 0.489946
v -1.927565 8.074570 0.489950
v -2.022432 7.803529 0.584813
v -2.022429 8.074570 0.584815
v -2.083340 7.803529 0.704348
v -2.083336 8.074570 0.704349
v -2.104327 7.803529 0.836859
v -2.104323 8.074570 0.836859
v -2.083340 7.803528 0.969367
v -2.083336 8.074570 0.969366
v -2.022432 7.803529 1.088905
v -2.022429 8.074570 1.088903
v -1.927566 7.803529 1.183770
v -1.927564 8.074570 1.183767
v -1.808030 7.803529 1.244677
v -1.808028 8.074570 1.244673
v -1.675521 7.803529 1.265666
v -1.675521 8.074570 1.265662
v -1.543012 7.803529 1.244677
v -1.543013 8.074570 1.244673
v -1.423475 7.803528 1.183770
v -1.423477 8.074570 1.183767
v -1.328609 7.803528 1.088905
v -1.328612 8.074570 1.088903
v -1.267701 7.803529 0.969368
v -1.267705 8.074570 0.969366
v -1.246714 7.803529 0.836859
v -1.246718 8.074570 0.836859
v -1.349657 8.365217 0.730971
v -1.398324 8.365216 0.635460
v -1.290220 8.371610 0.711667
v -1.347763 8.371610 0.598733
v -1.474121 8.365216 0.559666
v -1.437403 8.371610 0.509098
v -1.569643 8.365216 0.510996
v -1.550325 8.371610 0.451560
v -1.675522 8.365217 0.494224
v -1.675538 8.371609 0.431734
v -1.781401 8.365216 0.510994
v -1.800694 8.371610 0.451549
v -1.876918 8.365216 0.559662
v -1.913652 8.371610 0.509105
v -1.952717 8.365216 0.635460
v -2.003276 8.371610 0.598730
v -2.001385 8.365217 0.730977
v -2.060822 8.371609 0.711674
v -2.018155 8.365216 0.836859
v -2.080649 8.371609 0.836858
v -2.001385 8.365217 0.942739
v -2.060821 8.371609 0.962050
v -1.952718 8.365216 1.038252
v -2.003283 8.371610 1.074981
v -1.876917 8.365216 1.114053
v -1.913654 8.371610 1.164612
v -1.781398 8.365216 1.162722
v -1.800705 8.371610 1.222158
v -1.675521 8.365217 1.179493
v -1.675513 8.371609 1.241987
v -1.569644 8.365217 1.162722
v -1.550327 8.371609 1.222156
v -1.474124 8.365217 1.114052
v -1.437386 8.371609 1.164609
v -1.398323 8.365216 1.038253
v -1.347772 8.371610 1.075003
v -1.349656 8.365217 0.942739
v -1.290220 8.371609 0.962046
v -1.332886 8.365217 0.836860
v -1.270392 8.371609 0.836860
v -1.425217 8.051105 0.755528
v -1.462599 8.051105 0.682164
v -1.520824 8.051104 0.623938
v -1.594193 8.051104 0.586553
v -1.675521 8.051104 0.573672
v -1.756848 8.051104 0.586554
v -1.830217 8.051105 0.623937
v -1.888442 8.051105 0.682164
v -1.925824 8.051105 0.755528
v -1.938705 8.051105 0.836859
v -1.925824 8.051105 0.918188
v -1.888441 8.051104 0.991555
v -1.830217 8.051104 1.049780
v -1.756848 8.051104 1.087162
v -1.675521 8.051105 1.100044
v -1.594193 8.051104 1.087162
v -1.520824 8.051104 1.049780
v -1.462600 8.051104 0.991555
v -1.425217 8.051105 0.918188
v -1.412336 8.051105 0.836859
v -0.761521 6.543562 0.172799
v -0.601050 6.543562 0.487743
v -1.011461 6.543562 -0.077140
v -1.326404 6.543562 -0.237612
v -1.675520 6.543563 -0.292907
v -2.024637 6.543562 -0.237612
v -2.339580 6.543562 -0.077140
v -2.589520 6.543563 0.172800
v -2.749991 6.543563 0.487743
v -2.805285 6.543562 0.836860
v -2.749991 6.543562 1.185976
v -2.589519 6.543562 1.500918
v -2.339580 6.543562 1.750859
v -2.024637 6.543562 1.911330
v -1.675521 6.543562 1.966625
v -1.326404 6.543562 1.911331
v -1.011461 6.543562 1.750859
v -0.761522 6.543562 1.500918
v -0.601051 6.543563 1.185976
v -0.545756 6.543562 0.836860
v -0.299071 5.369803 0.389624
v -0.333702 5.791576 0.400877
v -0.504643 5.369803 -0.013833
v -0.534102 5.791576 0.007569
v -0.438259 6.200927 0.434849
v -0.623043 6.200927 0.072189
v -0.824828 5.369803 -0.334019
v -0.846231 5.791576 -0.304560
v -0.910850 6.200927 -0.215619
v -1.228285 5.369803 -0.539590
v -1.239537 5.791576 -0.504959
v -1.273510 6.200927 -0.400403
v -1.675520 5.369804 -0.610425
v -1.675520 5.791576 -0.574012
v -1.675520 6.200927 -0.464075
v -2.122756 5.369804 -0.539590
v -2.111504 5.791576 -0.504959
v -2.077531 6.200927 -0.400403
v -2.526213 5.369804 -0.334018
v -2.504810 5.791576 -0.304560
v -2.440191 6.200927 -0.215618
v -2.846397 5.369803 -0.013833
v -2.816939 5.791576 0.007570
v -2.727998 6.200927 0.072190
v -3.051969 5.369804 0.389625
v -3.017338 5.791576 0.400876
v -2.912782 6.200927 0.434849
v -3.122804 5.369804 0.836860
v -3.086391 5.791576 0.836860
v -2.976454 6.200927 0.836860
v -3.051969 5.369804 1.284095
v -3.017338 5.791576 1.272843
v -2.912782 6.200927 1.238870
v -2.846397 5.369803 1.687552
v -2.816939 5.791576 1.666148
v -2.727998 6.200927 1.601529
v -2.526213 5.369804 2.007737
v -2.504810 5.791576 1.978278
v -2.440190 6.200927 1.889337
v -2.122756 5.369803 2.213309
v -2.111503 5.791577 2.178678
v -2.077531 6.200927 2.074121
v -1.675520 5.369803 2.284144
v -1.675520 5.791577 2.247731
v -1.675520 6.200927 2.137792
v -1.228285 5.369804 2.213309
v -1.239537 5.791577 2.178678
v -1.273510 6.200927 2.074121
v -0.824829 5.369803 2.007737
v -0.846232 5.791576 1.978278
v -0.910851 6.200927 1.889337
v -0.504644 5.369804 1.687552
v -0.534103 5.791576 1.666148
v -0.623043 6.200927 1.601529
v -0.299073 5.369804 1.284095
v -0.333704 5.791576 1.272843
v -0.438259 6.200927 1.238870
v -0.228238 5.369804 0.836860
v -0.264650 5.791576 0.836860
v -0.374587 6.200927 0.836860
v -0.468969 0.909963 0.444826
v -0.301356 1.441943 0.390367
v -0.230640 1.441943 0.836860
v -0.406878 0.909963 0.836860
v -0.649166 0.909963 0.091169
v -0.506586 1.441943 -0.012421
v -0.301356 1.441943 1.283353
v -0.468969 0.909963 1.228893
v -0.506587 1.441943 1.686140
v -0.649167 0.909963 1.582549
v -0.826241 1.441943 2.005794
v -0.929832 0.909963 1.863215
v -1.229027 1.441943 2.211025
v -1.283488 0.909964 2.043411
v -1.675520 1.441943 2.281742
v -1.675520 0.909962 2.105503
v -2.122014 1.441943 2.211025
v -2.067553 0.909964 2.043411
v -2.524801 1.441943 2.005794
v -2.421210 0.909963 1.863214
v -2.844454 1.441943 1.686140
v -2.701874 0.909963 1.582549
v -3.049685 1.441943 1.283353
v -2.882072 0.909963 1.228892
v -3.120402 1.441943 0.836860
v -2.944164 0.909963 0.836860
v -3.049685 1.441943 0.390367
v -2.882072 0.909963 0.444827
v -2.844455 1.441943 -0.012421
v -2.701874 0.909963 0.091170
v -2.524802 1.441943 -0.332075
v -2.421211 0.909963 -0.189496
v -2.122014 1.441943 -0.537306
v -2.067553 0.909963 -0.369693
v -1.675520 1.441943 -0.608024
v -1.675521 0.909963 -0.431784
v -1.229027 1.441943 -0.537306
v -1.283488 0.909963 -0.369693
v -0.826239 1.441943 -0.332076
v -0.929830 0.909964 -0.189496
v -1.580515 0.764008 0.706095
v -1.544757 0.764008 0.741854
v -1.520182 0.764122 0.786387
v -1.513888 0.764008 0.836859
v -1.521799 0.764008 0.886806
v -1.544757 0.764008 0.931864
v -1.580515 0.764008 0.967623
v -1.625573 0.764008 0.990581
v -1.675520 0.764008 0.998492
v -1.725468 0.764008 0.990581
v -1.837153 0.764008 0.836859
v -1.829242 0.764008 0.786912
v -1.806284 0.764008 0.741854
v -1.770526 0.764008 0.706095
v -1.725468 0.764008 0.683137
v -1.675520 0.764008 0.675226
v -1.625573 0.764008 0.683137
v -1.562370 0.764014 0.751724
v -1.588018 0.764014 0.764793
v -1.623320 0.764014 0.782780
v -1.664819 0.764014 0.803925
v -1.708455 0.764014 0.826158
v -1.749954 0.764014 0.847303
v -1.785256 0.764014 0.865290
vt 0.656250 0.843750
vt 0.648603 0.892034
vt 0.648603 0.795466
vt 0.626409 0.751909
vt 0.591842 0.717341
vt 0.548284 0.695147
vt 0.500000 0.687500
vt 0.451716 0.695147
vt 0.408159 0.717341
vt 0.373591 0.751909
vt 0.351397 0.795466
vt 0.343750 0.843750
vt 0.351397 0.892034
vt 0.373591 0.935591
vt 0.408159 0.970159
vt 0.451716 0.992353
vt 0.500000 1.000000
vt 0.548284 0.992353
vt 0.591841 0.970159
vt 0.626409 0.935591
vt 0.648603 0.107966
vt 0.656250 0.156250
vt 0.656250 0.156250
vt 0.648603 0.107966
vt 0.648603 0.204534
vt 0.648603 0.204534
vt 0.626409 0.248091
vt 0.626409 0.248091
vt 0.591841 0.282659
vt 0.591841 0.282659
vt 0.548284 0.304853
vt 0.548284 0.304853
vt 0.500000 0.312500
vt 0.500000 0.312500
vt 0.451716 0.304853
vt 0.451716 0.304853
vt 0.408159 0.282659
vt 0.408159 0.282659
vt 0.373591 0.248091
vt 0.373591 0.248091
vt 0.351397 0.204534
vt 0.351397 0.204534
vt 0.343750 0.156250
vt 0.343750 0.156250
vt 0.351397 0.107966
vt 0.351397 0.107966
vt 0.373591 0.064409
vt 0.373591 0.064409
vt 0.408159 0.029841
vt 0.408159 0.029841
vt 0.451716 0.007647
vt 0.451716 0.007647
vt 0.500000 -0.000000
vt 0.500000 -0.000000
vt 0.548284 0.007647
vt 0.548284 0.007647
vt 0.591842 0.029841
vt 0.591842 0.029841
vt 0.626409 0.064408
vt 0.626409 0.064408
vt 0.656250 0.156250
vt 0.648603 0.204534
vt 0.648603 0.107966
vt 0.626409 0.064408
vt 0.626409 0.248091
vt 0.591841 0.282659
vt 0.548284 0.304853
vt 0.500000 0.312500
vt 0.451716 0.304853
vt 0.408159 0.282659
vt 0.373591 0.248091
vt 0.351397 0.204534
vt 0.343750 0.156250
vt 0.351397 0.107966
vt 0.373591 0.064409
vt 0.408159 0.029841
vt 0.451716 0.007647
vt 0.500000 -0.000000
vt 0.548284 0.007647
vt 0.591842 0.029841
vt 0.626409 0.935591
vt 0.648603 0.892034
vt 0.591841 0.970159
vt 0.548284 0.992353
vt 0.500000 1.000000
vt 0.451716 0.992353
vt 0.408159 0.970159
vt 0.373591 0.935591
vt 0.351397 0.892034
vt 0.343750 0.843750
vt 0.351397 0.795466
vt 0.373591 0.751909
vt 0.408159 0.717341
vt 0.451716 0.695147
vt 0.500000 0.687500
vt 0.548284 0.695147
vt 0.591842 0.717341
vt 0.626409 0.751908
vt 0.648603 0.795466
vt 0.656250 0.843750
vt 0.648603 0.892034
vt 0.626409 0.935591
vt 0.626409 0.935591
vt 0.648603 0.892034
vt 0.591841 0.970159
vt 0.591841 0.970159
vt 0.548284 0.992353
vt 0.548284 0.992353
vt 0.500000 1.000000
vt 0.500000 1.000000
vt 0.451716 0.992353
vt 0.451716 0.992353
vt 0.408159 0.970159
vt 0.408159 0.970159
vt 0.373591 0.935591
vt 0.373591 0.935591
vt 0.351397 0.892034
vt 0.351397 0.892034
vt 0.343750 0.843750
vt 0.343750 0.843750
vt 0.351397 0.795466
vt 0.351397 0.795466
vt 0.373591 0.751909
vt 0.373591 0.751909
vt 0.408159 0.717341
vt 0.408159 0.717341
vt 0.451716 0.695147
vt 0.451716 0.695147
vt 0.500000 0.687500
vt 0.500000 0.687500
vt 0.548284 0.695147
vt 0.548284 0.695147
vt 0.591842 0.717341
vt 0.591842 0.717341
vt 0.626409 0.751908
vt 0.626409 0.751908
vt 0.648603 0.795466
vt 0.648603 0.795466
vt 0.656250 0.843750
vt 0.656250 0.843750
vt 0.626409 0.935591
vt 0.648603 0.892034
vt 0.648603 0.892034
vt 0.626409 0.935591
vt 0.591841 0.970159
vt 0.591841 0.970159
vt 0.548284 0.992353
vt 0.548284 0.992353
vt 0.500000 1.000000
vt 0.500000 1.000000
vt 0.451716 0.992353
vt 0.451716 0.992353
vt 0.408159 0.970159
vt 0.408159 0.970159
vt 0.373591 0.935591
vt 0.373591 0.935591
vt 0.351397 0.892034
vt 0.351397 0.892034
vt 0.343750 0.843750
vt 0.343750 0.843750
vt 0.351397 0.795466
vt 0.351397 0.795466
vt 0.373591 0.751909
vt 0.373591 0.751909
vt 0.408159 0.717341
vt 0.408159 0.717341
vt 0.451716 0.695147
vt 0.451716 0.695147
vt 0.500000 0.687500
vt 0.500000 0.687500
vt 0.548284 0.695147
vt 0.548284 0.695147
vt 0.591842 0.717341
vt 0.591842 0.717341
vt 0.626409 0.751908
vt 0.626409 0.751908
vt 0.648603 0.795466
vt 0.648603 0.795466
vt 0.656250 0.843750
vt 0.656250 0.843750
vt 0.626409 0.935591
vt 0.648603 0.892034
vt 0.591841 0.970159
vt 0.548284 0.992353
vt 0.500000 1.000000
vt 0.451716 0.992353
vt 0.408159 0.970159
vt 0.373591 0.935591
vt 0.351397 0.892034
vt 0.343750 0.843750
vt 0.351397 0.795466
vt 0.373591 0.751909
vt 0.408159 0.717341
vt 0.451716 0.695147
vt 0.500000 0.687500
vt 0.548284 0.695147
vt 0.591842 0.717341
vt 0.626409 0.751908
vt 0.648603 0.795466
vt 0.656250 0.843750
vt 0.648603 0.892034
vt 0.626409 0.935591
vt 0.591841 0.970159
vt 0.548284 0.992353
vt 0.500000 1.000000
vt 0.451716 0.992353
vt 0.408159 0.970159
vt 0.373591 0.935591
vt 0.351397 0.892034
vt 0.343750 0.843750
vt 0.351397 0.795466
vt 0.373591 0.751909
vt 0.408159 0.717341
vt 0.451716 0.695147
vt 0.500000 0.687500
vt 0.548284 0.695147
vt 0.591842 0.717341
vt 0.626409 0.751908
vt 0.648603 0.795466
vt 0.656250 0.843750
vt 0.375000 0.687500
vt 0.375000 0.641945
vt 0.387500 0.641945
vt 0.387500 0.687500
vt 0.644903 0.890832
vt 0.623262 0.933305
vt 0.648603 0.892034
vt 0.626409 0.935591
vt 0.400000 0.641945
vt 0.400000 0.687500
vt 0.589555 0.967012
vt 0.591841 0.970159
vt 0.412500 0.641945
vt 0.412500 0.687500
vt 0.547082 0.988653
vt 0.548284 0.992353
vt 0.425000 0.641945
vt 0.425000 0.687500
vt 0.500000 0.996110
vt 0.500000 1.000000
vt 0.437500 0.641945
vt 0.437500 0.687500
vt 0.452918 0.988653
vt 0.451716 0.992353
vt 0.450000 0.641945
vt 0.450000 0.687500
vt 0.410445 0.967012
vt 0.408159 0.970159
vt 0.462500 0.641945
vt 0.462500 0.687500
vt 0.376738 0.933305
vt 0.373591 0.935591
vt 0.475000 0.641945
vt 0.475000 0.687500
vt 0.355097 0.890832
vt 0.351397 0.892034
vt 0.487500 0.641945
vt 0.487500 0.687500
vt 0.347640 0.843750
vt 0.343750 0.843750
vt 0.500000 0.641945
vt 0.500000 0.687500
vt 0.355097 0.796668
vt 0.351397 0.795466
vt 0.512500 0.641945
vt 0.512500 0.687500
vt 0.376738 0.754195
vt 0.373591 0.751909
vt 0.525000 0.641945
vt 0.525000 0.687500
vt 0.410445 0.720488
vt 0.408159 0.717341
vt 0.537500 0.641945
vt 0.537500 0.687500
vt 0.452918 0.698847
vt 0.451716 0.695147
vt 0.550000 0.641945
vt 0.550000 0.687500
vt 0.500000 0.691390
vt 0.500000 0.687500
vt 0.562500 0.641945
vt 0.562500 0.687500
vt 0.547082 0.698847
vt 0.548284 0.695147
vt 0.575000 0.641945
vt 0.575000 0.687500
vt 0.589555 0.720488
vt 0.591842 0.717341
vt 0.587500 0.641945
vt 0.587500 0.687500
vt 0.623262 0.754195
vt 0.626409 0.751908
vt 0.600000 0.641945
vt 0.600000 0.687500
vt 0.644903 0.796668
vt 0.648603 0.795466
vt 0.612500 0.641945
vt 0.612500 0.687500
vt 0.652360 0.843750
vt 0.656250 0.843750
vt 0.625000 0.641945
vt 0.625000 0.687500
vt 0.625000 0.323765
vt 0.625000 0.355295
vt 0.612500 0.355295
vt 0.612500 0.323765
vt 0.375000 0.355295
vt 0.375000 0.323765
vt 0.387500 0.323765
vt 0.387500 0.355295
vt 0.600000 0.355295
vt 0.600000 0.323765
vt 0.587500 0.355295
vt 0.587500 0.323765
vt 0.575000 0.355295
vt 0.575000 0.323765
vt 0.562500 0.355295
vt 0.562500 0.323765
vt 0.550000 0.355295
vt 0.550000 0.323765
vt 0.537500 0.355295
vt 0.537500 0.323765
vt 0.525000 0.355295
vt 0.525000 0.323765
vt 0.512500 0.355295
vt 0.512500 0.323765
vt 0.500000 0.355295
vt 0.500000 0.323765
vt 0.487500 0.355295
vt 0.487500 0.323765
vt 0.475000 0.355295
vt 0.475000 0.323765
vt 0.462500 0.355295
vt 0.462500 0.323765
vt 0.450000 0.355295
vt 0.450000 0.323765
vt 0.437500 0.355295
vt 0.437500 0.323765
vt 0.425000 0.355295
vt 0.425000 0.323765
vt 0.412500 0.355295
vt 0.412500 0.323765
vt 0.400000 0.355295
vt 0.400000 0.323765
vt 0.375000 0.312500
vt 0.387500 0.312500
vt 0.400000 0.312500
vt 0.412500 0.312500
vt 0.425000 0.312500
vt 0.437500 0.312500
vt 0.450000 0.312500
vt 0.462500 0.312500
vt 0.475000 0.312500
vt 0.487500 0.312500
vt 0.500000 0.312500
vt 0.512500 0.312500
vt 0.525000 0.312500
vt 0.537500 0.312500
vt 0.550000 0.312500
vt 0.562500 0.312500
vt 0.575000 0.312500
vt 0.587500 0.312500
vt 0.600000 0.312500
vt 0.612500 0.312500
vt 0.625000 0.312500
vt 0.648603 0.892034
vt 0.656250 0.843750
vt 0.648603 0.795466
vt 0.626409 0.751908
vt 0.591842 0.717341
vt 0.548284 0.695147
vt 0.500000 0.687500
vt 0.451716 0.695147
vt 0.408159 0.717341
vt 0.373591 0.751909
vt 0.351397 0.795466
vt 0.343750 0.843750
vt 0.351397 0.892034
vt 0.373591 0.935591
vt 0.408159 0.970159
vt 0.451716 0.992353
vt 0.500000 1.000000
vt 0.548284 0.992353
vt 0.591841 0.970159
vt 0.626409 0.935591
vt 0.578125 0.156250
vt 0.574301 0.180392
vt 0.574301 0.132108
vt 0.563205 0.110329
vt 0.563204 0.202171
vt 0.545921 0.219454
vt 0.524142 0.230551
vt 0.500000 0.234375
vt 0.475858 0.230551
vt 0.454079 0.219454
vt 0.436796 0.202171
vt 0.425699 0.180392
vt 0.421875 0.156250
vt 0.425699 0.132108
vt 0.436796 0.110329
vt 0.454079 0.093046
vt 0.475858 0.081949
vt 0.500000 0.078125
vt 0.524142 0.081949
vt 0.545921 0.093045
vt 0.432429 0.176963
vt 0.445230 0.170440
vt 0.462849 0.161463
vt 0.483562 0.150909
vt 0.505341 0.139812
vt 0.526054 0.129258
vt 0.543673 0.120281
vt 0.556474 0.113758
vt 0.656250 0.843750
vt 0.656250 0.843750
vt 0.648603 0.892034
vt 0.648603 0.892034
vt 0.648603 0.795466
vt 0.648603 0.795466
vt 0.626409 0.751908
vt 0.626409 0.751909
vt 0.591842 0.717341
vt 0.591842 0.717341
vt 0.548284 0.695147
vt 0.548284 0.695147
vt 0.500000 0.687500
vt 0.500000 0.687500
vt 0.451716 0.695147
vt 0.451716 0.695147
vt 0.408159 0.717341
vt 0.408159 0.717341
vt 0.373591 0.751909
vt 0.373591 0.751909
vt 0.351397 0.795466
vt 0.351397 0.795466
vt 0.343750 0.843750
vt 0.343750 0.843750
vt 0.351397 0.892034
vt 0.351397 0.892034
vt 0.373591 0.935591
vt 0.373591 0.935591
vt 0.408159 0.970159
vt 0.408159 0.970159
vt 0.451716 0.992353
vt 0.451716 0.992353
vt 0.500000 1.000000
vt 0.500000 1.000000
vt 0.548284 0.992353
vt 0.548284 0.992353
vt 0.591841 0.970159
vt 0.591841 0.970159
vt 0.626409 0.935591
vt 0.626409 0.935591
vt 0.648603 0.107966
vt 0.656250 0.156250
vt 0.656250 0.156250
vt 0.648603 0.107966
vt 0.648603 0.204534
vt 0.648603 0.204534
vt 0.626409 0.248091
vt 0.626409 0.248091
vt 0.591841 0.282659
vt 0.591841 0.282659
vt 0.548284 0.304853
vt 0.548284 0.304853
vt 0.500000 0.312500
vt 0.500000 0.312500
vt 0.451716 0.304853
vt 0.451716 0.304853
vt 0.408159 0.282659
vt 0.408159 0.282659
vt 0.373591 0.248091
vt 0.373591 0.248091
vt 0.351397 0.204534
vt 0.351397 0.204534
vt 0.343750 0.156250
vt 0.343750 0.156250
vt 0.351397 0.107966
vt 0.351397 0.107966
vt 0.373591 0.064409
vt 0.373591 0.064409
vt 0.408159 0.029841
vt 0.408159 0.029841
vt 0.451716 0.007647
vt 0.451716 0.007647
vt 0.500000 -0.000000
vt 0.500000 -0.000000
vt 0.548284 0.007647
vt 0.548284 0.007647
vt 0.591842 0.029841
vt 0.591842 0.029841
vt 0.626409 0.064408
vt 0.626409 0.064408
vt 0.425699 0.180392
vt 0.432429 0.176963
vt 0.454079 0.219454
vt 0.436796 0.202171
vt 0.656250 0.156250
vt 0.648603 0.107966
vt 0.648603 0.204534
vt 0.626409 0.248091
vt 0.591841 0.282659
vt 0.548284 0.304853
vt 0.500000 0.312500
vt 0.451716 0.304853
vt 0.408159 0.282659
vt 0.373591 0.248091
vt 0.351397 0.204534
vt 0.343750 0.156250
vt 0.351397 0.107966
vt 0.373591 0.064409
vt 0.408159 0.029841
vt 0.451716 0.007647
vt 0.500000 -0.000000
vt 0.548284 0.007647
vt 0.591842 0.029841
vt 0.626409 0.064408
vt 0.648603 0.892034
vt 0.626409 0.935591
vt 0.626409 0.935591
vt 0.648603 0.892034
vt 0.591841 0.970159
vt 0.591841 0.970159
vt 0.548284 0.992353
vt 0.548284 0.992353
vt 0.500000 1.000000
vt 0.500000 1.000000
vt 0.451716 0.992353
vt 0.451716 0.992353
vt 0.408159 0.970159
vt 0.408159 0.970159
vt 0.373591 0.935591
vt 0.373591 0.935591
vt 0.351397 0.892034
vt 0.351397 0.892034
vt 0.343750 0.843750
vt 0.343750 0.843750
vt 0.351397 0.795466
vt 0.351397 0.795466
vt 0.373591 0.751909
vt 0.373591 0.751909
vt 0.408159 0.717341
vt 0.408159 0.717341
vt 0.451716 0.695147
vt 0.451716 0.695147
vt 0.500000 0.687500
vt 0.500000 0.687500
vt 0.548284 0.695147
vt 0.548284 0.695147
vt 0.591842 0.717341
vt 0.591842 0.717341
vt 0.626409 0.751908
vt 0.626409 0.751908
vt 0.648603 0.795466
vt 0.648603 0.795466
vt 0.656250 0.843750
vt 0.656250 0.843750
vt 0.648603 0.892034
vt 0.626409 0.935591
vt 0.626409 0.935591
vt 0.648603 0.892034
vt 0.591841 0.970159
vt 0.591841 0.970159
vt 0.548284 0.992353
vt 0.548284 0.992353
vt 0.500000 1.000000
vt 0.500000 1.000000
vt 0.451716 0.992353
vt 0.451716 0.992353
vt 0.408159 0.970159
vt 0.408159 0.970159
vt 0.373591 0.935591
vt 0.373591 0.935591
vt 0.351397 0.892034
vt 0.351397 0.892034
vt 0.343750 0.843750
vt 0.343750 0.843750
vt 0.351397 0.795466
vt 0.351397 0.795466
vt 0.373591 0.751909
vt 0.373591 0.751909
vt 0.408159 0.717341
vt 0.408159 0.717341
vt 0.451716 0.695147
vt 0.451716 0.695147
vt 0.500000 0.687500
vt 0.500000 0.687500
vt 0.548284 0.695147
vt 0.548284 0.695147
vt 0.591842 0.717341
vt 0.591842 0.717341
vt 0.626409 0.751908
vt 0.626409 0.751908
vt 0.648603 0.795466
vt 0.648603 0.795466
vt 0.656250 0.843750
vt 0.656250 0.843750
vt 0.626409 0.935591
vt 0.648603 0.892034
vt 0.648603 0.892034
vt 0.626409 0.935591
vt 0.591841 0.970159
vt 0.591841 0.970159
vt 0.548284 0.992353
vt 0.548284 0.992353
vt 0.500000 1.000000
vt 0.500000 1.000000
vt 0.451716 0.992353
vt 0.451716 0.992353
vt 0.408159 0.970159
vt 0.408159 0.970159
vt 0.373591 0.935591
vt 0.373591 0.935591
vt 0.351397 0.892034
vt 0.351397 0.892034
vt 0.343750 0.843750
vt 0.343750 0.843750
vt 0.351397 0.795466
vt 0.351397 0.795466
vt 0.373591 0.751909
vt 0.373591 0.751909
vt 0.408159 0.717341
vt 0.408159 0.717341
vt 0.451716 0.695147
vt 0.451716 0.695147
vt 0.500000 0.687500
vt 0.500000 0.687500
vt 0.548284 0.695147
vt 0.548284 0.695147
vt 0.591842 0.717341
vt 0.591842 0.717341
vt 0.626409 0.751908
vt 0.626409 0.751908
vt 0.648603 0.795466
vt 0.648603 0.795466
vt 0.656250 0.843750
vt 0.656250 0.843750
vt 0.626409 0.935591
vt 0.648603 0.892034
vt 0.591841 0.970159
vt 0.548284 0.992353
vt 0.500000 1.000000
vt 0.451716 0.992353
vt 0.408159 0.970159
vt 0.373591 0.935591
vt 0.351397 0.892034
vt 0.343750 0.843750
vt 0.351397 0.795466
vt 0.373591 0.751909
vt 0.408159 0.717341
vt 0.451716 0.695147
vt 0.500000 0.687500
vt 0.548284 0.695147
vt 0.591842 0.717341
vt 0.626409 0.751908
vt 0.648603 0.795466
vt 0.656250 0.843750
vt 0.648603 0.892034
vt 0.626409 0.935591
vt 0.591841 0.970159
vt 0.548284 0.992353
vt 0.500000 1.000000
vt 0.451716 0.992353
vt 0.408159 0.970159
vt 0.373591 0.935591
vt 0.351397 0.892034
vt 0.343750 0.843750
vt 0.351397 0.795466
vt 0.373591 0.751909
vt 0.408159 0.717341
vt 0.451716 0.695147
vt 0.500000 0.687500
vt 0.548284 0.695147
vt 0.591842 0.717341
vt 0.626409 0.751908
vt 0.648603 0.795466
vt 0.656250 0.843750
vt 0.375000 0.687500
vt 0.375000 0.641945
vt 0.387500 0.641945
vt 0.387500 0.687500
vt 0.644903 0.890832
vt 0.623262 0.933305
vt 0.648603 0.892034
vt 0.626409 0.935591
vt 0.400000 0.641945
vt 0.400000 0.687500
vt 0.589555 0.967012
vt 0.591841 0.970159
vt 0.412500 0.641945
vt 0.412500 0.687500
vt 0.547082 0.988653
vt 0.548284 0.992353
vt 0.425000 0.641945
vt 0.425000 0.687500
vt 0.500000 0.996110
vt 0.500000 1.000000
vt 0.437500 0.641945
vt 0.437500 0.687500
vt 0.452918 0.988653
vt 0.451716 0.992353
vt 0.450000 0.641945
vt 0.450000 0.687500
vt 0.410445 0.967012
vt 0.408159 0.970159
vt 0.462500 0.641945
vt 0.462500 0.687500
vt 0.376738 0.933305
vt 0.373591 0.935591
vt 0.475000 0.641945
vt 0.475000 0.687500
vt 0.355097 0.890832
vt 0.351397 0.892034
vt 0.487500 0.641945
vt 0.487500 0.687500
vt 0.347640 0.843750
vt 0.343750 0.843750
vt 0.500000 0.641945
vt 0.500000 0.687500
vt 0.355097 0.796668
vt 0.351397 0.795466
vt 0.512500 0.641945
vt 0.512500 0.687500
vt 0.376738 0.754195
vt 0.373591 0.751909
vt 0.525000 0.641945
vt 0.525000 0.687500
vt 0.410445 0.720488
vt 0.408159 0.717341
vt 0.537500 0.641945
vt 0.537500 0.687500
vt 0.452918 0.698847
vt 0.451716 0.695147
vt 0.550000 0.641945
vt 0.550000 0.687500
vt 0.500000 0.691390
vt 0.500000 0.687500
vt 0.562500 0.641945
vt 0.562500 0.687500
vt 0.547082 0.698847
vt 0.548284 0.695147
vt 0.575000 0.641945
vt 0.575000 0.687500
vt 0.589555 0.720488
vt 0.591842 0.717341
vt 0.587500 0.641945
vt 0.587500 0.687500
vt 0.623262 0.754195
vt 0.626409 0.751908
vt 0.600000 0.641945
vt 0.600000 0.687500
vt 0.644903 0.796668
vt 0.648603 0.795466
vt 0.612500 0.641945
vt 0.612500 0.687500
vt 0.652360 0.843750
vt 0.656250 0.843750
vt 0.625000 0.641945
vt 0.625000 0.687500
vt 0.625000 0.323765
vt 0.625000 0.355295
vt 0.612500 0.355295
vt 0.612500 0.323765
vt 0.375000 0.355295
vt 0.375000 0.323765
vt 0.387500 0.323765
vt 0.387500 0.355295
vt 0.600000 0.355295
vt 0.600000 0.323765
vt 0.587500 0.355295
vt 0.587500 0.323765
vt 0.575000 0.355295
vt 0.575000 0.323765
vt 0.562500 0.355295
vt 0.562500 0.323765
vt 0.550000 0.355295
vt 0.550000 0.323765
vt 0.537500 0.355295
vt 0.537500 0.323765
vt 0.525000 0.355295
vt 0.525000 0.323765
vt 0.512500 0.355295
vt 0.512500 0.323765
vt 0.500000 0.355295
vt 0.500000 0.323765
vt 0.487500 0.355295
vt 0.487500 0.323765
vt 0.475000 0.355295
vt 0.475000 0.323765
vt 0.462500 0.355295
vt 0.462500 0.323765
vt 0.450000 0.355295
vt 0.450000 0.323765
vt 0.437500 0.355295
vt 0.437500 0.323765
vt 0.425000 0.355295
vt 0.425000 0.323765
vt 0.412500 0.355295
vt 0.412500 0.323765
vt 0.400000 0.355295
vt 0.400000 0.323765
vt 0.375000 0.312500
vt 0.387500 0.312500
vt 0.400000 0.312500
vt 0.412500 0.312500
vt 0.425000 0.312500
vt 0.437500 0.312500
vt 0.450000 0.312500
vt 0.462500 0.312500
vt 0.475000 0.312500
vt 0.487500 0.312500
vt 0.500000 0.312500
vt 0.512500 0.312500
vt 0.525000 0.312500
vt 0.537500 0.312500
vt 0.550000 0.312500
vt 0.562500 0.312500
vt 0.575000 0.312500
vt 0.587500 0.312500
vt 0.600000 0.312500
vt 0.612500 0.312500
vt 0.625000 0.312500
vt 0.563205 0.110329
vt 0.545921 0.093045
vt 0.574301 0.132108
vt 0.578125 0.156250
vt 0.574301 0.180392
vt 0.563204 0.202171
vt 0.545921 0.219454
vt 0.524142 0.230551
vt 0.500000 0.234375
vt 0.475858 0.230551
vt 0.421875 0.156250
vt 0.425699 0.132108
vt 0.436796 0.110329
vt 0.454079 0.093046
vt 0.475858 0.081949
vt 0.500000 0.078125
vt 0.524142 0.081949
vt 0.556474 0.113758
vt 0.543673 0.120281
vt 0.526054 0.129258
vt 0.505341 0.139812
vt 0.483562 0.150909
vt 0.462849 0.161463
vt 0.445230 0.170440
vt 0.626409 0.935591
vt 0.648603 0.892034
vt 0.591841 0.970159
vt 0.548284 0.992353
vt 0.500000 1.000000
vt 0.451716 0.992353
vt 0.408159 0.970159
vt 0.373591 0.935591
vt 0.351397 0.892034
vt 0.343750 0.843750
vt 0.351397 0.795466
vt 0.373591 0.751909
vt 0.408159 0.717341
vt 0.451716 0.695147
vt 0.500000 0.687500
vt 0.548284 0.695147
vt 0.591842 0.717341
vt 0.626409 0.751908
vt 0.648603 0.795466
vt 0.656250 0.843750
vn 0.931349 0.364128 0.000000
vn 0.882171 0.470929 0.000000
vn 0.838995 0.470929 -0.272604
vn 0.885766 0.364129 -0.287801
vn 0.885765 0.364129 0.287802
vn 0.838995 0.470929 0.272605
vn 0.753477 0.364130 0.547433
vn 0.713691 0.470930 0.518527
vn 0.547433 0.364130 0.753476
vn 0.518528 0.470930 0.713691
vn 0.287802 0.364130 0.885765
vn 0.272605 0.470930 0.838994
vn 0.000000 0.364130 0.931348
vn -0.000000 0.470930 0.882171
vn -0.287802 0.364130 0.885765
vn -0.272606 0.470930 0.838994
vn -0.547434 0.364131 0.753475
vn -0.518528 0.470930 0.713690
vn -0.753477 0.364130 0.547432
vn -0.713692 0.470929 0.518526
vn -0.885765 0.364129 0.287803
vn -0.838995 0.470929 0.272605
vn -0.931349 0.364128 0.000000
vn -0.882171 0.470929 -0.000000
vn -0.885766 0.364128 -0.287801
vn -0.838995 0.470929 -0.272604
vn -0.753477 0.364128 -0.547433
vn -0.713692 0.470929 -0.518526
vn -0.547433 0.364129 -0.753477
vn -0.518527 0.470929 -0.713691
vn -0.287802 0.364129 -0.885765
vn -0.272606 0.470929 -0.838994
vn 0.000001 0.364128 -0.931349
vn 0.000000 0.470929 -0.882171
vn 0.287802 0.364129 -0.885765
vn 0.272606 0.470929 -0.838994
vn 0.547433 0.364129 -0.753477
vn 0.518527 0.470929 -0.713691
vn 0.753477 0.364129 -0.547433
vn 0.713692 0.470929 -0.518527
vn -0.112442 -0.993499 0.017810
vn -0.112442 -0.993499 0.017810
vn -0.112442 -0.993499 0.017810
vn -0.112442 -0.993499 0.017810
vn -0.112442 -0.993499 -0.017810
vn -0.112442 -0.993499 -0.017810
vn -0.112442 -0.993499 -0.017810
vn -0.112442 -0.993499 -0.017810
vn -0.101436 -0.993499 -0.051684
vn -0.101436 -0.993499 -0.051684
vn -0.101436 -0.993499 -0.051684
vn -0.101436 -0.993499 -0.051684
vn -0.080500 -0.993499 -0.080500
vn -0.080500 -0.993499 -0.080500
vn -0.080500 -0.993499 -0.080500
vn -0.080500 -0.993499 -0.080500
vn -0.051684 -0.993499 -0.101437
vn -0.051684 -0.993499 -0.101437
vn -0.051684 -0.993499 -0.101437
vn -0.051684 -0.993499 -0.101437
vn -0.017810 -0.993499 -0.112444
vn -0.017810 -0.993499 -0.112444
vn -0.017810 -0.993499 -0.112444
vn -0.017810 -0.993499 -0.112444
vn 0.017810 -0.993498 -0.112444
vn 0.017810 -0.993499 -0.112444
vn 0.017810 -0.993499 -0.112444
vn 0.017810 -0.993499 -0.112444
vn 0.051684 -0.993499 -0.101437
vn 0.051684 -0.993499 -0.101437
vn 0.051684 -0.993499 -0.101437
vn 0.051684 -0.993499 -0.101437
vn 0.080500 -0.993499 -0.080500
vn 0.080500 -0.993499 -0.080500
vn 0.080500 -0.993499 -0.080500
vn 0.080500 -0.993499 -0.080500
vn 0.101436 -0.993499 -0.051684
vn 0.101436 -0.993499 -0.051684
vn 0.101436 -0.993499 -0.051684
vn 0.101436 -0.993499 -0.051684
vn 0.112442 -0.993499 -0.017809
vn 0.112442 -0.993499 -0.017809
vn 0.112442 -0.993499 -0.017809
vn 0.112442 -0.993499 -0.017809
vn 0.112442 -0.993499 0.017809
vn 0.112442 -0.993499 0.017809
vn 0.112442 -0.993499 0.017809
vn 0.112442 -0.993499 0.017809
vn 0.101436 -0.993499 0.051684
vn 0.101436 -0.993499 0.051684
vn 0.101436 -0.993499 0.051684
vn 0.101436 -0.993499 0.051684
vn 0.080500 -0.993499 0.080500
vn 0.080500 -0.993499 0.080500
vn 0.080500 -0.993499 0.080500
vn 0.080500 -0.993499 0.080500
vn 0.051685 -0.993499 0.101436
vn 0.051685 -0.993499 0.101436
vn 0.051685 -0.993499 0.101436
vn 0.051685 -0.993499 0.101436
vn 0.017809 -0.993499 0.112443
vn 0.017809 -0.993499 0.112443
vn 0.017809 -0.993499 0.112443
vn 0.017809 -0.993499 0.112443
vn -0.017809 -0.993499 0.112443
vn -0.017809 -0.993499 0.112443
vn -0.017809 -0.993499 0.112443
vn -0.017809 -0.993499 0.112443
vn -0.051685 -0.993499 0.101436
vn -0.051685 -0.993499 0.101436
vn -0.051685 -0.993499 0.101436
vn -0.051685 -0.993499 0.101436
vn -0.080500 -0.993499 0.080501
vn -0.080500 -0.993499 0.080501
vn -0.080500 -0.993499 0.080501
vn -0.080500 -0.993499 0.080501
vn -0.101436 -0.993499 0.051684
vn -0.101436 -0.993499 0.051684
vn -0.101436 -0.993499 0.051684
vn -0.101436 -0.993499 0.051684
vn -0.095193 -0.994987 0.030652
vn -0.000503 -1.000000 0.000384
vn -0.056241 -0.995377 0.077857
vn -0.080403 -0.995049 0.058417
vn -0.882951 -0.371610 0.286887
vn -0.928389 -0.371609 0.000000
vn -0.928389 -0.371609 0.000000
vn -0.882951 -0.371610 0.286886
vn -0.882950 -0.371608 -0.286891
vn -0.882950 -0.371608 -0.286892
vn -0.751084 -0.371607 -0.545694
vn -0.751083 -0.371607 -0.545694
vn -0.545696 -0.371610 -0.751080
vn -0.545696 -0.371610 -0.751080
vn -0.286887 -0.371611 -0.882950
vn -0.286888 -0.371611 -0.882950
vn -0.000002 -0.371610 -0.928389
vn -0.000001 -0.371610 -0.928389
vn 0.286889 -0.371609 -0.882950
vn 0.286889 -0.371609 -0.882950
vn 0.545695 -0.371610 -0.751081
vn 0.545696 -0.371610 -0.751081
vn 0.751083 -0.371608 -0.545694
vn 0.751084 -0.371608 -0.545693
vn 0.882950 -0.371609 -0.286889
vn 0.882950 -0.371609 -0.286890
vn 0.928389 -0.371610 -0.000000
vn 0.928389 -0.371610 0.000001
vn 0.882951 -0.371609 0.286888
vn 0.882951 -0.371609 0.286888
vn 0.751084 -0.371609 0.545692
vn 0.751084 -0.371609 0.545692
vn 0.545693 -0.371611 0.751082
vn 0.545695 -0.371611 0.751081
vn 0.286889 -0.371611 0.882950
vn 0.286889 -0.371611 0.882950
vn 0.000000 -0.371610 0.928389
vn 0.000001 -0.371610 0.928389
vn -0.286886 -0.371609 0.882951
vn -0.286888 -0.371609 0.882951
vn -0.545696 -0.371609 0.751081
vn -0.545695 -0.371609 0.751082
vn -0.751082 -0.371611 0.545694
vn -0.751083 -0.371611 0.545692
vn 0.685220 0.531623 -0.497846
vn 0.805526 0.531624 -0.261733
vn 0.805526 0.531624 -0.261732
vn 0.685224 0.531623 -0.497842
vn 0.497842 0.531622 -0.685224
vn 0.497841 0.531622 -0.685224
vn 0.261734 0.531625 -0.805525
vn 0.261729 0.531625 -0.805526
vn 0.000002 0.531625 -0.846980
vn 0.000004 0.531625 -0.846980
vn -0.261734 0.531623 -0.805526
vn -0.261730 0.531623 -0.805528
vn -0.497844 0.531627 -0.685219
vn -0.497854 0.531627 -0.685211
vn -0.685212 0.531627 -0.497853
vn -0.685208 0.531627 -0.497858
vn -0.805531 0.531621 -0.261721
vn -0.805531 0.531621 -0.261722
vn -0.846981 0.531624 -0.000003
vn -0.846981 0.531624 -0.000004
vn -0.805526 0.531624 0.261733
vn -0.805524 0.531624 0.261737
vn -0.685223 0.531624 0.497841
vn -0.685226 0.531624 0.497836
vn -0.497839 0.531622 0.685225
vn -0.497842 0.531622 0.685224
vn -0.261731 0.531624 0.805526
vn -0.261727 0.531624 0.805528
vn -0.000003 0.531625 0.846980
vn -0.000005 0.531625 0.846980
vn 0.261729 0.531624 0.805527
vn 0.261730 0.531624 0.805527
vn 0.497837 0.531628 0.685223
vn 0.497846 0.531628 0.685216
vn 0.685215 0.531627 0.497849
vn 0.685214 0.531627 0.497849
vn 0.805529 0.531623 0.261726
vn 0.805528 0.531623 0.261730
vn 0.846981 0.531623 -0.000005
vn 0.846981 0.531623 -0.000005
vn 0.951057 0.000014 -0.309016
vn 0.809017 0.000014 -0.587786
vn 0.808334 0.040933 -0.587299
vn 0.950260 0.040931 -0.308758
vn 0.587788 0.000015 -0.809015
vn 0.587297 0.040934 -0.808335
vn 0.309017 0.000015 -0.951057
vn 0.308748 0.040936 -0.950263
vn -0.000001 0.000016 -1.000000
vn 0.000013 0.040932 -0.999162
vn -0.309017 0.000016 -0.951056
vn -0.308765 0.040930 -0.950258
vn -0.587788 0.000016 -0.809015
vn -0.587291 0.040933 -0.808340
vn -0.809015 0.000015 -0.587788
vn -0.808340 0.040933 -0.587291
vn -0.951057 0.000015 -0.309017
vn -0.950259 0.040933 -0.308760
vn -1.000000 0.000015 0.000000
vn -0.999162 0.040931 0.000001
vn -0.951057 0.000015 0.309017
vn -0.950261 0.040930 0.308754
vn -0.809016 0.000015 0.587787
vn -0.808339 0.040929 0.587293
vn -0.587782 0.000015 0.809020
vn -0.587286 0.040932 0.808344
vn -0.309020 0.000015 0.951056
vn -0.308759 0.040934 0.950259
vn -0.000000 0.000015 1.000000
vn 0.000001 0.040933 0.999162
vn 0.309020 0.000015 0.951056
vn 0.308764 0.040933 0.950258
vn 0.587782 0.000015 0.809020
vn 0.587281 0.040929 0.808348
vn 0.809016 0.000015 0.587787
vn 0.808342 0.040929 0.587288
vn 0.951056 0.000015 0.309017
vn 0.950258 0.040932 0.308761
vn 1.000000 0.000015 0.000002
vn 0.999162 0.040931 -0.000000
vn 0.190857 0.976790 -0.097235
vn 0.190857 0.976790 -0.097235
vn 0.190857 0.976790 -0.097235
vn 0.190857 0.976790 -0.097235
vn -0.091798 0.994678 0.046778
vn -0.091798 0.994678 0.046778
vn -0.091798 0.994678 0.046778
vn -0.091798 0.994678 0.046778
vn 0.151455 0.976792 -0.151453
vn 0.151455 0.976792 -0.151453
vn 0.151455 0.976792 -0.151453
vn 0.151455 0.976792 -0.151453
vn -0.072859 0.994677 0.072868
vn -0.072859 0.994677 0.072868
vn -0.072859 0.994677 0.072868
vn -0.072859 0.994677 0.072868
vn 0.097234 0.976794 -0.190840
vn 0.097234 0.976794 -0.190840
vn 0.097234 0.976794 -0.190840
vn 0.097234 0.976794 -0.190840
vn -0.046772 0.994678 0.091799
vn -0.046772 0.994678 0.091799
vn -0.046772 0.994679 0.091799
vn -0.046772 0.994678 0.091799
vn 0.033512 0.976791 -0.211557
vn 0.033512 0.976791 -0.211557
vn 0.033512 0.976791 -0.211557
vn 0.033512 0.976791 -0.211557
vn -0.016114 0.994679 0.101755
vn -0.016114 0.994679 0.101755
vn -0.016114 0.994679 0.101755
vn -0.016114 0.994679 0.101755
vn -0.033509 0.976795 -0.211538
vn -0.033509 0.976795 -0.211538
vn -0.033509 0.976795 -0.211538
vn -0.033509 0.976795 -0.211538
vn 0.016114 0.994681 0.101733
vn 0.016114 0.994681 0.101733
vn 0.016114 0.994681 0.101733
vn 0.016114 0.994681 0.101733
vn -0.097230 0.976798 -0.190821
vn -0.097230 0.976798 -0.190821
vn -0.097230 0.976798 -0.190821
vn -0.097230 0.976798 -0.190821
vn 0.046774 0.994678 0.091809
vn 0.046774 0.994678 0.091809
vn 0.046774 0.994678 0.091809
vn 0.046774 0.994678 0.091809
vn -0.151479 0.976783 -0.151490
vn -0.151479 0.976783 -0.151490
vn -0.151479 0.976783 -0.151490
vn -0.151479 0.976783 -0.151490
vn 0.072854 0.994679 0.072846
vn 0.072854 0.994679 0.072846
vn 0.072854 0.994679 0.072846
vn 0.072854 0.994679 0.072846
vn -0.190849 0.976790 -0.097255
vn -0.190849 0.976790 -0.097255
vn -0.190849 0.976790 -0.097255
vn -0.190849 0.976790 -0.097255
vn 0.091793 0.994680 0.046759
vn 0.091793 0.994680 0.046759
vn 0.091793 0.994680 0.046759
vn 0.091793 0.994680 0.046759
vn -0.211560 0.976791 -0.033505
vn -0.211560 0.976791 -0.033505
vn -0.211560 0.976791 -0.033505
vn -0.211560 0.976791 -0.033505
vn 0.101744 0.994680 0.016119
vn 0.101744 0.994680 0.016119
vn 0.101744 0.994680 0.016119
vn 0.101744 0.994680 0.016119
vn -0.211543 0.976794 0.033502
vn -0.211543 0.976794 0.033502
vn -0.211543 0.976794 0.033502
vn -0.211543 0.976794 0.033502
vn 0.101744 0.994680 -0.016119
vn 0.101744 0.994680 -0.016119
vn 0.101744 0.994680 -0.016119
vn 0.101744 0.994680 -0.016119
vn -0.190860 0.976790 0.097232
vn -0.190860 0.976790 0.097232
vn -0.190860 0.976790 0.097232
vn -0.190860 0.976790 0.097232
vn 0.091788 0.994680 -0.046764
vn 0.091788 0.994680 -0.046764
vn 0.091788 0.994680 -0.046764
vn 0.091788 0.994680 -0.046764
vn -0.151454 0.976792 0.151455
vn -0.151454 0.976792 0.151455
vn -0.151454 0.976792 0.151455
vn -0.151454 0.976792 0.151455
vn 0.072851 0.994678 -0.072855
vn 0.072851 0.994678 -0.072855
vn 0.072851 0.994678 -0.072855
vn 0.072851 0.994678 -0.072855
vn -0.097235 0.976795 0.190830
vn -0.097235 0.976795 0.190830
vn -0.097235 0.976795 0.190830
vn -0.097235 0.976795 0.190830
vn 0.046776 0.994678 -0.091807
vn 0.046776 0.994678 -0.091807
vn 0.046776 0.994678 -0.091807
vn 0.046776 0.994678 -0.091807
vn -0.033510 0.976794 0.211544
vn -0.033510 0.976794 0.211544
vn -0.033510 0.976794 0.211544
vn -0.033510 0.976794 0.211544
vn 0.016115 0.994680 -0.101743
vn 0.016115 0.994680 -0.101743
vn 0.016115 0.994680 -0.101743
vn 0.016115 0.994680 -0.101743
vn 0.033510 0.976792 0.211555
vn 0.033510 0.976792 0.211555
vn 0.033510 0.976792 0.211555
vn 0.033510 0.976792 0.211555
vn -0.016116 0.994681 -0.101737
vn -0.016116 0.994681 -0.101737
vn -0.016116 0.994681 -0.101737
vn -0.016116 0.994681 -0.101737
vn 0.097234 0.976794 0.190836
vn 0.097234 0.976794 0.190836
vn 0.097234 0.976794 0.190836
vn 0.097234 0.976794 0.190836
vn -0.046760 0.994681 -0.091780
vn -0.046760 0.994681 -0.091780
vn -0.046760 0.994681 -0.091780
vn -0.046760 0.994681 -0.091780
vn 0.151467 0.976784 0.151494
vn 0.151467 0.976784 0.151494
vn 0.151467 0.976784 0.151494
vn 0.151467 0.976784 0.151494
vn -0.072835 0.994681 -0.072837
vn -0.072835 0.994681 -0.072837
vn -0.072835 0.994681 -0.072837
vn -0.072835 0.994681 -0.072837
vn 0.190858 0.976789 0.097250
vn 0.190858 0.976788 0.097250
vn 0.190858 0.976789 0.097250
vn 0.190858 0.976789 0.097250
vn -0.091791 0.994680 -0.046759
vn -0.091791 0.994680 -0.046759
vn -0.091791 0.994680 -0.046759
vn -0.091791 0.994680 -0.046759
vn 0.211557 0.976791 0.033505
vn 0.211557 0.976791 0.033505
vn 0.211557 0.976791 0.033505
vn 0.211557 0.976791 0.033505
vn -0.101737 0.994681 -0.016115
vn -0.101737 0.994681 -0.016115
vn -0.101737 0.994681 -0.016115
vn -0.101737 0.994681 -0.016115
vn 0.211558 0.976791 -0.033506
vn 0.211558 0.976791 -0.033506
vn 0.211558 0.976791 -0.033506
vn 0.211558 0.976791 -0.033506
vn -0.101741 0.994680 0.016114
vn -0.101741 0.994681 0.016114
vn -0.101741 0.994681 0.016114
vn -0.101741 0.994680 0.016114
vn -0.784311 0.245216 0.569847
vn -0.922021 0.245213 0.299579
vn -0.922020 0.245213 0.299582
vn -0.784311 0.245216 0.569848
vn 0.806452 0.079452 -0.585937
vn 0.948051 0.079449 -0.308037
vn -0.569833 0.245211 0.784323
vn -0.569836 0.245211 0.784320
vn 0.585928 0.079453 -0.806459
vn -0.299593 0.245205 0.922019
vn -0.299592 0.245205 0.922019
vn 0.308023 0.079456 -0.948055
vn -0.000003 0.245206 0.969471
vn -0.000003 0.245206 0.969471
vn 0.000015 0.079450 -0.996839
vn 0.299584 0.245209 0.922020
vn 0.299585 0.245209 0.922020
vn -0.308041 0.079445 -0.948050
vn 0.569836 0.245214 0.784319
vn 0.569838 0.245214 0.784318
vn -0.585925 0.079449 -0.806462
vn 0.784318 0.245216 0.569838
vn 0.784317 0.245216 0.569839
vn -0.806464 0.079450 -0.585921
vn 0.922021 0.245213 0.299579
vn 0.922021 0.245213 0.299579
vn -0.948051 0.079450 -0.308039
vn 0.969470 0.245212 0.000001
vn 0.969470 0.245212 0.000001
vn -0.996839 0.079448 0.000001
vn 0.922021 0.245211 -0.299581
vn 0.922021 0.245211 -0.299581
vn -0.948053 0.079446 0.308032
vn 0.784317 0.245210 -0.569842
vn 0.784318 0.245209 -0.569840
vn -0.806465 0.079444 0.585921
vn 0.569835 0.245206 -0.784322
vn 0.569837 0.245207 -0.784321
vn -0.585921 0.079448 0.806464
vn 0.299589 0.245207 -0.922019
vn 0.299588 0.245208 -0.922020
vn -0.308036 0.079453 0.948051
vn -0.000001 0.245210 -0.969470
vn -0.000001 0.245210 -0.969470
vn 0.000006 0.079452 0.996839
vn -0.299591 0.245207 -0.922019
vn -0.299590 0.245207 -0.922019
vn 0.308051 0.079451 0.948046
vn -0.569834 0.245205 -0.784323
vn -0.569836 0.245205 -0.784322
vn 0.585913 0.079444 0.806471
vn -0.784316 0.245209 -0.569843
vn -0.784317 0.245209 -0.569841
vn 0.806461 0.079444 0.585926
vn -0.922021 0.245211 -0.299582
vn -0.922021 0.245211 -0.299581
vn 0.948049 0.079449 0.308043
vn -0.969470 0.245210 0.000002
vn -0.969470 0.245211 0.000002
vn 0.996839 0.079448 -0.000001
vn 0.824081 0.499196 -0.267758
vn 0.701005 0.499196 -0.509309
vn 0.509309 0.499196 -0.701004
vn 0.267761 0.499196 -0.824080
vn 0.000000 0.499196 -0.866489
vn -0.267761 0.499196 -0.824080
vn -0.509310 0.499196 -0.701004
vn -0.701005 0.499196 -0.509309
vn -0.824081 0.499196 -0.267759
vn -0.866489 0.499196 0.000000
vn -0.824080 0.499196 0.267759
vn -0.701005 0.499196 0.509309
vn -0.509310 0.499196 0.701004
vn -0.267759 0.499196 0.824080
vn -0.000000 0.499196 0.866489
vn 0.267759 0.499196 0.824080
vn 0.509310 0.499197 0.701004
vn 0.701004 0.499196 0.509309
vn 0.824080 0.499196 0.267759
vn 0.866489 0.499196 0.000000
vn 0.937275 0.169623 -0.304538
vn 0.951029 0.007665 -0.309006
vn 0.808994 0.007665 -0.587767
vn 0.797294 0.169623 -0.579267
vn 0.893812 0.341701 -0.290415
vn 0.760322 0.341701 -0.552405
vn 0.587768 0.007665 -0.808993
vn 0.579267 0.169623 -0.797294
vn 0.552406 0.341701 -0.760321
vn 0.309008 0.007665 -0.951029
vn 0.304539 0.169623 -0.937275
vn 0.290417 0.341701 -0.893811
vn -0.000000 0.007665 -0.999971
vn -0.000000 0.169623 -0.985509
vn -0.000000 0.341700 -0.939809
vn -0.309008 0.007665 -0.951029
vn -0.304540 0.169623 -0.937275
vn -0.290418 0.341700 -0.893811
vn -0.587769 0.007665 -0.808993
vn -0.579268 0.169623 -0.797293
vn -0.552406 0.341700 -0.760321
vn -0.808994 0.007665 -0.587766
vn -0.797294 0.169623 -0.579267
vn -0.760322 0.341700 -0.552405
vn -0.951029 0.007665 -0.309007
vn -0.937275 0.169623 -0.304539
vn -0.893812 0.341700 -0.290416
vn -0.999971 0.007665 0.000000
vn -0.985509 0.169623 -0.000000
vn -0.939809 0.341700 0.000000
vn -0.951029 0.007665 0.309007
vn -0.937275 0.169623 0.304539
vn -0.893811 0.341701 0.290417
vn -0.808994 0.007665 0.587767
vn -0.797294 0.169623 0.579267
vn -0.760322 0.341701 0.552405
vn -0.587768 0.007665 0.808993
vn -0.579268 0.169623 0.797293
vn -0.552406 0.341701 0.760321
vn -0.309008 0.007665 0.951029
vn -0.304539 0.169624 0.937275
vn -0.290416 0.341701 0.893811
vn 0.000000 0.007665 0.999971
vn 0.000000 0.169624 0.985509
vn 0.000000 0.341701 0.939809
vn 0.309008 0.007665 0.951029
vn 0.304539 0.169624 0.937275
vn 0.290417 0.341701 0.893811
vn 0.587769 0.007665 0.808993
vn 0.579268 0.169623 0.797293
vn 0.552407 0.341701 0.760321
vn 0.808993 0.007665 0.587768
vn 0.797294 0.169623 0.579267
vn 0.760322 0.341701 0.552406
vn 0.951029 0.007665 0.309007
vn 0.937275 0.169623 0.304539
vn 0.893812 0.341700 0.290417
vn 0.999971 0.007665 0.000001
vn 0.985509 0.169623 0.000001
vn 0.939809 0.341701 0.000001
vn 0.846464 -0.455913 -0.275031
vn 0.950412 -0.036827 -0.308806
vn 0.999322 -0.036827 0.000001
vn 0.890025 -0.455913 0.000001
vn 0.720045 -0.455914 -0.523142
vn 0.808469 -0.036827 -0.587386
vn 0.950412 -0.036827 0.308807
vn 0.846463 -0.455913 0.275033
vn 0.808468 -0.036827 0.587386
vn 0.720044 -0.455914 0.523143
vn 0.587387 -0.036827 0.808468
vn 0.523142 -0.455914 0.720045
vn 0.308807 -0.036827 0.950411
vn 0.275032 -0.455915 0.846463
vn 0.000000 -0.036827 0.999322
vn -0.000000 -0.455916 0.890023
vn -0.308807 -0.036827 0.950411
vn -0.275032 -0.455915 0.846463
vn -0.587387 -0.036827 0.808468
vn -0.523142 -0.455915 0.720044
vn -0.808469 -0.036827 0.587386
vn -0.720045 -0.455914 0.523143
vn -0.950412 -0.036827 0.308807
vn -0.846463 -0.455913 0.275033
vn -0.999322 -0.036827 0.000000
vn -0.890024 -0.455913 0.000000
vn -0.950412 -0.036827 -0.308807
vn -0.846463 -0.455913 -0.275033
vn -0.808469 -0.036827 -0.587385
vn -0.720045 -0.455914 -0.523142
vn -0.587387 -0.036827 -0.808468
vn -0.523144 -0.455913 -0.720044
vn -0.308807 -0.036827 -0.950411
vn -0.275032 -0.455913 -0.846463
vn 0.000000 -0.036827 -0.999322
vn 0.000000 -0.455913 -0.890024
vn 0.308807 -0.036827 -0.950412
vn 0.275032 -0.455914 -0.846463
vn 0.587387 -0.036827 -0.808468
vn 0.523143 -0.455914 -0.720044
vn 0.683862 -0.694953 -0.222199
vn 0.581727 -0.694954 -0.422649
vn 0.422649 -0.694954 -0.581727
vn 0.222200 -0.694954 -0.683861
vn 0.000000 -0.694954 -0.719055
vn -0.222199 -0.694954 -0.683861
vn -0.422650 -0.694954 -0.581726
vn -0.581728 -0.694954 -0.422649
vn -0.683861 -0.694954 -0.222200
vn -0.719055 -0.694953 -0.000000
vn -0.683861 -0.694954 0.222201
vn -0.581727 -0.694954 0.422649
vn -0.422647 -0.694956 0.581727
vn -0.222200 -0.694956 0.683860
vn -0.000000 -0.694956 0.719052
vn 0.222200 -0.694955 0.683860
vn 0.422648 -0.694955 0.581727
vn 0.581727 -0.694954 0.422650
vn 0.683862 -0.694953 0.222201
vn 0.719055 -0.694953 0.000000
vn 0.080751 -0.994987 -0.058996
vn 0.057860 -0.995144 -0.079633
vn 0.059843 -0.994804 -0.082364
vn 0.082335 -0.994798 -0.059983
vn 0.096858 -0.994801 -0.031471
vn 0.094519 -0.995049 -0.030711
vn 0.101867 -0.994798 0.000132
vn 0.096044 -0.995377 0.000265
vn 0.087838 -0.995726 0.028539
vn 0.096826 -0.994804 0.031461
vn 0.072291 -0.996000 0.052522
vn 0.082365 -0.994804 0.059843
vn 0.051560 -0.996145 0.070964
vn 0.059842 -0.994804 0.082365
vn 0.027106 -0.996145 0.083424
vn 0.031462 -0.994804 0.096826
vn -0.000001 -0.996000 0.089356
vn 0.000000 -0.994804 0.101809
vn -0.028543 -0.995726 0.087837
vn -0.031462 -0.994804 0.096826
vn -0.059770 -0.994798 0.082490
vn -0.082393 -0.994800 0.059862
vn -0.096922 -0.994798 0.031353
vn -0.098434 -0.995144 0.000002
vn -0.101809 -0.994804 0.000000
vn -0.090625 -0.995450 -0.029444
vn -0.096827 -0.994804 -0.031461
vn -0.074938 -0.995701 -0.054442
vn -0.082366 -0.994804 -0.059841
vn -0.053569 -0.995839 -0.073727
vn -0.059843 -0.994804 -0.082364
vn -0.028162 -0.995839 -0.086673
vn -0.031461 -0.994804 -0.096825
vn 0.000002 -0.995701 -0.092626
vn 0.000000 -0.994804 -0.101808
vn 0.029447 -0.995450 -0.090623
vn 0.031461 -0.994804 -0.096825
vn 0.000606 -1.000000 -0.000181
vn -0.000025 -1.000000 0.000013
vn -0.000011 -1.000000 0.000006
vn -0.000003 -1.000000 0.000002
vn 0.000003 -1.000000 -0.000001
vn 0.000010 -1.000000 -0.000005
vn 0.000024 -1.000000 -0.000012
vn -0.926380 -0.376590 0.000000
vn -0.881040 -0.376590 0.286266
vn -0.830445 -0.487396 0.269826
vn -0.873181 -0.487396 0.000001
vn -0.881040 -0.376590 -0.286267
vn -0.830445 -0.487396 -0.269827
vn -0.749457 -0.376591 -0.544512
vn -0.706418 -0.487396 -0.513243
vn -0.544513 -0.376591 -0.749457
vn -0.513243 -0.487396 -0.706418
vn -0.286267 -0.376591 -0.881040
vn -0.269828 -0.487397 -0.830444
vn 0.000000 -0.376592 -0.926380
vn -0.000000 -0.487397 -0.873181
vn 0.286267 -0.376591 -0.881039
vn 0.269828 -0.487397 -0.830444
vn 0.544513 -0.376592 -0.749456
vn 0.513243 -0.487397 -0.706418
vn 0.749458 -0.376591 -0.544511
vn 0.706419 -0.487396 -0.513242
vn 0.881040 -0.376590 -0.286267
vn 0.830445 -0.487396 -0.269827
vn 0.926380 -0.376590 0.000000
vn 0.873181 -0.487396 -0.000000
vn 0.881040 -0.376589 0.286267
vn 0.830445 -0.487396 0.269826
vn 0.749457 -0.376589 0.544513
vn 0.706419 -0.487396 0.513242
vn 0.544514 -0.376590 0.749456
vn 0.513244 -0.487396 0.706418
vn 0.286268 -0.376590 0.881040
vn 0.269828 -0.487396 0.830444
vn -0.000000 -0.376590 0.926380
vn 0.000000 -0.487397 0.873181
vn -0.286267 -0.376590 0.881040
vn -0.269828 -0.487396 0.830445
vn -0.544513 -0.376590 0.749457
vn -0.513244 -0.487396 0.706418
vn -0.749458 -0.376590 0.544512
vn -0.706419 -0.487396 0.513242
vn 0.102029 0.994650 -0.016160
vn 0.102029 0.994650 -0.016160
vn 0.102029 0.994650 -0.016160
vn 0.102029 0.994650 -0.016160
vn 0.102029 0.994650 0.016160
vn 0.102029 0.994650 0.016160
vn 0.102029 0.994650 0.016160
vn 0.102029 0.994650 0.016160
vn 0.092042 0.994650 0.046898
vn 0.092042 0.994650 0.046898
vn 0.092042 0.994650 0.046898
vn 0.092042 0.994650 0.046898
vn 0.073045 0.994650 0.073045
vn 0.073045 0.994650 0.073045
vn 0.073045 0.994650 0.073045
vn 0.073045 0.994650 0.073045
vn 0.046898 0.994650 0.092043
vn 0.046898 0.994650 0.092043
vn 0.046898 0.994650 0.092043
vn 0.046898 0.994650 0.092043
vn 0.016161 0.994650 0.102031
vn 0.016161 0.994650 0.102031
vn 0.016161 0.994650 0.102031
vn 0.016161 0.994650 0.102031
vn -0.016161 0.994650 0.102031
vn -0.016161 0.994650 0.102031
vn -0.016161 0.994650 0.102031
vn -0.016161 0.994650 0.102031
vn -0.046898 0.994650 0.092043
vn -0.046898 0.994650 0.092043
vn -0.046898 0.994650 0.092043
vn -0.046898 0.994650 0.092043
vn -0.073045 0.994650 0.073046
vn -0.073045 0.994650 0.073046
vn -0.073045 0.994650 0.073046
vn -0.073045 0.994650 0.073046
vn -0.092043 0.994650 0.046898
vn -0.092043 0.994650 0.046898
vn -0.092043 0.994650 0.046898
vn -0.092043 0.994650 0.046898
vn -0.102029 0.994650 0.016160
vn -0.102029 0.994650 0.016160
vn -0.102029 0.994650 0.016160
vn -0.102029 0.994650 0.016160
vn -0.102029 0.994650 -0.016160
vn -0.102029 0.994650 -0.016160
vn -0.102029 0.994650 -0.016160
vn -0.102029 0.994650 -0.016160
vn -0.092042 0.994650 -0.046898
vn -0.092042 0.994650 -0.046898
vn -0.092042 0.994650 -0.046898
vn -0.092042 0.994650 -0.046898
vn -0.073045 0.994650 -0.073045
vn -0.073045 0.994650 -0.073045
vn -0.073045 0.994650 -0.073045
vn -0.073045 0.994650 -0.073045
vn -0.046898 0.994650 -0.092042
vn -0.046898 0.994650 -0.092042
vn -0.046898 0.994650 -0.092042
vn -0.046898 0.994650 -0.092042
vn -0.016160 0.994650 -0.102030
vn -0.016160 0.994650 -0.102030
vn -0.016160 0.994650 -0.102030
vn -0.016160 0.994650 -0.102030
vn 0.016160 0.994650 -0.102030
vn 0.016160 0.994650 -0.102030
vn 0.016160 0.994650 -0.102030
vn 0.016160 0.994650 -0.102030
vn 0.046898 0.994650 -0.092042
vn 0.046898 0.994650 -0.092042
vn 0.046898 0.994650 -0.092042
vn 0.046898 0.994650 -0.092042
vn 0.073045 0.994650 -0.073046
vn 0.073045 0.994650 -0.073046
vn 0.073045 0.994650 -0.073046
vn 0.073045 0.994650 -0.073046
vn 0.092042 0.994650 -0.046897
vn 0.092042 0.994650 -0.046897
vn 0.092042 0.994650 -0.046897
vn 0.092042 0.994650 -0.046897
vn 0.095797 0.994914 -0.031128
vn 0.081114 0.994961 -0.058933
vn 0.057339 0.995231 -0.078917
vn 0.000002 1.000000 -0.000001
vn 0.882951 0.371610 -0.286887
vn 0.882951 0.371610 -0.286887
vn 0.928389 0.371610 0.000000
vn 0.928389 0.371610 0.000000
vn 0.882950 0.371609 0.286890
vn 0.882950 0.371609 0.286890
vn 0.751083 0.371609 0.545694
vn 0.751083 0.371609 0.545694
vn 0.545696 0.371611 0.751080
vn 0.545696 0.371611 0.751080
vn 0.286888 0.371610 0.882950
vn 0.286888 0.371610 0.882950
vn -0.000000 0.371610 0.928389
vn -0.000000 0.371610 0.928389
vn -0.286888 0.371610 0.882950
vn -0.286888 0.371610 0.882951
vn -0.545696 0.371610 0.751081
vn -0.545696 0.371610 0.751081
vn -0.751083 0.371609 0.545693
vn -0.751083 0.371609 0.545693
vn -0.882950 0.371610 0.286890
vn -0.882950 0.371610 0.286890
vn -0.928389 0.371610 -0.000000
vn -0.928389 0.371610 -0.000000
vn -0.882951 0.371610 -0.286888
vn -0.882951 0.371610 -0.286888
vn -0.751084 0.371610 -0.545692
vn -0.751083 0.371610 -0.545692
vn -0.545695 0.371610 -0.751081
vn -0.545695 0.371610 -0.751081
vn -0.286888 0.371610 -0.882950
vn -0.286888 0.371610 -0.882950
vn 0.000000 0.371610 -0.928389
vn 0.000000 0.371610 -0.928389
vn 0.286887 0.371610 -0.882950
vn 0.286887 0.371610 -0.882950
vn 0.545695 0.371610 -0.751081
vn 0.545695 0.371610 -0.751082
vn 0.751083 0.371610 -0.545692
vn 0.751083 0.371610 -0.545692
vn -0.856717 -0.434224 0.278363
vn -0.856717 -0.434224 0.278363
vn -0.728765 -0.434223 0.529483
vn -0.728765 -0.434223 0.529483
vn -0.529482 -0.434223 0.728766
vn -0.529482 -0.434223 0.728766
vn -0.278365 -0.434220 0.856718
vn -0.278365 -0.434220 0.856718
vn 0.000000 -0.434219 0.900807
vn -0.000000 -0.434219 0.900807
vn 0.278366 -0.434221 0.856718
vn 0.278366 -0.434221 0.856718
vn 0.529482 -0.434223 0.728766
vn 0.529482 -0.434223 0.728766
vn 0.728765 -0.434223 0.529483
vn 0.728765 -0.434223 0.529483
vn 0.856717 -0.434224 0.278363
vn 0.856717 -0.434224 0.278363
vn 0.900805 -0.434223 0.000001
vn 0.900805 -0.434223 0.000001
vn 0.856717 -0.434223 -0.278364
vn 0.856717 -0.434223 -0.278364
vn 0.728768 -0.434221 -0.529481
vn 0.728768 -0.434221 -0.529480
vn 0.529480 -0.434222 -0.728767
vn 0.529480 -0.434222 -0.728767
vn 0.278363 -0.434222 -0.856718
vn 0.278363 -0.434222 -0.856718
vn 0.000000 -0.434223 -0.900806
vn 0.000000 -0.434223 -0.900806
vn -0.278364 -0.434223 -0.856717
vn -0.278364 -0.434223 -0.856717
vn -0.529481 -0.434222 -0.728767
vn -0.529481 -0.434222 -0.728767
vn -0.728768 -0.434220 -0.529481
vn -0.728769 -0.434220 -0.529480
vn -0.856717 -0.434222 -0.278365
vn -0.856717 -0.434222 -0.278365
vn -0.900805 -0.434223 -0.000001
vn -0.900805 -0.434223 -0.000001
vn -0.951057 0.000000 0.309017
vn -0.950075 -0.045424 0.308699
vn -0.808180 -0.045424 0.587181
vn -0.809015 0.000000 0.587788
vn -0.587180 -0.045425 0.808181
vn -0.587788 0.000000 0.809015
vn -0.308698 -0.045426 0.950075
vn -0.309018 0.000000 0.951056
vn -0.000001 -0.045426 0.998968
vn 0.000000 0.000000 1.000000
vn 0.308698 -0.045424 0.950075
vn 0.309018 0.000000 0.951056
vn 0.587181 -0.045423 0.808181
vn 0.587788 0.000000 0.809015
vn 0.808180 -0.045423 0.587181
vn 0.809015 0.000000 0.587788
vn 0.950075 -0.045424 0.308698
vn 0.951056 0.000000 0.309017
vn 0.998968 -0.045423 0.000000
vn 1.000000 0.000000 0.000000
vn 0.950075 -0.045423 -0.308698
vn 0.951057 0.000000 -0.309017
vn 0.808181 -0.045423 -0.587180
vn 0.809016 0.000000 -0.587787
vn 0.587173 -0.045423 -0.808186
vn 0.587781 0.000000 -0.809020
vn 0.308701 -0.045424 -0.950074
vn 0.309021 0.000000 -0.951055
vn 0.000000 -0.045424 -0.998968
vn 0.000000 0.000000 -1.000000
vn -0.308701 -0.045423 -0.950074
vn -0.309021 0.000000 -0.951055
vn -0.587174 -0.045423 -0.808186
vn -0.587781 0.000000 -0.809020
vn -0.808181 -0.045423 -0.587180
vn -0.809016 0.000000 -0.587787
vn -0.950075 -0.045423 -0.308698
vn -0.951057 0.000000 -0.309017
vn -0.998968 -0.045423 -0.000000
vn -1.000000 0.000000 -0.000000
vn 0.183864 0.978476 -0.093692
vn 0.183864 0.978476 -0.093692
vn 0.183864 0.978476 -0.093692
vn 0.183864 0.978476 -0.093692
vn 0.183860 -0.978478 -0.093682
vn 0.183859 -0.978478 -0.093682
vn 0.183860 -0.978478 -0.093682
vn 0.183859 -0.978478 -0.093682
vn 0.145918 0.978476 -0.145920
vn 0.145918 0.978476 -0.145920
vn 0.145918 0.978476 -0.145920
vn 0.145918 0.978476 -0.145920
vn 0.145912 -0.978478 -0.145913
vn 0.145912 -0.978478 -0.145913
vn 0.145912 -0.978478 -0.145913
vn 0.145912 -0.978478 -0.145913
vn 0.093685 0.978477 -0.183865
vn 0.093685 0.978477 -0.183865
vn 0.093685 0.978477 -0.183865
vn 0.093685 0.978477 -0.183865
vn 0.093679 -0.978478 -0.183863
vn 0.093679 -0.978478 -0.183863
vn 0.093679 -0.978478 -0.183863
vn 0.093679 -0.978478 -0.183863
vn 0.032282 0.978476 -0.203818
vn 0.032282 0.978477 -0.203818
vn 0.032282 0.978477 -0.203818
vn 0.032282 0.978476 -0.203818
vn 0.032283 -0.978478 -0.203811
vn 0.032283 -0.978478 -0.203811
vn 0.032283 -0.978478 -0.203811
vn 0.032283 -0.978478 -0.203811
vn -0.032282 0.978476 -0.203818
vn -0.032282 0.978477 -0.203818
vn -0.032282 0.978477 -0.203818
vn -0.032282 0.978476 -0.203818
vn -0.032281 -0.978480 -0.203801
vn -0.032281 -0.978480 -0.203801
vn -0.032281 -0.978480 -0.203801
vn -0.032281 -0.978480 -0.203801
vn -0.093685 0.978477 -0.183865
vn -0.093685 0.978477 -0.183865
vn -0.093685 0.978477 -0.183865
vn -0.093685 0.978477 -0.183865
vn -0.093680 -0.978478 -0.183864
vn -0.093680 -0.978477 -0.183864
vn -0.093680 -0.978478 -0.183864
vn -0.093680 -0.978478 -0.183864
vn -0.145918 0.978476 -0.145921
vn -0.145918 0.978476 -0.145921
vn -0.145918 0.978476 -0.145921
vn -0.145918 0.978476 -0.145921
vn -0.145912 -0.978478 -0.145913
vn -0.145912 -0.978478 -0.145913
vn -0.145912 -0.978478 -0.145913
vn -0.145912 -0.978478 -0.145913
vn -0.183865 0.978477 -0.093681
vn -0.183865 0.978477 -0.093681
vn -0.183865 0.978477 -0.093681
vn -0.183865 0.978477 -0.093681
vn -0.183860 -0.978478 -0.093681
vn -0.183860 -0.978478 -0.093682
vn -0.183860 -0.978478 -0.093681
vn -0.183860 -0.978478 -0.093682
vn -0.203817 0.978477 -0.032275
vn -0.203817 0.978477 -0.032275
vn -0.203817 0.978477 -0.032275
vn -0.203817 0.978477 -0.032275
vn -0.203808 -0.978479 -0.032277
vn -0.203808 -0.978479 -0.032277
vn -0.203808 -0.978479 -0.032277
vn -0.203808 -0.978479 -0.032277
vn -0.203816 0.978477 0.032276
vn -0.203816 0.978477 0.032276
vn -0.203816 0.978477 0.032276
vn -0.203816 0.978477 0.032276
vn -0.203809 -0.978479 0.032271
vn -0.203809 -0.978479 0.032271
vn -0.203809 -0.978479 0.032271
vn -0.203809 -0.978479 0.032271
vn -0.183865 0.978476 0.093690
vn -0.183865 0.978476 0.093690
vn -0.183865 0.978476 0.093690
vn -0.183865 0.978476 0.093690
vn -0.183858 -0.978478 0.093687
vn -0.183858 -0.978478 0.093687
vn -0.183858 -0.978478 0.093687
vn -0.183858 -0.978478 0.093687
vn -0.145917 0.978476 0.145922
vn -0.145917 0.978476 0.145922
vn -0.145917 0.978476 0.145922
vn -0.145917 0.978476 0.145922
vn -0.145909 -0.978479 0.145910
vn -0.145909 -0.978479 0.145910
vn -0.145909 -0.978479 0.145910
vn -0.145909 -0.978479 0.145910
vn -0.093684 0.978476 0.183868
vn -0.093684 0.978476 0.183868
vn -0.093684 0.978476 0.183868
vn -0.093684 0.978476 0.183868
vn -0.093678 -0.978478 0.183863
vn -0.093678 -0.978478 0.183863
vn -0.093678 -0.978478 0.183863
vn -0.093678 -0.978478 0.183863
vn -0.032284 0.978477 0.203816
vn -0.032284 0.978477 0.203816
vn -0.032284 0.978477 0.203816
vn -0.032284 0.978477 0.203816
vn -0.032284 -0.978478 0.203811
vn -0.032284 -0.978478 0.203811
vn -0.032284 -0.978478 0.203811
vn -0.032284 -0.978478 0.203811
vn 0.032284 0.978477 0.203816
vn 0.032284 0.978477 0.203816
vn 0.032284 0.978477 0.203816
vn 0.032284 0.978477 0.203816
vn 0.032284 -0.978478 0.203810
vn 0.032284 -0.978478 0.203810
vn 0.032284 -0.978478 0.203810
vn 0.032284 -0.978478 0.203810
vn 0.093684 0.978476 0.183868
vn 0.093684 0.978476 0.183868
vn 0.093684 0.978476 0.183868
vn 0.093684 0.978476 0.183868
vn 0.093678 -0.978478 0.183864
vn 0.093678 -0.978478 0.183864
vn 0.093678 -0.978478 0.183864
vn 0.093678 -0.978478 0.183864
vn 0.145917 0.978477 0.145917
vn 0.145917 0.978477 0.145917
vn 0.145917 0.978477 0.145917
vn 0.145917 0.978477 0.145917
vn 0.145909 -0.978480 0.145905
vn 0.145909 -0.978480 0.145905
vn 0.145909 -0.978480 0.145905
vn 0.145909 -0.978480 0.145905
vn 0.183866 0.978476 0.093690
vn 0.183866 0.978476 0.093690
vn 0.183866 0.978476 0.093690
vn 0.183866 0.978476 0.093690
vn 0.183858 -0.978478 0.093687
vn 0.183858 -0.978478 0.093687
vn 0.183858 -0.978478 0.093687
vn 0.183858 -0.978478 0.093687
vn 0.203817 0.978477 0.032276
vn 0.203817 0.978477 0.032276
vn 0.203817 0.978477 0.032276
vn 0.203817 0.978477 0.032276
vn 0.203808 -0.978479 0.032277
vn 0.203808 -0.978479 0.032277
vn 0.203808 -0.978479 0.032277
vn 0.203808 -0.978479 0.032277
vn 0.203817 0.978477 -0.032275
vn 0.203817 0.978477 -0.032275
vn 0.203817 0.978477 -0.032275
vn 0.203817 0.978477 -0.032275
vn 0.203808 -0.978479 -0.032277
vn 0.203808 -0.978479 -0.032277
vn 0.203808 -0.978479 -0.032277
vn 0.203808 -0.978479 -0.032277
vn 0.806253 0.082572 -0.585779
vn 0.806252 0.082572 -0.585781
vn 0.947809 0.082574 -0.307959
vn 0.947809 0.082574 -0.307961
vn -0.947809 -0.082573 0.307961
vn -0.806253 -0.082572 0.585780
vn 0.585777 0.082575 -0.806255
vn 0.585778 0.082575 -0.806254
vn -0.585779 -0.082574 0.806253
vn 0.307967 0.082579 -0.947807
vn 0.307967 0.082579 -0.947806
vn -0.307961 -0.082576 0.947809
vn 0.000003 0.082578 -0.996585
vn 0.000003 0.082578 -0.996585
vn -0.000002 -0.082575 0.996585
vn -0.307965 0.082575 -0.947807
vn -0.307965 0.082575 -0.947807
vn 0.307961 -0.082573 0.947809
vn -0.585778 0.082571 -0.806255
vn -0.585778 0.082571 -0.806255
vn 0.585779 -0.082571 0.806254
vn -0.806253 0.082571 -0.585780
vn -0.806252 0.082571 -0.585781
vn 0.806253 -0.082571 0.585780
vn -0.947809 0.082573 -0.307960
vn -0.947810 0.082573 -0.307959
vn 0.947809 -0.082571 0.307960
vn -0.996585 0.082573 -0.000000
vn -0.996585 0.082573 0.000000
vn 0.996585 -0.082571 0.000000
vn -0.947809 0.082573 0.307962
vn -0.947809 0.082573 0.307962
vn 0.947809 -0.082571 -0.307961
vn -0.806253 0.082574 0.585780
vn -0.806253 0.082574 0.585779
vn 0.806254 -0.082570 -0.585779
vn -0.585774 0.082576 0.806257
vn -0.585775 0.082576 0.806256
vn 0.585772 -0.082570 -0.806259
vn -0.307965 0.082575 0.947807
vn -0.307965 0.082575 0.947807
vn 0.307964 -0.082571 -0.947808
vn 0.000000 0.082574 0.996585
vn 0.000000 0.082574 0.996585
vn 0.000000 -0.082573 -0.996585
vn 0.307965 0.082576 0.947807
vn 0.307965 0.082576 0.947807
vn -0.307964 -0.082571 -0.947808
vn 0.585773 0.082577 0.806258
vn 0.585774 0.082577 0.806257
vn -0.585772 -0.082570 -0.806259
vn 0.806253 0.082575 0.585780
vn 0.806253 0.082575 0.585780
vn -0.806254 -0.082570 -0.585779
vn 0.947809 0.082574 0.307962
vn 0.947808 0.082574 0.307962
vn -0.947809 -0.082570 -0.307961
vn 0.996585 0.082573 0.000000
vn 0.996585 0.082573 0.000001
vn -0.996585 -0.082571 -0.000001
vn -0.815401 -0.514713 0.264938
vn -0.693622 -0.514713 0.503944
vn -0.503945 -0.514712 0.693621
vn -0.264940 -0.514712 0.815401
vn 0.000000 -0.514712 0.857363
vn 0.264940 -0.514712 0.815401
vn 0.503946 -0.514712 0.693621
vn 0.693622 -0.514712 0.503944
vn 0.815401 -0.514712 0.264939
vn 0.857363 -0.514712 -0.000000
vn 0.815401 -0.514712 -0.264939
vn 0.693622 -0.514712 -0.503945
vn 0.503946 -0.514712 -0.693621
vn 0.264939 -0.514712 -0.815401
vn -0.000000 -0.514711 -0.857363
vn -0.264939 -0.514712 -0.815401
vn -0.503946 -0.514712 -0.693621
vn -0.693621 -0.514712 -0.503946
vn -0.815401 -0.514712 -0.264940
vn -0.857363 -0.514712 -0.000000
vn -0.936347 -0.175198 0.304236
vn -0.796505 -0.175198 0.578693
vn -0.808993 -0.007755 0.587767
vn -0.951028 -0.007755 0.309006
vn -0.756878 -0.353189 0.549903
vn -0.889763 -0.353189 0.289100
vn -0.578694 -0.175198 0.796504
vn -0.587768 -0.007755 0.808993
vn -0.549904 -0.353189 0.756878
vn -0.304237 -0.175198 0.936347
vn -0.309007 -0.007755 0.951028
vn -0.289101 -0.353188 0.889763
vn -0.000000 -0.175198 0.984533
vn 0.000000 -0.007755 0.999970
vn 0.000000 -0.353188 0.935552
vn 0.304238 -0.175198 0.936347
vn 0.309008 -0.007755 0.951028
vn 0.289102 -0.353188 0.889763
vn 0.578695 -0.175198 0.796504
vn 0.587768 -0.007755 0.808992
vn 0.549905 -0.353188 0.756877
vn 0.796505 -0.175198 0.578693
vn 0.808994 -0.007755 0.587766
vn 0.756879 -0.353188 0.549903
vn 0.936347 -0.175198 0.304237
vn 0.951028 -0.007755 0.309007
vn 0.889763 -0.353188 0.289101
vn 0.984533 -0.175198 0.000000
vn 0.999970 -0.007755 0.000000
vn 0.935552 -0.353188 0.000000
vn 0.936347 -0.175198 -0.304237
vn 0.951028 -0.007755 -0.309007
vn 0.889763 -0.353188 -0.289101
vn 0.796505 -0.175198 -0.578693
vn 0.808993 -0.007755 -0.587767
vn 0.756878 -0.353188 -0.549903
vn 0.578695 -0.175199 -0.796504
vn 0.587768 -0.007755 -0.808992
vn 0.549904 -0.353189 -0.756877
vn 0.304237 -0.175199 -0.936347
vn 0.309008 -0.007755 -0.951028
vn 0.289101 -0.353189 -0.889763
vn -0.000000 -0.175199 -0.984533
vn -0.000000 -0.007755 -0.999970
vn -0.000000 -0.353189 -0.935552
vn -0.304238 -0.175199 -0.936347
vn -0.309008 -0.007755 -0.951028
vn -0.289101 -0.353189 -0.889763
vn -0.578695 -0.175198 -0.796504
vn -0.587768 -0.007755 -0.808992
vn -0.549904 -0.353188 -0.756877
vn -0.796505 -0.175198 -0.578694
vn -0.808993 -0.007755 -0.587767
vn -0.756878 -0.353188 -0.549904
vn -0.936347 -0.175198 -0.304237
vn -0.951028 -0.007755 -0.309007
vn -0.889763 -0.353188 -0.289102
vn -0.984533 -0.175198 -0.000002
vn -0.999970 -0.007755 -0.000001
vn -0.935552 -0.353188 -0.000001
vn -0.844593 0.459733 0.274424
vn -0.888057 0.459733 -0.000001
vn -0.999350 0.036051 -0.000001
vn -0.950439 0.036051 0.308815
vn -0.808492 0.036051 0.587402
vn -0.718454 0.459733 0.521986
vn -0.844593 0.459733 -0.274425
vn -0.950438 0.036051 -0.308816
vn -0.718453 0.459733 -0.521987
vn -0.808491 0.036051 -0.587403
vn -0.521986 0.459734 -0.718453
vn -0.587404 0.036051 -0.808491
vn -0.274425 0.459734 -0.844592
vn -0.308816 0.036051 -0.950438
vn -0.000000 0.459736 -0.888056
vn -0.000000 0.036051 -0.999350
vn 0.274424 0.459734 -0.844592
vn 0.308816 0.036051 -0.950438
vn 0.521986 0.459734 -0.718453
vn 0.587404 0.036051 -0.808491
vn 0.718453 0.459734 -0.521986
vn 0.808492 0.036051 -0.587402
vn 0.844593 0.459733 -0.274425
vn 0.950438 0.036051 -0.308816
vn 0.888057 0.459733 0.000000
vn 0.999350 0.036051 -0.000000
vn 0.844593 0.459733 0.274425
vn 0.950438 0.036051 0.308815
vn 0.718454 0.459733 0.521986
vn 0.808492 0.036051 0.587402
vn 0.521988 0.459733 0.718453
vn 0.587404 0.036051 0.808490
vn 0.274424 0.459733 0.844593
vn 0.308816 0.036051 0.950438
vn 0.000000 0.459733 0.888057
vn -0.000000 0.036051 0.999350
vn -0.274424 0.459734 0.844593
vn -0.308815 0.036051 0.950438
vn -0.521987 0.459734 0.718453
vn -0.587403 0.036051 0.808491
vn -0.670853 0.708833 0.217973
vn -0.570662 0.708833 0.414609
vn -0.414610 0.708834 0.570661
vn -0.217973 0.708833 0.670852
vn 0.000000 0.708833 0.705376
vn 0.217973 0.708833 0.670853
vn 0.414610 0.708834 0.570661
vn 0.570662 0.708833 0.414609
vn 0.670853 0.708833 0.217973
vn 0.705377 0.708833 0.000000
vn 0.670852 0.708833 -0.217974
vn 0.570661 0.708834 -0.414609
vn 0.414607 0.708835 -0.570661
vn 0.217973 0.708835 -0.670851
vn -0.000000 0.708836 -0.705374
vn -0.217973 0.708835 -0.670851
vn -0.414607 0.708835 -0.570661
vn -0.570661 0.708834 -0.414610
vn -0.670853 0.708833 -0.217974
vn -0.705377 0.708832 -0.000000
vn -0.786294 -0.562557 0.255481
vn -0.786294 -0.562557 0.255481
vn -0.826759 -0.562557 0.000001
vn -0.826759 -0.562557 0.000001
vn -0.786294 -0.562558 -0.255482
vn -0.786294 -0.562558 -0.255483
vn -0.668862 -0.562558 -0.485956
vn -0.668862 -0.562558 -0.485956
vn -0.485957 -0.562558 -0.668860
vn -0.485957 -0.562558 -0.668860
vn -0.255482 -0.562557 -0.786294
vn -0.255482 -0.562557 -0.786294
vn -0.000000 -0.562558 -0.826758
vn -0.000000 -0.562558 -0.826758
vn 0.255481 -0.562558 -0.786294
vn 0.255481 -0.562558 -0.786294
vn 0.485958 -0.562559 -0.668859
vn 0.485958 -0.562559 -0.668859
vn 0.668862 -0.562557 -0.485955
vn 0.668862 -0.562557 -0.485955
vn 0.786294 -0.562557 -0.255482
vn 0.786294 -0.562557 -0.255483
vn 0.826759 -0.562557 0.000001
vn 0.826759 -0.562557 0.000001
vn 0.786294 -0.562557 0.255481
vn 0.786294 -0.562557 0.255481
vn 0.668861 -0.562557 0.485958
vn 0.668860 -0.562557 0.485958
vn 0.485957 -0.562557 0.668861
vn 0.485957 -0.562557 0.668862
vn 0.255483 -0.562557 0.786294
vn 0.255483 -0.562557 0.786294
vn 0.000000 -0.562558 0.826758
vn 0.000000 -0.562558 0.826758
vn -0.255481 -0.562558 0.786293
vn -0.255481 -0.562558 0.786294
vn -0.485956 -0.562558 0.668861
vn -0.485956 -0.562558 0.668861
vn -0.668861 -0.562558 0.485957
vn -0.668861 -0.562558 0.485957
vn -0.081491 0.994914 0.059205
vn -0.082379 0.994802 0.059850
vn -0.059852 0.994802 0.082377
vn -0.058404 0.995051 0.080384
vn -0.096842 0.994802 0.031466
vn -0.095354 0.994961 0.030982
vn -0.101825 0.994802 0.000001
vn -0.097548 0.995231 0.000001
vn -0.089976 0.995515 -0.029235
vn -0.096841 0.994802 -0.031466
vn -0.074604 0.995739 -0.054204
vn -0.082378 0.994802 -0.059852
vn -0.053428 0.995860 -0.073537
vn -0.059852 0.994802 -0.082378
vn -0.028090 0.995860 -0.086447
vn -0.031467 0.994802 -0.096841
vn -0.000000 0.995739 -0.092215
vn -0.000000 0.994802 -0.101825
vn 0.029236 0.995515 -0.089975
vn 0.031467 0.994802 -0.096841
vn 0.059853 0.994802 -0.082378
vn 0.082379 0.994802 -0.059852
vn 0.096842 0.994802 -0.031467
vn 0.099362 0.995051 -0.000000
vn 0.101825 0.994802 -0.000000
vn 0.092205 0.995289 0.029959
vn 0.096842 0.994802 0.031466
vn 0.076756 0.995489 0.055765
vn 0.082380 0.994802 0.059850
vn 0.055076 0.995601 0.075803
vn 0.059852 0.994802 0.082377
vn 0.028954 0.995601 0.089112
vn 0.031466 0.994802 0.096841
vn -0.000000 0.995489 0.094874
vn -0.000000 0.994802 0.101824
vn -0.029959 0.995289 0.092204
vn -0.031466 0.994802 0.096841
vn -0.000002 1.000000 0.000001
vn -0.000000 1.000000 0.000000
vn 0.000000 1.000000 -0.000001
vn -0.000000 1.000000 -0.000000
vn 0.000000 1.000000 -0.000000
vn 0.000001 1.000000 -0.000000
vn 0.000001 1.000000 -0.000000
vn 0.224257 -0.960813 -0.162934
vn 0.263628 -0.960814 -0.085658
vn 0.263627 -0.960814 -0.085659
vn 0.224257 -0.960813 -0.162933
vn 0.162939 -0.960812 -0.224255
vn 0.162940 -0.960812 -0.224255
vn 0.085665 -0.960807 -0.263650
vn 0.085664 -0.960807 -0.263650
vn 0.000000 -0.960806 -0.277221
vn -0.000001 -0.960806 -0.277221
vn -0.085665 -0.960808 -0.263645
vn -0.085664 -0.960808 -0.263645
vn -0.162936 -0.960811 -0.224262
vn -0.162936 -0.960811 -0.224262
vn -0.224254 -0.960814 -0.162932
vn -0.224255 -0.960814 -0.162930
vn -0.263628 -0.960814 -0.085661
vn -0.263628 -0.960814 -0.085662
vn -0.277195 -0.960814 -0.000006
vn -0.277195 -0.960814 -0.000006
vn -0.263634 -0.960813 0.085653
vn -0.263634 -0.960813 0.085653
vn -0.224267 -0.960811 0.162933
vn -0.224267 -0.960811 0.162934
vn -0.162939 -0.960808 0.224275
vn -0.162940 -0.960808 0.224275
vn -0.085662 -0.960806 0.263654
vn -0.085661 -0.960806 0.263654
vn 0.000000 -0.960808 0.277214
vn 0.000000 -0.960808 0.277214
vn 0.085662 -0.960811 0.263635
vn 0.085661 -0.960811 0.263635
vn 0.162940 -0.960811 0.224262
vn 0.162941 -0.960811 0.224262
vn 0.224266 -0.960811 0.162933
vn 0.224266 -0.960811 0.162933
vn 0.263633 -0.960813 0.085653
vn 0.263632 -0.960813 0.085653
vn 0.277196 -0.960814 0.000003
vn 0.277196 -0.960814 0.000003
s 1
g group1 pCylinder5 polySurface9
usemtl standardSurface2SG
f 1902/2099/2753 1901/1733/2754 1903/1734/2755 1904/2098/2756
f 1906/2100/2757 1905/1735/2758 1901/1733/2754 1902/2099/2753
f 1908/2101/2759 1907/1736/2760 1905/1735/2758 1906/2100/2757
f 1910/2102/2761 1909/1737/2762 1907/1736/2760 1908/2101/2759
f 1912/2103/2763 1911/1738/2764 1909/1737/2762 1910/2102/2761
f 1914/2104/2765 1913/1739/2766 1911/1738/2764 1912/2103/2763
f 1916/2105/2767 1915/1740/2768 1913/1739/2766 1914/2104/2765
f 1918/2106/2769 1917/1741/2770 1915/1740/2768 1916/2105/2767
f 1920/2107/2771 1919/1742/2772 1917/1741/2770 1918/2106/2769
f 1922/2108/2773 1921/1743/2774 1919/1742/2772 1920/2107/2771
f 1924/2109/2775 1923/1744/2776 1921/1743/2774 1922/2108/2773
f 1926/2110/2777 1925/1745/2778 1923/1744/2776 1924/2109/2775
f 1928/2111/2779 1927/1746/2780 1925/1745/2778 1926/2110/2777
f 1930/2112/2781 1929/1747/2782 1927/1746/2780 1928/2111/2779
f 1932/2113/2783 1931/1748/2784 1929/1747/2782 1930/2112/2781
f 1934/2114/2785 1933/1749/2786 1931/1748/2784 1932/2113/2783
f 1936/2115/2787 1935/1750/2788 1933/1749/2786 1934/2114/2785
f 1938/2116/2789 1937/1751/2790 1935/1750/2788 1936/2115/2787
f 1940/2117/2791 1939/1752/2792 1937/1751/2790 1938/2116/2789
f 1904/2098/2756 1903/1734/2755 1939/1752/2792 1940/2117/2791
s off
f 1942/1753/2793 1941/1754/2794 1943/1755/2795 1944/1756/2796
f 1941/1754/2797 1945/1757/2798 1946/1758/2799 1943/1755/2800
f 1945/1757/2801 1947/1759/2802 1948/1760/2803 1946/1758/2804
f 1947/1759/2805 1949/1761/2806 1950/1762/2807 1948/1760/2808
f 1949/1761/2809 1951/1763/2810 1952/1764/2811 1950/1762/2812
f 1951/1763/2813 1953/1765/2814 1954/1766/2815 1952/1764/2816
f 1953/1765/2817 1955/1767/2818 1956/1768/2819 1954/1766/2820
f 1955/1767/2821 1957/1769/2822 1958/1770/2823 1956/1768/2824
f 1957/1769/2825 1959/1771/2826 1960/1772/2827 1958/1770/2828
f 1959/1771/2829 1961/1773/2830 1962/1774/2831 1960/1772/2832
f 1961/1773/2833 1963/1775/2834 1964/1776/2835 1962/1774/2836
f 1963/1775/2837 1965/1777/2838 1966/1778/2839 1964/1776/2840
f 1965/1777/2841 1967/1779/2842 1968/1780/2843 1966/1778/2844
f 1967/1779/2845 1969/1781/2846 1970/1782/2847 1968/1780/2848
f 1969/1781/2849 1971/1783/2850 1972/1784/2851 1970/1782/2852
f 1971/1783/2853 1973/1785/2854 1974/1786/2855 1972/1784/2856
f 1973/1785/2857 1975/1787/2858 1976/1788/2859 1974/1786/2860
f 1975/1787/2861 1977/1789/2862 1978/1790/2863 1976/1788/2864
f 1977/1789/2865 1979/1791/2866 1980/1792/2867 1978/1790/2868
f 1979/1791/2869 1942/1753/2870 1944/1756/2871 1980/1792/2872
s 2
f 1981/2129/2873 1982/2138/2874 1983/2127/2875 1984/2128/2876
s 3
f 1944/1756/2877 1943/1755/2878 1985/1793/2879 1986/1795/2880
f 1943/1755/2878 1946/1758/2881 1987/1794/2882 1985/1793/2879
f 1946/1758/2881 1948/1760/2883 1988/1797/2884 1987/1794/2882
f 1948/1760/2883 1950/1762/2885 1989/1798/2886 1988/1797/2884
f 1950/1762/2885 1952/1764/2887 1990/1799/2888 1989/1798/2886
f 1952/1764/2887 1954/1766/2889 1991/1800/2890 1990/1799/2888
f 1954/1766/2889 1956/1768/2891 1992/1801/2892 1991/1800/2890
f 1956/1768/2891 1958/1770/2893 1993/1802/2894 1992/1801/2892
f 1958/1770/2893 1960/1772/2895 1994/1803/2896 1993/1802/2894
f 1960/1772/2895 1962/1774/2897 1995/1804/2898 1994/1803/2896
f 1962/1774/2897 1964/1776/2899 1996/1805/2900 1995/1804/2898
f 1964/1776/2899 1966/1778/2901 1997/1806/2902 1996/1805/2900
f 1966/1778/2901 1968/1780/2903 1998/1807/2904 1997/1806/2902
f 1968/1780/2903 1970/1782/2905 1999/1808/2906 1998/1807/2904
f 1970/1782/2905 1972/1784/2907 2000/1809/2908 1999/1808/2906
f 1972/1784/2907 1974/1786/2909 2001/1810/2910 2000/1809/2908
f 1974/1786/2909 1976/1788/2911 2002/1811/2912 2001/1810/2910
f 1976/1788/2911 1978/1790/2913 2003/1812/2914 2002/1811/2912
f 1978/1790/2913 1980/1792/2915 2004/1796/2916 2003/1812/2914
f 1980/1792/2915 1944/1756/2877 1986/1795/2880 2004/1796/2916
s 4
f 2005/1813/2917 2006/1814/2918 1904/2098/2919 1940/2117/2920
f 2007/1815/2921 2005/1813/2917 1940/2117/2920 1938/2116/2922
f 2008/1816/2923 2007/1815/2921 1938/2116/2922 1936/2115/2924
f 2009/1817/2925 2008/1816/2923 1936/2115/2924 1934/2114/2926
f 2010/1818/2927 2009/1817/2925 1934/2114/2926 1932/2113/2928
f 2011/1819/2929 2010/1818/2927 1932/2113/2928 1930/2112/2930
f 2012/1820/2931 2011/1819/2929 1930/2112/2930 1928/2111/2932
f 2013/1821/2933 2012/1820/2931 1928/2111/2932 1926/2110/2934
f 2014/1822/2935 2013/1821/2933 1926/2110/2934 1924/2109/2936
f 2015/1823/2937 2014/1822/2935 1924/2109/2936 1922/2108/2938
f 2016/1824/2939 2015/1823/2937 1922/2108/2938 1920/2107/2940
f 2017/1825/2941 2016/1824/2939 1920/2107/2940 1918/2106/2942
f 2018/1826/2943 2017/1825/2941 1918/2106/2942 1916/2105/2944
f 2019/1827/2945 2018/1826/2943 1916/2105/2944 1914/2104/2946
f 2020/1828/2947 2019/1827/2945 1914/2104/2946 1912/2103/2948
f 2021/1829/2949 2020/1828/2947 1912/2103/2948 1910/2102/2950
f 2022/1830/2951 2021/1829/2949 1910/2102/2950 1908/2101/2952
f 2023/1831/2953 2022/1830/2951 1908/2101/2952 1906/2100/2954
f 2024/1832/2955 2023/1831/2953 1906/2100/2954 1902/2099/2956
f 2006/1814/2918 2024/1832/2955 1902/2099/2956 1904/2098/2919
s 5
f 2025/1833/2957 2026/1834/2958 2027/1835/2959 2028/1836/2960
f 2026/1834/2958 2029/1837/2961 2030/1838/2962 2027/1835/2959
f 2029/1837/2961 2031/1839/2963 2032/1840/2964 2030/1838/2962
f 2031/1839/2963 2033/1841/2965 2034/1842/2966 2032/1840/2964
f 2033/1841/2965 2035/1843/2967 2036/1844/2968 2034/1842/2966
f 2035/1843/2967 2037/1845/2969 2038/1846/2970 2036/1844/2968
f 2037/1845/2969 2039/1847/2971 2040/1848/2972 2038/1846/2970
f 2039/1847/2971 2041/1849/2973 2042/1850/2974 2040/1848/2972
f 2041/1849/2973 2043/1851/2975 2044/1852/2976 2042/1850/2974
f 2043/1851/2975 2045/1853/2977 2046/1854/2978 2044/1852/2976
f 2045/1853/2977 2047/1855/2979 2048/1856/2980 2046/1854/2978
f 2047/1855/2979 2049/1857/2981 2050/1858/2982 2048/1856/2980
f 2049/1857/2981 2051/1859/2983 2052/1860/2984 2050/1858/2982
f 2051/1859/2983 2053/1861/2985 2054/1862/2986 2052/1860/2984
f 2053/1861/2985 2055/1863/2987 2056/1864/2988 2054/1862/2986
f 2055/1863/2987 2057/1865/2989 2058/1866/2990 2056/1864/2988
f 2057/1865/2989 2059/1867/2991 2060/1868/2992 2058/1866/2990
f 2059/1867/2991 2061/1869/2993 2062/1870/2994 2060/1868/2992
f 2061/1869/2993 2063/1871/2995 2064/1872/2996 2062/1870/2994
f 2063/1871/2995 2025/1833/2957 2028/1836/2960 2064/1872/2996
s off
f 2006/1814/2997 2005/1813/2998 2026/1834/2999 2025/1833/3000
f 2066/1873/3001 2065/1874/3002 2067/1875/3003 2068/1876/3004
f 2005/1813/3005 2007/1815/3006 2029/1837/3007 2026/1834/3008
f 2069/1877/3009 2066/1873/3010 2068/1876/3011 2070/1878/3012
f 2007/1815/3013 2008/1816/3014 2031/1839/3015 2029/1837/3016
f 2071/1879/3017 2069/1877/3018 2070/1878/3019 2072/1880/3020
f 2008/1816/3021 2009/1817/3022 2033/1841/3023 2031/1839/3024
f 2073/1881/3025 2071/1879/3026 2072/1880/3027 2074/1882/3028
f 2009/1817/3029 2010/1818/3030 2035/1843/3031 2033/1841/3032
f 2075/1883/3033 2073/1881/3034 2074/1882/3035 2076/1884/3036
f 2010/1818/3037 2011/1819/3038 2037/1845/3039 2035/1843/3040
f 2077/1885/3041 2075/1883/3042 2076/1884/3043 2078/1886/3044
f 2011/1819/3045 2012/1820/3046 2039/1847/3047 2037/1845/3048
f 2079/1887/3049 2077/1885/3050 2078/1886/3051 2080/1888/3052
f 2012/1820/3053 2013/1821/3054 2041/1849/3055 2039/1847/3056
f 2081/1889/3057 2079/1887/3058 2080/1888/3059 2082/1890/3060
f 2013/1821/3061 2014/1822/3062 2043/1851/3063 2041/1849/3064
f 2083/1891/3065 2081/1889/3066 2082/1890/3067 2084/1892/3068
f 2014/1822/3069 2015/1823/3070 2045/1853/3071 2043/1851/3072
f 2085/1893/3073 2083/1891/3074 2084/1892/3075 2086/1894/3076
f 2015/1823/3077 2016/1824/3078 2047/1855/3079 2045/1853/3080
f 2087/1895/3081 2085/1893/3082 2086/1894/3083 2088/1896/3084
f 2016/1824/3085 2017/1825/3086 2049/1857/3087 2047/1855/3088
f 2089/1897/3089 2087/1895/3090 2088/1896/3091 2090/1898/3092
f 2017/1825/3093 2018/1826/3094 2051/1859/3095 2049/1857/3096
f 2091/1899/3097 2089/1897/3098 2090/1898/3099 2092/1900/3100
f 2018/1826/3101 2019/1827/3102 2053/1861/3103 2051/1859/3104
f 2093/1901/3105 2091/1899/3106 2092/1900/3107 2094/1902/3108
f 2019/1827/3109 2020/1828/3110 2055/1863/3111 2053/1861/3112
f 2095/1903/3113 2093/1901/3114 2094/1902/3115 2096/1904/3116
f 2020/1828/3117 2021/1829/3118 2057/1865/3119 2055/1863/3120
f 2097/1905/3121 2095/1903/3122 2096/1904/3123 2098/1906/3124
f 2021/1829/3125 2022/1830/3126 2059/1867/3127 2057/1865/3128
f 2099/1907/3129 2097/1905/3130 2098/1906/3131 2100/1908/3132
f 2022/1830/3133 2023/1831/3134 2061/1869/3135 2059/1867/3136
f 2101/1909/3137 2099/1907/3138 2100/1908/3139 2102/1910/3140
f 2023/1831/3141 2024/1832/3142 2063/1871/3143 2061/1869/3144
f 2103/1911/3145 2101/1909/3146 2102/1910/3147 2104/1912/3148
f 2024/1832/3149 2006/1814/3150 2025/1833/3151 2063/1871/3152
f 2065/1874/3153 2103/1911/3154 2104/1912/3155 2067/1875/3156
s 6
f 2106/2579/3157 2105/2580/3158 2065/1874/3159 2066/1873/3160
s 5
f 2028/1836/2960 2027/1835/2959 2068/1876/3161 2067/1875/3162
s 6
f 2107/2581/3163 2106/2579/3157 2066/1873/3160 2069/1877/3164
s 5
f 2027/1835/2959 2030/1838/2962 2070/1878/3165 2068/1876/3161
s 6
f 2108/2582/3166 2107/2581/3163 2069/1877/3164 2071/1879/3167
s 5
f 2030/1838/2962 2032/1840/2964 2072/1880/3168 2070/1878/3165
s 6
f 2109/2583/3169 2108/2582/3166 2071/1879/3167 2073/1881/3170
s 5
f 2032/1840/2964 2034/1842/2966 2074/1882/3171 2072/1880/3168
s 6
f 2110/2584/3172 2109/2583/3169 2073/1881/3170 2075/1883/3173
s 5
f 2034/1842/2966 2036/1844/2968 2076/1884/3174 2074/1882/3171
s 6
f 2111/2585/3175 2110/2584/3172 2075/1883/3173 2077/1885/3176
s 5
f 2036/1844/2968 2038/1846/2970 2078/1886/3177 2076/1884/3174
s 6
f 2112/2586/3178 2111/2585/3175 2077/1885/3176 2079/1887/3179
s 5
f 2038/1846/2970 2040/1848/2972 2080/1888/3180 2078/1886/3177
s 6
f 2113/2587/3181 2112/2586/3178 2079/1887/3179 2081/1889/3182
s 5
f 2040/1848/2972 2042/1850/2974 2082/1890/3183 2080/1888/3180
s 6
f 2114/2588/3184 2113/2587/3181 2081/1889/3182 2083/1891/3185
s 5
f 2042/1850/2974 2044/1852/2976 2084/1892/3186 2082/1890/3183
s 6
f 2115/2589/3187 2114/2588/3184 2083/1891/3185 2085/1893/3188
s 5
f 2044/1852/2976 2046/1854/2978 2086/1894/3189 2084/1892/3186
s 6
f 2116/2590/3190 2115/2589/3187 2085/1893/3188 2087/1895/3191
s 5
f 2046/1854/2978 2048/1856/2980 2088/1896/3192 2086/1894/3189
s 6
f 2117/2591/3193 2116/2590/3190 2087/1895/3191 2089/1897/3194
s 5
f 2048/1856/2980 2050/1858/2982 2090/1898/3195 2088/1896/3192
s 6
f 2118/2592/3196 2117/2591/3193 2089/1897/3194 2091/1899/3197
s 5
f 2050/1858/2982 2052/1860/2984 2092/1900/3198 2090/1898/3195
s 6
f 2119/2593/3199 2118/2592/3196 2091/1899/3197 2093/1901/3200
s 5
f 2052/1860/2984 2054/1862/2986 2094/1902/3201 2092/1900/3198
s 6
f 2120/2594/3202 2119/2593/3199 2093/1901/3200 2095/1903/3203
s 5
f 2054/1862/2986 2056/1864/2988 2096/1904/3204 2094/1902/3201
s 6
f 2121/2595/3205 2120/2594/3202 2095/1903/3203 2097/1905/3206
s 5
f 2056/1864/2988 2058/1866/2990 2098/1906/3207 2096/1904/3204
s 6
f 2122/2596/3208 2121/2595/3205 2097/1905/3206 2099/1907/3209
s 5
f 2058/1866/2990 2060/1868/2992 2100/1908/3210 2098/1906/3207
s 6
f 2123/2597/3211 2122/2596/3208 2099/1907/3209 2101/1909/3212
s 5
f 2060/1868/2992 2062/1870/2994 2102/1910/3213 2100/1908/3210
s 6
f 2124/2598/3214 2123/2597/3211 2101/1909/3212 2103/1911/3215
s 5
f 2062/1870/2994 2064/1872/2996 2104/1912/3216 2102/1910/3213
s 6
f 2105/2580/3158 2124/2598/3214 2103/1911/3215 2065/1874/3159
s 5
f 2064/1872/2996 2028/1836/2960 2067/1875/3162 2104/1912/3216
s 1
f 2126/1933/3217 2125/1934/3218 1939/1752/2792 1903/1734/2755
f 2125/1934/3218 2127/1935/3219 1937/1751/2790 1939/1752/2792
f 2127/1935/3219 2128/1936/3220 1935/1750/2788 1937/1751/2790
f 2128/1936/3220 2129/1937/3221 1933/1749/2786 1935/1750/2788
f 2129/1937/3221 2130/1938/3222 1931/1748/2784 1933/1749/2786
f 2130/1938/3222 2131/1939/3223 1929/1747/2782 1931/1748/2784
f 2131/1939/3223 2132/1940/3224 1927/1746/2780 1929/1747/2782
f 2132/1940/3224 2133/1941/3225 1925/1745/2778 1927/1746/2780
f 2133/1941/3225 2134/1942/3226 1923/1744/2776 1925/1745/2778
f 2134/1942/3226 2135/1943/3227 1921/1743/2774 1923/1744/2776
f 2135/1943/3227 2136/1944/3228 1919/1742/2772 1921/1743/2774
f 2136/1944/3228 2137/1945/3229 1917/1741/2770 1919/1742/2772
f 2137/1945/3229 2138/1946/3230 1915/1740/2768 1917/1741/2770
f 2138/1946/3230 2139/1947/3231 1913/1739/2766 1915/1740/2768
f 2139/1947/3231 2140/1948/3232 1911/1738/2764 1913/1739/2766
f 2140/1948/3232 2141/1949/3233 1909/1737/2762 1911/1738/2764
f 2141/1949/3233 2142/1950/3234 1907/1736/2760 1909/1737/2762
f 2142/1950/3234 2143/1951/3235 1905/1735/2758 1907/1736/2760
f 2143/1951/3235 2144/1952/3236 1901/1733/2754 1905/1735/2758
f 2144/1952/3236 2126/1933/3217 1903/1734/2755 1901/1733/2754
f 2146/1953/3237 2145/1954/3238 2147/1955/3239 2148/1956/3240
f 2126/1933/3217 2149/1957/3241 2150/1958/3242 2125/1934/3218
f 2149/1957/3241 2146/1959/3237 2148/1960/3240 2150/1958/3242
f 2148/1956/3240 2147/1955/3239 2151/1961/3243 2152/1962/3244
f 2125/1934/3218 2150/1958/3242 2153/1963/3245 2127/1935/3219
f 2150/1958/3242 2148/1960/3240 2152/1964/3244 2153/1963/3245
f 2152/1962/3244 2151/1961/3243 2154/1965/3246 2155/1966/3247
f 2127/1935/3219 2153/1963/3245 2156/1967/3248 2128/1936/3220
f 2153/1963/3245 2152/1964/3244 2155/1968/3247 2156/1967/3248
f 2155/1966/3247 2154/1965/3246 2157/1969/3249 2158/1970/3250
f 2128/1936/3220 2156/1967/3248 2159/1971/3251 2129/1937/3221
f 2156/1967/3248 2155/1968/3247 2158/1972/3250 2159/1971/3251
f 2158/1970/3250 2157/1969/3249 2160/1973/3252 2161/1974/3253
f 2129/1937/3221 2159/1971/3251 2162/1975/3254 2130/1938/3222
f 2159/1971/3251 2158/1972/3250 2161/1976/3253 2162/1975/3254
f 2161/1974/3253 2160/1973/3252 2163/1977/3255 2164/1978/3256
f 2130/1938/3222 2162/1975/3254 2165/1979/3257 2131/1939/3223
f 2162/1975/3254 2161/1976/3253 2164/1980/3256 2165/1979/3257
f 2164/1978/3256 2163/1977/3255 2166/1981/3258 2167/1982/3259
f 2131/1939/3223 2165/1979/3257 2168/1983/3260 2132/1940/3224
f 2165/1979/3257 2164/1980/3256 2167/1984/3259 2168/1983/3260
f 2167/1982/3259 2166/1981/3258 2169/1985/3261 2170/1986/3262
f 2132/1940/3224 2168/1983/3260 2171/1987/3263 2133/1941/3225
f 2168/1983/3260 2167/1984/3259 2170/1988/3262 2171/1987/3263
f 2170/1986/3262 2169/1985/3261 2172/1989/3264 2173/1990/3265
f 2133/1941/3225 2171/1987/3263 2174/1991/3266 2134/1942/3226
f 2171/1987/3263 2170/1988/3262 2173/1992/3265 2174/1991/3266
f 2173/1990/3265 2172/1989/3264 2175/1993/3267 2176/1994/3268
f 2134/1942/3226 2174/1991/3266 2177/1995/3269 2135/1943/3227
f 2174/1991/3266 2173/1992/3265 2176/1996/3268 2177/1995/3269
f 2176/1994/3268 2175/1993/3267 2178/1997/3270 2179/1998/3271
f 2135/1943/3227 2177/1995/3269 2180/1999/3272 2136/1944/3228
f 2177/1995/3269 2176/1996/3268 2179/2000/3271 2180/1999/3272
f 2179/1998/3271 2178/1997/3270 2181/2001/3273 2182/2002/3274
f 2136/1944/3228 2180/1999/3272 2183/2003/3275 2137/1945/3229
f 2180/1999/3272 2179/2000/3271 2182/2004/3274 2183/2003/3275
f 2182/2002/3274 2181/2001/3273 2184/2005/3276 2185/2006/3277
f 2137/1945/3229 2183/2003/3275 2186/2007/3278 2138/1946/3230
f 2183/2003/3275 2182/2004/3274 2185/2008/3277 2186/2007/3278
f 2185/2006/3277 2184/2005/3276 2187/2009/3279 2188/2010/3280
f 2138/1946/3230 2186/2007/3278 2189/2011/3281 2139/1947/3231
f 2186/2007/3278 2185/2008/3277 2188/2012/3280 2189/2011/3281
f 2188/2010/3280 2187/2009/3279 2190/2013/3282 2191/2014/3283
f 2139/1947/3231 2189/2011/3281 2192/2015/3284 2140/1948/3232
f 2189/2011/3281 2188/2012/3280 2191/2016/3283 2192/2015/3284
f 2191/2014/3283 2190/2013/3282 2193/2017/3285 2194/2018/3286
f 2140/1948/3232 2192/2015/3284 2195/2019/3287 2141/1949/3233
f 2192/2015/3284 2191/2016/3283 2194/2020/3286 2195/2019/3287
f 2194/2018/3286 2193/2017/3285 2196/2021/3288 2197/2022/3289
f 2141/1949/3233 2195/2019/3287 2198/2023/3290 2142/1950/3234
f 2195/2019/3287 2194/2020/3286 2197/2024/3289 2198/2023/3290
f 2197/2022/3289 2196/2021/3288 2199/2025/3291 2200/2026/3292
f 2142/1950/3234 2198/2023/3290 2201/2027/3293 2143/1951/3235
f 2198/2023/3290 2197/2024/3289 2200/2028/3292 2201/2027/3293
f 2200/2026/3292 2199/2025/3291 2202/2029/3294 2203/2030/3295
f 2143/1951/3235 2201/2027/3293 2204/2031/3296 2144/1952/3236
f 2201/2027/3293 2200/2028/3292 2203/2032/3295 2204/2031/3296
f 2145/2033/3238 2146/2034/3237 2203/2030/3295 2202/2029/3294
f 2146/1959/3237 2149/1957/3241 2204/2031/3296 2203/2032/3295
f 2149/1957/3241 2126/1933/3217 2144/1952/3236 2204/2031/3296
f 2205/2035/3297 2206/2036/3298 2207/2037/3299 2208/2038/3300
f 2206/2039/3298 2205/2040/3297 2209/2041/3301 2210/2042/3302
f 2208/2038/3300 2207/2037/3299 2211/2043/3303 2212/2044/3304
f 2212/2044/3304 2211/2043/3303 2213/2045/3305 2214/2046/3306
f 2214/2046/3306 2213/2045/3305 2215/2047/3307 2216/2048/3308
f 2216/2048/3308 2215/2047/3307 2217/2049/3309 2218/2050/3310
f 2218/2050/3310 2217/2049/3309 2219/2051/3311 2220/2052/3312
f 2220/2052/3312 2219/2051/3311 2221/2053/3313 2222/2054/3314
f 2222/2054/3314 2221/2053/3313 2223/2055/3315 2224/2056/3316
f 2224/2056/3316 2223/2055/3315 2225/2057/3317 2226/2058/3318
f 2226/2058/3318 2225/2057/3317 2227/2059/3319 2228/2060/3320
f 2228/2060/3320 2227/2059/3319 2229/2061/3321 2230/2062/3322
f 2230/2062/3322 2229/2061/3321 2231/2063/3323 2232/2064/3324
f 2232/2064/3324 2231/2063/3323 2233/2065/3325 2234/2066/3326
f 2234/2066/3326 2233/2065/3325 2235/2067/3327 2236/2068/3328
f 2236/2068/3328 2235/2067/3327 2237/2069/3329 2238/2070/3330
f 2238/2070/3330 2237/2069/3329 2239/2071/3331 2240/2072/3332
f 2240/2072/3332 2239/2071/3331 2241/2073/3333 2242/2074/3334
f 2242/2074/3334 2241/2073/3333 2243/2075/3335 2244/2076/3336
f 2244/2076/3336 2243/2075/3335 2210/2042/3302 2209/2041/3301
f 1942/2077/3337 1979/2078/3338 2209/2041/3301 2205/2040/3297
f 1979/2078/3338 1977/2079/3339 2244/2076/3336 2209/2041/3301
f 1977/2079/3339 1975/2080/3340 2242/2074/3334 2244/2076/3336
f 1975/2080/3340 1973/2081/3341 2240/2072/3332 2242/2074/3334
f 1973/2081/3341 1971/2082/3342 2238/2070/3330 2240/2072/3332
f 1971/2082/3342 1969/2083/3343 2236/2068/3328 2238/2070/3330
f 1969/2083/3343 1967/2084/3344 2234/2066/3326 2236/2068/3328
f 1967/2084/3344 1965/2085/3345 2232/2064/3324 2234/2066/3326
f 1965/2085/3345 1963/2086/3346 2230/2062/3322 2232/2064/3324
f 1963/2086/3346 1961/2087/3347 2228/2060/3320 2230/2062/3322
f 1961/2087/3347 1959/2088/3348 2226/2058/3318 2228/2060/3320
f 1959/2088/3348 1957/2089/3349 2224/2056/3316 2226/2058/3318
f 1957/2089/3349 1955/2090/3350 2222/2054/3314 2224/2056/3316
f 1955/2090/3350 1953/2091/3351 2220/2052/3312 2222/2054/3314
f 1953/2091/3351 1951/2092/3352 2218/2050/3310 2220/2052/3312
f 1951/2092/3352 1949/2093/3353 2216/2048/3308 2218/2050/3310
f 1949/2093/3353 1947/2094/3354 2214/2046/3306 2216/2048/3308
f 1947/2094/3354 1945/2095/3355 2212/2044/3304 2214/2046/3306
f 1945/2095/3355 1941/2096/3356 2208/2038/3300 2212/2044/3304
f 1941/2096/3356 1942/2097/3337 2205/2035/3297 2208/2038/3300
f 2207/2037/3299 2206/2036/3298 2145/2033/3238 2202/2029/3294
f 2211/2043/3303 2207/2037/3299 2202/2029/3294 2199/2025/3291
f 2213/2045/3305 2211/2043/3303 2199/2025/3291 2196/2021/3288
f 2215/2047/3307 2213/2045/3305 2196/2021/3288 2193/2017/3285
f 2217/2049/3309 2215/2047/3307 2193/2017/3285 2190/2013/3282
f 2219/2051/3311 2217/2049/3309 2190/2013/3282 2187/2009/3279
f 2221/2053/3313 2219/2051/3311 2187/2009/3279 2184/2005/3276
f 2223/2055/3315 2221/2053/3313 2184/2005/3276 2181/2001/3273
f 2225/2057/3317 2223/2055/3315 2181/2001/3273 2178/1997/3270
f 2227/2059/3319 2225/2057/3317 2178/1997/3270 2175/1993/3267
f 2229/2061/3321 2227/2059/3319 2175/1993/3267 2172/1989/3264
f 2231/2063/3323 2229/2061/3321 2172/1989/3264 2169/1985/3261
f 2233/2065/3325 2231/2063/3323 2169/1985/3261 2166/1981/3258
f 2235/2067/3327 2233/2065/3325 2166/1981/3258 2163/1977/3255
f 2237/2069/3329 2235/2067/3327 2163/1977/3255 2160/1973/3252
f 2239/2071/3331 2237/2069/3329 2160/1973/3252 2157/1969/3249
f 2241/2073/3333 2239/2071/3331 2157/1969/3249 2154/1965/3246
f 2243/2075/3335 2241/2073/3333 2154/1965/3246 2151/1961/3243
f 2210/2042/3302 2243/2075/3335 2151/1961/3243 2147/1955/3239
f 2206/2039/3298 2210/2042/3302 2147/1955/3239 2145/1954/3238
s 2
f 2246/2121/3357 2245/2137/3358 2003/1812/3359 2004/1796/3360
f 1986/1795/3361 2247/2120/3362 2246/2121/3357 2004/1796/3360
f 1985/1793/3363 2248/2118/3364 2247/2120/3362 1986/1795/3361
f 2249/2119/3365 2248/2118/3364 1985/1793/3363 1987/1794/3366
f 2250/2122/3367 2249/2119/3365 1987/1794/3366 1988/1797/3368
f 2251/2123/3369 2250/2122/3367 1988/1797/3368 1989/1798/3370
f 2252/2124/3371 2251/2123/3369 1989/1798/3370 1990/1799/3372
f 2253/2125/3373 2252/2124/3371 1990/1799/3372 1991/1800/3374
f 2254/2126/3375 2253/2125/3373 1991/1800/3374 1992/1801/3376
f 1983/2127/2875 2254/2126/3375 1992/1801/3376 1993/1802/3377
f 1984/2128/2876 1983/2127/2875 1993/1802/3377 1994/1803/3378
f 1981/2129/2873 1984/2128/2876 1994/1803/3378 1995/1804/3379
f 2255/2130/3380 1981/2129/2873 1995/1804/3379 1996/1805/3381
f 2256/2131/3382 2255/2130/3380 1996/1805/3381 1997/1806/3383
f 2257/2132/3384 2256/2131/3382 1997/1806/3383 1998/1807/3385
f 2258/2133/3386 2257/2132/3384 1998/1807/3385 1999/1808/3387
f 2259/2134/3388 2258/2133/3386 1999/1808/3387 2000/1809/3389
f 2260/2135/3390 2259/2134/3388 2000/1809/3389 2001/1810/3391
f 2261/2136/3392 2260/2135/3390 2001/1810/3391 2002/1811/3393
f 2245/2137/3358 2261/2136/3392 2002/1811/3393 2003/1812/3359
f 2262/2145/3394 2246/2121/3357 2247/2120/3362 2248/2118/3364
f 2263/2144/3395 2262/2145/3394 2248/2118/3364 2249/2119/3365
f 2264/2143/3396 2263/2144/3395 2249/2119/3365 2250/2122/3367
f 2265/2142/3397 2264/2143/3396 2250/2122/3367 2251/2123/3369
f 2266/2141/3398 2265/2142/3397 2251/2123/3369 2252/2124/3371
f 2267/2140/3399 2266/2141/3398 2252/2124/3371 2253/2125/3373
f 2268/2139/3400 2267/2140/3399 2253/2125/3373 2254/2126/3375
f 1982/2138/2874 2268/2139/3400 2254/2126/3375 1983/2127/2875
f 2255/2130/3380 1982/2138/2874 1981/2129/2873
f 2256/2131/3382 2268/2139/3400 1982/2138/2874 2255/2130/3380
f 2257/2132/3384 2267/2140/3399 2268/2139/3400 2256/2131/3382
f 2258/2133/3386 2266/2141/3398 2267/2140/3399 2257/2132/3384
f 2259/2134/3388 2265/2142/3397 2266/2141/3398 2258/2133/3386
f 2260/2135/3390 2264/2143/3396 2265/2142/3397 2259/2134/3388
f 2261/2136/3392 2263/2144/3395 2264/2143/3396 2260/2135/3390
f 2245/2137/3358 2262/2145/3394 2263/2144/3395 2261/2136/3392
f 2245/2137/3358 2246/2121/3357 2262/2145/3394
s 10
f 1654/2146/3401 1656/2149/3402 1655/2148/3403 1653/2147/3404
f 1658/2150/3405 1654/2146/3401 1653/2147/3404 1657/2151/3406
f 1660/2152/3407 1658/2150/3405 1657/2151/3406 1659/2153/3408
f 1662/2154/3409 1660/2152/3407 1659/2153/3408 1661/2155/3410
f 1664/2156/3411 1662/2154/3409 1661/2155/3410 1663/2157/3412
f 1666/2158/3413 1664/2156/3411 1663/2157/3412 1665/2159/3414
f 1668/2160/3415 1666/2158/3413 1665/2159/3414 1667/2161/3416
f 1670/2162/3417 1668/2160/3415 1667/2161/3416 1669/2163/3418
f 1672/2164/3419 1670/2162/3417 1669/2163/3418 1671/2165/3420
f 1674/2166/3421 1672/2164/3419 1671/2165/3420 1673/2167/3422
f 1676/2168/3423 1674/2166/3421 1673/2167/3422 1675/2169/3424
f 1678/2170/3425 1676/2168/3423 1675/2169/3424 1677/2171/3426
f 1680/2172/3427 1678/2170/3425 1677/2171/3426 1679/2173/3428
f 1682/2174/3429 1680/2172/3427 1679/2173/3428 1681/2175/3430
f 1684/2176/3431 1682/2174/3429 1681/2175/3430 1683/2177/3432
f 1686/2178/3433 1684/2176/3431 1683/2177/3432 1685/2179/3434
f 1688/2180/3435 1686/2178/3433 1685/2179/3434 1687/2181/3436
f 1690/2182/3437 1688/2180/3435 1687/2181/3436 1689/2183/3438
f 1692/2184/3439 1690/2182/3437 1689/2183/3438 1691/2185/3440
f 1656/2149/3402 1692/2184/3439 1691/2185/3440 1655/2148/3403
s off
f 1694/2186/3441 1696/2189/3442 1695/2188/3443 1693/2187/3444
f 1693/2187/3445 1695/2188/3446 1698/2191/3447 1697/2190/3448
f 1697/2190/3449 1698/2191/3450 1700/2193/3451 1699/2192/3452
f 1699/2192/3453 1700/2193/3454 1702/2195/3455 1701/2194/3456
f 1701/2194/3457 1702/2195/3458 1704/2197/3459 1703/2196/3460
f 1703/2196/3461 1704/2197/3462 1706/2199/3463 1705/2198/3464
f 1705/2198/3465 1706/2199/3466 1708/2201/3467 1707/2200/3468
f 1707/2200/3469 1708/2201/3470 1710/2203/3471 1709/2202/3472
f 1709/2202/3473 1710/2203/3474 1712/2205/3475 1711/2204/3476
f 1711/2204/3477 1712/2205/3478 1714/2207/3479 1713/2206/3480
f 1713/2206/3481 1714/2207/3482 1716/2209/3483 1715/2208/3484
f 1715/2208/3485 1716/2209/3486 1718/2211/3487 1717/2210/3488
f 1717/2210/3489 1718/2211/3490 1720/2213/3491 1719/2212/3492
f 1719/2212/3493 1720/2213/3494 1722/2215/3495 1721/2214/3496
f 1721/2214/3497 1722/2215/3498 1724/2217/3499 1723/2216/3500
f 1723/2216/3501 1724/2217/3502 1726/2219/3503 1725/2218/3504
f 1725/2218/3505 1726/2219/3506 1728/2221/3507 1727/2220/3508
f 1727/2220/3509 1728/2221/3510 1730/2223/3511 1729/2222/3512
f 1729/2222/3513 1730/2223/3514 1732/2225/3515 1731/2224/3516
f 1731/2224/3517 1732/2225/3518 1696/2189/3519 1694/2186/3520
s 11
f 1884/2226/3521 1883/2229/3522 1882/2228/3523 1893/2227/3524
s 12
f 1696/2189/3525 1735/2231/3526 1733/2230/3527 1695/2188/3528
f 1695/2188/3528 1733/2230/3527 1734/2232/3529 1698/2191/3530
f 1698/2191/3530 1734/2232/3529 1737/2233/3531 1700/2193/3532
f 1700/2193/3532 1737/2233/3531 1738/2234/3533 1702/2195/3534
f 1702/2195/3534 1738/2234/3533 1739/2235/3535 1704/2197/3536
f 1704/2197/3536 1739/2235/3535 1740/2236/3537 1706/2199/3538
f 1706/2199/3538 1740/2236/3537 1741/2237/3539 1708/2201/3540
f 1708/2201/3540 1741/2237/3539 1742/2238/3541 1710/2203/3542
f 1710/2203/3542 1742/2238/3541 1743/2239/3543 1712/2205/3544
f 1712/2205/3544 1743/2239/3543 1744/2240/3545 1714/2207/3546
f 1714/2207/3546 1744/2240/3545 1745/2241/3547 1716/2209/3548
f 1716/2209/3548 1745/2241/3547 1746/2242/3549 1718/2211/3550
f 1718/2211/3550 1746/2242/3549 1747/2243/3551 1720/2213/3552
f 1720/2213/3552 1747/2243/3551 1748/2244/3553 1722/2215/3554
f 1722/2215/3554 1748/2244/3553 1749/2245/3555 1724/2217/3556
f 1724/2217/3556 1749/2245/3555 1750/2246/3557 1726/2219/3558
f 1726/2219/3558 1750/2246/3557 1751/2247/3559 1728/2221/3560
f 1728/2221/3560 1751/2247/3559 1752/2248/3561 1730/2223/3562
f 1730/2223/3562 1752/2248/3561 1736/2249/3563 1732/2225/3564
f 1732/2225/3564 1736/2249/3563 1735/2231/3526 1696/2189/3525
s 13
f 1513/2250/3565 1533/2253/3566 1534/2252/3567 1514/2251/3568
f 1514/2251/3568 1534/2252/3567 1535/2255/3569 1515/2254/3570
f 1515/2254/3570 1535/2255/3569 1536/2257/3571 1516/2256/3572
f 1516/2256/3572 1536/2257/3571 1537/2259/3573 1517/2258/3574
f 1517/2258/3574 1537/2259/3573 1538/2261/3575 1518/2260/3576
f 1518/2260/3576 1538/2261/3575 1539/2263/3577 1519/2262/3578
f 1519/2262/3578 1539/2263/3577 1540/2265/3579 1520/2264/3580
f 1520/2264/3580 1540/2265/3579 1541/2267/3581 1521/2266/3582
f 1521/2266/3582 1541/2267/3581 1542/2269/3583 1522/2268/3584
f 1522/2268/3584 1542/2269/3583 1543/2271/3585 1523/2270/3586
f 1523/2270/3586 1543/2271/3585 1544/2273/3587 1524/2272/3588
f 1524/2272/3588 1544/2273/3587 1545/2275/3589 1525/2274/3590
f 1525/2274/3590 1545/2275/3589 1546/2277/3591 1526/2276/3592
f 1526/2276/3592 1546/2277/3591 1547/2279/3593 1527/2278/3594
f 1527/2278/3594 1547/2279/3593 1548/2281/3595 1528/2280/3596
f 1528/2280/3596 1548/2281/3595 1549/2283/3597 1529/2282/3598
f 1529/2282/3598 1549/2283/3597 1550/2285/3599 1530/2284/3600
f 1530/2284/3600 1550/2285/3599 1551/2287/3601 1531/2286/3602
f 1531/2286/3602 1551/2287/3601 1552/2289/3603 1532/2288/3604
f 1532/2288/3604 1552/2289/3603 1533/2253/3566 1513/2250/3565
s 14
f 1573/2290/3605 1576/2293/3606 1575/2292/3607 1574/2291/3608
f 1574/2291/3608 1575/2292/3607 1578/2295/3609 1577/2294/3610
f 1577/2294/3610 1578/2295/3609 1580/2297/3611 1579/2296/3612
f 1579/2296/3612 1580/2297/3611 1582/2299/3613 1581/2298/3614
f 1581/2298/3614 1582/2299/3613 1584/2301/3615 1583/2300/3616
f 1583/2300/3616 1584/2301/3615 1586/2303/3617 1585/2302/3618
f 1585/2302/3618 1586/2303/3617 1588/2305/3619 1587/2304/3620
f 1587/2304/3620 1588/2305/3619 1590/2307/3621 1589/2306/3622
f 1589/2306/3622 1590/2307/3621 1592/2309/3623 1591/2308/3624
f 1591/2308/3624 1592/2309/3623 1594/2311/3625 1593/2310/3626
f 1593/2310/3626 1594/2311/3625 1596/2313/3627 1595/2312/3628
f 1595/2312/3628 1596/2313/3627 1598/2315/3629 1597/2314/3630
f 1597/2314/3630 1598/2315/3629 1600/2317/3631 1599/2316/3632
f 1599/2316/3632 1600/2317/3631 1602/2319/3633 1601/2318/3634
f 1601/2318/3634 1602/2319/3633 1604/2321/3635 1603/2320/3636
f 1603/2320/3636 1604/2321/3635 1606/2323/3637 1605/2322/3638
f 1605/2322/3638 1606/2323/3637 1608/2325/3639 1607/2324/3640
f 1607/2324/3640 1608/2325/3639 1610/2327/3641 1609/2326/3642
f 1609/2326/3642 1610/2327/3641 1612/2329/3643 1611/2328/3644
f 1611/2328/3644 1612/2329/3643 1576/2293/3606 1573/2290/3605
s off
f 1533/2253/3645 1573/2290/3646 1574/2291/3647 1534/2252/3648
f 1614/2330/3649 1616/2333/3650 1615/2332/3651 1613/2331/3652
f 1534/2252/3653 1574/2291/3654 1577/2294/3655 1535/2255/3656
f 1617/2334/3657 1618/2335/3658 1616/2333/3659 1614/2330/3660
f 1535/2255/3661 1577/2294/3662 1579/2296/3663 1536/2257/3664
f 1619/2336/3665 1620/2337/3666 1618/2335/3667 1617/2334/3668
f 1536/2257/3669 1579/2296/3670 1581/2298/3671 1537/2259/3672
f 1621/2338/3673 1622/2339/3674 1620/2337/3675 1619/2336/3676
f 1537/2259/3677 1581/2298/3678 1583/2300/3679 1538/2261/3680
f 1623/2340/3681 1624/2341/3682 1622/2339/3683 1621/2338/3684
f 1538/2261/3685 1583/2300/3686 1585/2302/3687 1539/2263/3688
f 1625/2342/3689 1626/2343/3690 1624/2341/3691 1623/2340/3692
f 1539/2263/3693 1585/2302/3694 1587/2304/3695 1540/2265/3696
f 1627/2344/3697 1628/2345/3698 1626/2343/3699 1625/2342/3700
f 1540/2265/3701 1587/2304/3702 1589/2306/3703 1541/2267/3704
f 1629/2346/3705 1630/2347/3706 1628/2345/3707 1627/2344/3708
f 1541/2267/3709 1589/2306/3710 1591/2308/3711 1542/2269/3712
f 1631/2348/3713 1632/2349/3714 1630/2347/3715 1629/2346/3716
f 1542/2269/3717 1591/2308/3718 1593/2310/3719 1543/2271/3720
f 1633/2350/3721 1634/2351/3722 1632/2349/3723 1631/2348/3724
f 1543/2271/3725 1593/2310/3726 1595/2312/3727 1544/2273/3728
f 1635/2352/3729 1636/2353/3730 1634/2351/3731 1633/2350/3732
f 1544/2273/3733 1595/2312/3734 1597/2314/3735 1545/2275/3736
f 1637/2354/3737 1638/2355/3738 1636/2353/3739 1635/2352/3740
f 1545/2275/3741 1597/2314/3742 1599/2316/3743 1546/2277/3744
f 1639/2356/3745 1640/2357/3746 1638/2355/3747 1637/2354/3748
f 1546/2277/3749 1599/2316/3750 1601/2318/3751 1547/2279/3752
f 1641/2358/3753 1642/2359/3754 1640/2357/3755 1639/2356/3756
f 1547/2279/3757 1601/2318/3758 1603/2320/3759 1548/2281/3760
f 1643/2360/3761 1644/2361/3762 1642/2359/3763 1641/2358/3764
f 1548/2281/3765 1603/2320/3766 1605/2322/3767 1549/2283/3768
f 1645/2362/3769 1646/2363/3770 1644/2361/3771 1643/2360/3772
f 1549/2283/3773 1605/2322/3774 1607/2324/3775 1550/2285/3776
f 1647/2364/3777 1648/2365/3778 1646/2363/3779 1645/2362/3780
f 1550/2285/3781 1607/2324/3782 1609/2326/3783 1551/2287/3784
f 1649/2366/3785 1650/2367/3786 1648/2365/3787 1647/2364/3788
f 1551/2287/3789 1609/2326/3790 1611/2328/3791 1552/2289/3792
f 1651/2368/3793 1652/2369/3794 1650/2367/3795 1649/2366/3796
f 1552/2289/3797 1611/2328/3798 1573/2290/3799 1533/2253/3800
f 1613/2331/3801 1615/2332/3802 1652/2369/3803 1651/2368/3804
s 15
f 1554/2370/3805 1614/2330/3806 1613/2331/3807 1553/2371/3808
s 14
f 1576/2293/3606 1615/2332/3809 1616/2333/3810 1575/2292/3607
s 15
f 1555/2372/3811 1617/2334/3812 1614/2330/3806 1554/2370/3805
s 14
f 1575/2292/3607 1616/2333/3810 1618/2335/3813 1578/2295/3609
s 15
f 1556/2373/3814 1619/2336/3815 1617/2334/3812 1555/2372/3811
s 14
f 1578/2295/3609 1618/2335/3813 1620/2337/3816 1580/2297/3611
s 15
f 1557/2374/3817 1621/2338/3818 1619/2336/3815 1556/2373/3814
s 14
f 1580/2297/3611 1620/2337/3816 1622/2339/3819 1582/2299/3613
s 15
f 1558/2375/3820 1623/2340/3821 1621/2338/3818 1557/2374/3817
s 14
f 1582/2299/3613 1622/2339/3819 1624/2341/3822 1584/2301/3615
s 15
f 1559/2376/3823 1625/2342/3824 1623/2340/3821 1558/2375/3820
s 14
f 1584/2301/3615 1624/2341/3822 1626/2343/3825 1586/2303/3617
s 15
f 1560/2377/3826 1627/2344/3827 1625/2342/3824 1559/2376/3823
s 14
f 1586/2303/3617 1626/2343/3825 1628/2345/3828 1588/2305/3619
s 15
f 1561/2378/3829 1629/2346/3830 1627/2344/3827 1560/2377/3826
s 14
f 1588/2305/3619 1628/2345/3828 1630/2347/3831 1590/2307/3621
s 15
f 1562/2379/3832 1631/2348/3833 1629/2346/3830 1561/2378/3829
s 14
f 1590/2307/3621 1630/2347/3831 1632/2349/3834 1592/2309/3623
s 15
f 1563/2380/3835 1633/2350/3836 1631/2348/3833 1562/2379/3832
s 14
f 1592/2309/3623 1632/2349/3834 1634/2351/3837 1594/2311/3625
s 15
f 1564/2381/3838 1635/2352/3839 1633/2350/3836 1563/2380/3835
s 14
f 1594/2311/3625 1634/2351/3837 1636/2353/3840 1596/2313/3627
s 15
f 1565/2382/3841 1637/2354/3842 1635/2352/3839 1564/2381/3838
s 14
f 1596/2313/3627 1636/2353/3840 1638/2355/3843 1598/2315/3629
s 15
f 1566/2383/3844 1639/2356/3845 1637/2354/3842 1565/2382/3841
s 14
f 1598/2315/3629 1638/2355/3843 1640/2357/3846 1600/2317/3631
s 15
f 1567/2384/3847 1641/2358/3848 1639/2356/3845 1566/2383/3844
s 14
f 1600/2317/3631 1640/2357/3846 1642/2359/3849 1602/2319/3633
s 15
f 1568/2385/3850 1643/2360/3851 1641/2358/3848 1567/2384/3847
s 14
f 1602/2319/3633 1642/2359/3849 1644/2361/3852 1604/2321/3635
s 15
f 1569/2386/3853 1645/2362/3854 1643/2360/3851 1568/2385/3850
s 14
f 1604/2321/3635 1644/2361/3852 1646/2363/3855 1606/2323/3637
s 15
f 1570/2387/3856 1647/2364/3857 1645/2362/3854 1569/2386/3853
s 14
f 1606/2323/3637 1646/2363/3855 1648/2365/3858 1608/2325/3639
s 15
f 1571/2388/3859 1649/2366/3860 1647/2364/3857 1570/2387/3856
s 14
f 1608/2325/3639 1648/2365/3858 1650/2367/3861 1610/2327/3641
s 15
f 1572/2389/3862 1651/2368/3863 1649/2366/3860 1571/2388/3859
s 14
f 1610/2327/3641 1650/2367/3861 1652/2369/3864 1612/2329/3643
s 15
f 1553/2371/3808 1613/2331/3807 1651/2368/3863 1572/2389/3862
s 14
f 1612/2329/3643 1652/2369/3864 1615/2332/3809 1576/2293/3606
s 10
f 1754/2390/3865 1655/2148/3403 1691/2185/3440 1753/2391/3866
f 1753/2391/3866 1691/2185/3440 1689/2183/3438 1755/2392/3867
f 1755/2392/3867 1689/2183/3438 1687/2181/3436 1756/2393/3868
f 1756/2393/3868 1687/2181/3436 1685/2179/3434 1757/2394/3869
f 1757/2394/3869 1685/2179/3434 1683/2177/3432 1758/2395/3870
f 1758/2395/3870 1683/2177/3432 1681/2175/3430 1759/2396/3871
f 1759/2396/3871 1681/2175/3430 1679/2173/3428 1760/2397/3872
f 1760/2397/3872 1679/2173/3428 1677/2171/3426 1761/2398/3873
f 1761/2398/3873 1677/2171/3426 1675/2169/3424 1762/2399/3874
f 1762/2399/3874 1675/2169/3424 1673/2167/3422 1763/2400/3875
f 1763/2400/3875 1673/2167/3422 1671/2165/3420 1764/2401/3876
f 1764/2401/3876 1671/2165/3420 1669/2163/3418 1765/2402/3877
f 1765/2402/3877 1669/2163/3418 1667/2161/3416 1766/2403/3878
f 1766/2403/3878 1667/2161/3416 1665/2159/3414 1767/2404/3879
f 1767/2404/3879 1665/2159/3414 1663/2157/3412 1768/2405/3880
f 1768/2405/3880 1663/2157/3412 1661/2155/3410 1769/2406/3881
f 1769/2406/3881 1661/2155/3410 1659/2153/3408 1770/2407/3882
f 1770/2407/3882 1659/2153/3408 1657/2151/3406 1771/2408/3883
f 1771/2408/3883 1657/2151/3406 1653/2147/3404 1772/2409/3884
f 1772/2409/3884 1653/2147/3404 1655/2148/3403 1754/2390/3865
f 1774/2410/3885 1776/2413/3886 1775/2412/3887 1773/2411/3888
f 1754/2390/3865 1753/2391/3866 1778/2415/3889 1777/2414/3890
f 1777/2414/3890 1778/2415/3889 1776/2417/3886 1774/2416/3885
f 1776/2413/3886 1780/2419/3891 1779/2418/3892 1775/2412/3887
f 1753/2391/3866 1755/2392/3867 1781/2420/3893 1778/2415/3889
f 1778/2415/3889 1781/2420/3893 1780/2421/3891 1776/2417/3886
f 1780/2419/3891 1783/2423/3894 1782/2422/3895 1779/2418/3892
f 1755/2392/3867 1756/2393/3868 1784/2424/3896 1781/2420/3893
f 1781/2420/3893 1784/2424/3896 1783/2425/3894 1780/2421/3891
f 1783/2423/3894 1786/2427/3897 1785/2426/3898 1782/2422/3895
f 1756/2393/3868 1757/2394/3869 1787/2428/3899 1784/2424/3896
f 1784/2424/3896 1787/2428/3899 1786/2429/3897 1783/2425/3894
f 1786/2427/3897 1789/2431/3900 1788/2430/3901 1785/2426/3898
f 1757/2394/3869 1758/2395/3870 1790/2432/3902 1787/2428/3899
f 1787/2428/3899 1790/2432/3902 1789/2433/3900 1786/2429/3897
f 1789/2431/3900 1792/2435/3903 1791/2434/3904 1788/2430/3901
f 1758/2395/3870 1759/2396/3871 1793/2436/3905 1790/2432/3902
f 1790/2432/3902 1793/2436/3905 1792/2437/3903 1789/2433/3900
f 1792/2435/3903 1795/2439/3906 1794/2438/3907 1791/2434/3904
f 1759/2396/3871 1760/2397/3872 1796/2440/3908 1793/2436/3905
f 1793/2436/3905 1796/2440/3908 1795/2441/3906 1792/2437/3903
f 1795/2439/3906 1798/2443/3909 1797/2442/3910 1794/2438/3907
f 1760/2397/3872 1761/2398/3873 1799/2444/3911 1796/2440/3908
f 1796/2440/3908 1799/2444/3911 1798/2445/3909 1795/2441/3906
f 1798/2443/3909 1801/2447/3912 1800/2446/3913 1797/2442/3910
f 1761/2398/3873 1762/2399/3874 1802/2448/3914 1799/2444/3911
f 1799/2444/3911 1802/2448/3914 1801/2449/3912 1798/2445/3909
f 1801/2447/3912 1804/2451/3915 1803/2450/3916 1800/2446/3913
f 1762/2399/3874 1763/2400/3875 1805/2452/3917 1802/2448/3914
f 1802/2448/3914 1805/2452/3917 1804/2453/3915 1801/2449/3912
f 1804/2451/3915 1807/2455/3918 1806/2454/3919 1803/2450/3916
f 1763/2400/3875 1764/2401/3876 1808/2456/3920 1805/2452/3917
f 1805/2452/3917 1808/2456/3920 1807/2457/3918 1804/2453/3915
f 1807/2455/3918 1810/2459/3921 1809/2458/3922 1806/2454/3919
f 1764/2401/3876 1765/2402/3877 1811/2460/3923 1808/2456/3920
f 1808/2456/3920 1811/2460/3923 1810/2461/3921 1807/2457/3918
f 1810/2459/3921 1813/2463/3924 1812/2462/3925 1809/2458/3922
f 1765/2402/3877 1766/2403/3878 1814/2464/3926 1811/2460/3923
f 1811/2460/3923 1814/2464/3926 1813/2465/3924 1810/2461/3921
f 1813/2463/3924 1816/2467/3927 1815/2466/3928 1812/2462/3925
f 1766/2403/3878 1767/2404/3879 1817/2468/3929 1814/2464/3926
f 1814/2464/3926 1817/2468/3929 1816/2469/3927 1813/2465/3924
f 1816/2467/3927 1819/2471/3930 1818/2470/3931 1815/2466/3928
f 1767/2404/3879 1768/2405/3880 1820/2472/3932 1817/2468/3929
f 1817/2468/3929 1820/2472/3932 1819/2473/3930 1816/2469/3927
f 1819/2471/3930 1822/2475/3933 1821/2474/3934 1818/2470/3931
f 1768/2405/3880 1769/2406/3881 1823/2476/3935 1820/2472/3932
f 1820/2472/3932 1823/2476/3935 1822/2477/3933 1819/2473/3930
f 1822/2475/3933 1825/2479/3936 1824/2478/3937 1821/2474/3934
f 1769/2406/3881 1770/2407/3882 1826/2480/3938 1823/2476/3935
f 1823/2476/3935 1826/2480/3938 1825/2481/3936 1822/2477/3933
f 1825/2479/3936 1828/2483/3939 1827/2482/3940 1824/2478/3937
f 1770/2407/3882 1771/2408/3883 1829/2484/3941 1826/2480/3938
f 1826/2480/3938 1829/2484/3941 1828/2485/3939 1825/2481/3936
f 1828/2483/3939 1831/2487/3942 1830/2486/3943 1827/2482/3940
f 1771/2408/3883 1772/2409/3884 1832/2488/3944 1829/2484/3941
f 1829/2484/3941 1832/2488/3944 1831/2489/3942 1828/2485/3939
f 1773/2490/3888 1830/2486/3943 1831/2487/3942 1774/2491/3885
f 1774/2416/3885 1831/2489/3942 1832/2488/3944 1777/2414/3890
f 1777/2414/3890 1832/2488/3944 1772/2409/3884 1754/2390/3865
f 1833/2492/3945 1836/2495/3946 1835/2494/3947 1834/2493/3948
f 1834/2496/3948 1838/2499/3949 1837/2498/3950 1833/2497/3945
f 1836/2495/3946 1840/2501/3951 1839/2500/3952 1835/2494/3947
f 1840/2501/3951 1842/2503/3953 1841/2502/3954 1839/2500/3952
f 1842/2503/3953 1844/2505/3955 1843/2504/3956 1841/2502/3954
f 1844/2505/3955 1846/2507/3957 1845/2506/3958 1843/2504/3956
f 1846/2507/3957 1848/2509/3959 1847/2508/3960 1845/2506/3958
f 1848/2509/3959 1850/2511/3961 1849/2510/3962 1847/2508/3960
f 1850/2511/3961 1852/2513/3963 1851/2512/3964 1849/2510/3962
f 1852/2513/3963 1854/2515/3965 1853/2514/3966 1851/2512/3964
f 1854/2515/3965 1856/2517/3967 1855/2516/3968 1853/2514/3966
f 1856/2517/3967 1858/2519/3969 1857/2518/3970 1855/2516/3968
f 1858/2519/3969 1860/2521/3971 1859/2520/3972 1857/2518/3970
f 1860/2521/3971 1862/2523/3973 1861/2522/3974 1859/2520/3972
f 1862/2523/3973 1864/2525/3975 1863/2524/3976 1861/2522/3974
f 1864/2525/3975 1866/2527/3977 1865/2526/3978 1863/2524/3976
f 1866/2527/3977 1868/2529/3979 1867/2528/3980 1865/2526/3978
f 1868/2529/3979 1870/2531/3981 1869/2530/3982 1867/2528/3980
f 1870/2531/3981 1872/2533/3983 1871/2532/3984 1869/2530/3982
f 1872/2533/3983 1837/2498/3950 1838/2499/3949 1871/2532/3984
f 1694/2534/3985 1833/2497/3945 1837/2498/3950 1731/2535/3986
f 1731/2535/3986 1837/2498/3950 1872/2533/3983 1729/2536/3987
f 1729/2536/3987 1872/2533/3983 1870/2531/3981 1727/2537/3988
f 1727/2537/3988 1870/2531/3981 1868/2529/3979 1725/2538/3989
f 1725/2538/3989 1868/2529/3979 1866/2527/3977 1723/2539/3990
f 1723/2539/3990 1866/2527/3977 1864/2525/3975 1721/2540/3991
f 1721/2540/3991 1864/2525/3975 1862/2523/3973 1719/2541/3992
f 1719/2541/3992 1862/2523/3973 1860/2521/3971 1717/2542/3993
f 1717/2542/3993 1860/2521/3971 1858/2519/3969 1715/2543/3994
f 1715/2543/3994 1858/2519/3969 1856/2517/3967 1713/2544/3995
f 1713/2544/3995 1856/2517/3967 1854/2515/3965 1711/2545/3996
f 1711/2545/3996 1854/2515/3965 1852/2513/3963 1709/2546/3997
f 1709/2546/3997 1852/2513/3963 1850/2511/3961 1707/2547/3998
f 1707/2547/3998 1850/2511/3961 1848/2509/3959 1705/2548/3999
f 1705/2548/3999 1848/2509/3959 1846/2507/3957 1703/2549/4000
f 1703/2549/4000 1846/2507/3957 1844/2505/3955 1701/2550/4001
f 1701/2550/4001 1844/2505/3955 1842/2503/3953 1699/2551/4002
f 1699/2551/4002 1842/2503/3953 1840/2501/3951 1697/2552/4003
f 1697/2552/4003 1840/2501/3951 1836/2495/3946 1693/2553/4004
f 1693/2553/4004 1836/2495/3946 1833/2492/3945 1694/2554/3985
f 1835/2494/3947 1830/2486/3943 1773/2490/3888 1834/2493/3948
f 1839/2500/3952 1827/2482/3940 1830/2486/3943 1835/2494/3947
f 1841/2502/3954 1824/2478/3937 1827/2482/3940 1839/2500/3952
f 1843/2504/3956 1821/2474/3934 1824/2478/3937 1841/2502/3954
f 1845/2506/3958 1818/2470/3931 1821/2474/3934 1843/2504/3956
f 1847/2508/3960 1815/2466/3928 1818/2470/3931 1845/2506/3958
f 1849/2510/3962 1812/2462/3925 1815/2466/3928 1847/2508/3960
f 1851/2512/3964 1809/2458/3922 1812/2462/3925 1849/2510/3962
f 1853/2514/3966 1806/2454/3919 1809/2458/3922 1851/2512/3964
f 1855/2516/3968 1803/2450/3916 1806/2454/3919 1853/2514/3966
f 1857/2518/3970 1800/2446/3913 1803/2450/3916 1855/2516/3968
f 1859/2520/3972 1797/2442/3910 1800/2446/3913 1857/2518/3970
f 1861/2522/3974 1794/2438/3907 1797/2442/3910 1859/2520/3972
f 1863/2524/3976 1791/2434/3904 1794/2438/3907 1861/2522/3974
f 1865/2526/3978 1788/2430/3901 1791/2434/3904 1863/2524/3976
f 1867/2528/3980 1785/2426/3898 1788/2430/3901 1865/2526/3978
f 1869/2530/3982 1782/2422/3895 1785/2426/3898 1867/2528/3980
f 1871/2532/3984 1779/2418/3892 1782/2422/3895 1869/2530/3982
f 1838/2499/3949 1775/2412/3887 1779/2418/3892 1871/2532/3984
f 1834/2496/3948 1773/2411/3888 1775/2412/3887 1838/2499/3949
s 18
f 1513/2250/4005 1656/2149/4006 1654/2146/4007 1532/2288/4008
f 1532/2288/4008 1654/2146/4007 1658/2150/4009 1531/2286/4010
f 1531/2286/4010 1658/2150/4009 1660/2152/4011 1530/2284/4012
f 1530/2284/4012 1660/2152/4011 1662/2154/4013 1529/2282/4014
f 1529/2282/4014 1662/2154/4013 1664/2156/4015 1528/2280/4016
f 1528/2280/4016 1664/2156/4015 1666/2158/4017 1527/2278/4018
f 1527/2278/4018 1666/2158/4017 1668/2160/4019 1526/2276/4020
f 1526/2276/4020 1668/2160/4019 1670/2162/4021 1525/2274/4022
f 1525/2274/4022 1670/2162/4021 1672/2164/4023 1524/2272/4024
f 1524/2272/4024 1672/2164/4023 1674/2166/4025 1523/2270/4026
f 1523/2270/4026 1674/2166/4025 1676/2168/4027 1522/2268/4028
f 1522/2268/4028 1676/2168/4027 1678/2170/4029 1521/2266/4030
f 1521/2266/4030 1678/2170/4029 1680/2172/4031 1520/2264/4032
f 1520/2264/4032 1680/2172/4031 1682/2174/4033 1519/2262/4034
f 1519/2262/4034 1682/2174/4033 1684/2176/4035 1518/2260/4036
f 1518/2260/4036 1684/2176/4035 1686/2178/4037 1517/2258/4038
f 1517/2258/4038 1686/2178/4037 1688/2180/4039 1516/2256/4040
f 1516/2256/4040 1688/2180/4039 1690/2182/4041 1515/2254/4042
f 1515/2254/4042 1690/2182/4041 1692/2184/4043 1514/2251/4044
f 1514/2251/4044 1692/2184/4043 1656/2149/4006 1513/2250/4005
s 11
f 1876/2555/4045 1736/2249/4046 1752/2248/4047 1892/2556/4048
f 1735/2231/4049 1736/2249/4046 1876/2555/4045 1875/2557/4050
f 1733/2230/4051 1735/2231/4049 1875/2557/4050 1873/2558/4052
f 1874/2559/4053 1734/2232/4054 1733/2230/4051 1873/2558/4052
f 1877/2560/4055 1737/2233/4056 1734/2232/4054 1874/2559/4053
f 1878/2561/4057 1738/2234/4058 1737/2233/4056 1877/2560/4055
f 1879/2562/4059 1739/2235/4060 1738/2234/4058 1878/2561/4057
f 1880/2563/4061 1740/2236/4062 1739/2235/4060 1879/2562/4059
f 1881/2564/4063 1741/2237/4064 1740/2236/4062 1880/2563/4061
f 1882/2228/3523 1742/2238/4065 1741/2237/4064 1881/2564/4063
f 1883/2229/3522 1743/2239/4066 1742/2238/4065 1882/2228/3523
f 1884/2226/3521 1744/2240/4067 1743/2239/4066 1883/2229/3522
f 1885/2565/4068 1745/2241/4069 1744/2240/4067 1884/2226/3521
f 1886/2566/4070 1746/2242/4071 1745/2241/4069 1885/2565/4068
f 1887/2567/4072 1747/2243/4073 1746/2242/4071 1886/2566/4070
f 1888/2568/4074 1748/2244/4075 1747/2243/4073 1887/2567/4072
f 1889/2569/4076 1749/2245/4077 1748/2244/4075 1888/2568/4074
f 1890/2570/4078 1750/2246/4079 1749/2245/4077 1889/2569/4076
f 1891/2571/4080 1751/2247/4081 1750/2246/4079 1890/2570/4078
f 1892/2556/4048 1752/2248/4047 1751/2247/4081 1891/2571/4080
f 1900/2572/4082 1873/2558/4052 1875/2557/4050 1876/2555/4045
f 1899/2573/4083 1874/2559/4053 1873/2558/4052 1900/2572/4082
f 1898/2574/4084 1877/2560/4055 1874/2559/4053 1899/2573/4083
f 1897/2575/4085 1878/2561/4057 1877/2560/4055 1898/2574/4084
f 1896/2576/4086 1879/2562/4059 1878/2561/4057 1897/2575/4085
f 1895/2577/4087 1880/2563/4061 1879/2562/4059 1896/2576/4086
f 1894/2578/4088 1881/2564/4063 1880/2563/4061 1895/2577/4087
f 1893/2227/3524 1882/2228/3523 1881/2564/4063 1894/2578/4088
f 1885/2565/4068 1884/2226/3521 1893/2227/3524
f 1886/2566/4070 1885/2565/4068 1893/2227/3524 1894/2578/4088
f 1887/2567/4072 1886/2566/4070 1894/2578/4088 1895/2577/4087
f 1888/2568/4074 1887/2567/4072 1895/2577/4087 1896/2576/4086
f 1889/2569/4076 1888/2568/4074 1896/2576/4086 1897/2575/4085
f 1890/2570/4078 1889/2569/4076 1897/2575/4085 1898/2574/4084
f 1891/2571/4080 1890/2570/4078 1898/2574/4084 1899/2573/4083
f 1892/2556/4048 1891/2571/4080 1899/2573/4083 1900/2572/4082
f 1892/2556/4048 1900/2572/4082 1876/2555/4045
s 20
f 1554/1913/4089 1553/1914/4090 2105/2580/4091 2106/2579/4092
f 1555/1915/4093 1554/1913/4089 2106/2579/4092 2107/2581/4094
f 1556/1916/4095 1555/1915/4093 2107/2581/4094 2108/2582/4096
f 1557/1917/4097 1556/1916/4095 2108/2582/4096 2109/2583/4098
f 1558/1918/4099 1557/1917/4097 2109/2583/4098 2110/2584/4100
f 1559/1919/4101 1558/1918/4099 2110/2584/4100 2111/2585/4102
f 1560/1920/4103 1559/1919/4101 2111/2585/4102 2112/2586/4104
f 1561/1921/4105 1560/1920/4103 2112/2586/4104 2113/2587/4106
f 1562/1922/4107 1561/1921/4105 2113/2587/4106 2114/2588/4108
f 1563/1923/4109 1562/1922/4107 2114/2588/4108 2115/2589/4110
f 1564/1924/4111 1563/1923/4109 2115/2589/4110 2116/2590/4112
f 1565/1925/4113 1564/1924/4111 2116/2590/4112 2117/2591/4114
f 1566/1926/4115 1565/1925/4113 2117/2591/4114 2118/2592/4116
f 1567/1927/4117 1566/1926/4115 2118/2592/4116 2119/2593/4118
f 1568/1928/4119 1567/1927/4117 2119/2593/4118 2120/2594/4120
f 1569/1929/4121 1568/1928/4119 2120/2594/4120 2121/2595/4122
f 1570/1930/4123 1569/1929/4121 2121/2595/4122 2122/2596/4124
f 1571/1931/4125 1570/1930/4123 2122/2596/4124 2123/2597/4126
f 1572/1932/4127 1571/1931/4125 2123/2597/4126 2124/2598/4128
f 1553/1914/4090 1572/1932/4127 2124/2598/4128 2105/2580/4091
g default
v 2.084903 7.703506 0.711683
v 2.027367 7.703506 0.598764
v 1.937752 7.703506 0.509149
v 1.824831 7.703506 0.451613
v 1.699657 7.703506 0.431788
v 1.574484 7.703506 0.451613
v 1.461562 7.703506 0.509149
v 1.371948 7.703506 0.598764
v 1.314412 7.703506 0.711683
v 1.294586 7.703506 0.836859
v 1.314412 7.703506 0.962033
v 1.371948 7.703506 1.074952
v 1.461562 7.703506 1.164569
v 1.574484 7.703506 1.222103
v 1.699657 7.703506 1.241930
v 1.824831 7.703506 1.222103
v 1.937752 7.703506 1.164569
v 2.027367 7.703506 1.074952
v 2.084903 7.703506 0.962033
v 2.104728 7.703506 0.836859
v 1.977518 7.937742 0.746574
v 1.936020 7.937742 0.665131
v 1.871385 7.937742 0.600496
v 1.789940 7.937742 0.558997
v 1.699657 7.937742 0.544697
v 1.609375 7.937742 0.558997
v 1.527930 7.937742 0.600496
v 1.463295 7.937742 0.665131
v 1.421796 7.937742 0.746574
v 1.407497 7.937742 0.836859
v 1.421796 7.937742 0.927141
v 1.463295 7.937742 1.008586
v 1.527930 7.937742 1.073221
v 1.609375 7.937742 1.114719
v 1.699657 7.937742 1.129019
v 1.789940 7.937742 1.114719
v 1.871385 7.937742 1.073221
v 1.936020 7.937742 1.008586
v 1.977518 7.937742 0.927141
v 1.991817 7.937742 0.836859
v 1.977518 8.059464 0.746574
v 1.936020 8.059464 0.665131
v 1.871385 8.059464 0.600496
v 1.789940 8.059464 0.558997
v 1.699657 8.059464 0.544697
v 1.609375 8.059464 0.558997
v 1.527930 8.059464 0.600496
v 1.463295 8.059464 0.665131
v 1.421796 8.059464 0.746574
v 1.407497 8.059464 0.836859
v 1.421796 8.059464 0.927141
v 1.463295 8.059464 1.008586
v 1.527930 8.059464 1.073221
v 1.609375 8.059464 1.114719
v 1.699657 8.059464 1.129019
v 1.789940 8.059464 1.114719
v 1.871385 8.059464 1.073221
v 1.936020 8.059464 1.008586
v 1.977518 8.059464 0.927141
v 1.991817 8.059464 0.836859
v 2.027396 7.926818 0.730368
v 1.978449 7.926818 0.634305
v 1.978449 8.070383 0.634305
v 2.027396 8.070383 0.730368
v 1.902211 7.926818 0.558066
v 1.902211 8.070383 0.558066
v 1.806146 7.926818 0.509119
v 1.806146 8.070383 0.509119
v 1.699657 7.926818 0.492252
v 1.699657 8.070383 0.492252
v 1.593168 7.926818 0.509119
v 1.593168 8.070383 0.509119
v 1.497103 7.926818 0.558066
v 1.497103 8.070383 0.558066
v 1.420866 7.926818 0.634305
v 1.420866 8.070383 0.634305
v 1.371918 7.926818 0.730368
v 1.371918 8.070383 0.730368
v 1.355052 7.926818 0.836859
v 1.355052 8.070383 0.836859
v 1.371918 7.926818 0.943348
v 1.371918 8.070383 0.943348
v 1.420866 7.926818 1.039413
v 1.420866 8.070383 1.039413
v 1.497103 7.926818 1.115650
v 1.497103 8.070383 1.115650
v 1.593168 7.926818 1.164597
v 1.593168 8.070383 1.164597
v 1.699657 7.926818 1.181464
v 1.699657 8.070383 1.181464
v 1.806146 7.926818 1.164597
v 1.806146 8.070383 1.164597
v 1.902211 7.926818 1.115650
v 1.902211 8.070383 1.115650
v 1.978449 7.926818 1.039413
v 1.978449 8.070383 1.039413
v 2.027396 7.926818 0.943348
v 2.027396 8.070383 0.943348
v 2.044263 7.926818 0.836859
v 2.044263 8.070383 0.836859
v 1.963338 8.239419 0.751183
v 1.923957 8.239419 0.673894
v 2.013216 8.250343 0.734977
v 1.966386 8.250343 0.643069
v 1.862621 8.239419 0.612559
v 1.893447 8.250343 0.570130
v 1.785332 8.239419 0.573179
v 1.801538 8.250343 0.523301
v 1.699657 8.239419 0.559608
v 1.699657 8.250343 0.507164
v 1.613982 8.239419 0.573178
v 1.597776 8.250343 0.523300
v 1.536694 8.239419 0.612558
v 1.505867 8.250343 0.570129
v 1.475357 8.239419 0.673894
v 1.432928 8.250343 0.643069
v 1.435977 8.239419 0.751183
v 1.386099 8.250343 0.734977
v 1.422408 8.239419 0.836859
v 1.369962 8.250343 0.836859
v 1.435977 8.239419 0.922534
v 1.386099 8.250343 0.938740
v 1.475357 8.239419 0.999822
v 1.432928 8.250343 1.030649
v 1.536694 8.239419 1.061157
v 1.505867 8.250343 1.103588
v 1.613982 8.239419 1.100538
v 1.597776 8.250343 1.150415
v 1.699657 8.239419 1.114109
v 1.699657 8.250343 1.166554
v 1.785332 8.239419 1.100538
v 1.801539 8.250343 1.150415
v 1.862621 8.239419 1.061157
v 1.893447 8.250343 1.103588
v 1.923957 8.239419 0.999822
v 1.966386 8.250343 1.030649
v 1.963337 8.239419 0.922534
v 2.013216 8.250343 0.938740
v 1.976907 8.239419 0.836859
v 2.029352 8.250343 0.836859
v 2.504121 6.902666 0.836860
v 2.288146 7.433947 0.836860
v 2.464748 6.902667 0.588266
v 2.259343 7.433947 0.655004
v 2.464748 6.902667 1.085452
v 2.259343 7.433947 1.018712
v 2.350482 6.902667 1.309711
v 2.175755 7.433948 1.182762
v 2.172509 6.902667 1.487684
v 2.045562 7.433948 1.312956
v 1.948250 6.902667 1.601950
v 1.881510 7.433948 1.396544
v 1.699657 6.902667 1.641323
v 1.699657 7.433948 1.425347
v 1.451064 6.902667 1.601950
v 1.517805 7.433948 1.396544
v 1.226805 6.902667 1.487684
v 1.353752 7.433948 1.312956
v 1.048832 6.902667 1.309711
v 1.223559 7.433948 1.182761
v 0.934567 6.902667 1.085452
v 1.139971 7.433947 1.018712
v 0.895194 6.902666 0.836859
v 1.111168 7.433947 0.836859
v 0.934567 6.902667 0.588266
v 1.139971 7.433947 0.655004
v 1.048832 6.902666 0.364007
v 1.223559 7.433947 0.490954
v 1.226805 6.902667 0.186034
v 1.353752 7.433947 0.360761
v 1.451064 6.902667 0.071768
v 1.517804 7.433948 0.277172
v 1.699657 6.902667 0.032395
v 1.699657 7.433948 0.248370
v 1.948251 6.902667 0.071768
v 1.881510 7.433948 0.277172
v 2.172510 6.902667 0.186034
v 2.045563 7.433948 0.360761
v 2.350482 6.902667 0.364007
v 2.175755 7.433947 0.490954
v 2.698303 0.733053 0.836860
v 2.649425 0.733053 0.528261
v 2.384547 0.765238 0.836859
v 2.351026 0.765237 0.625217
v 2.649425 0.733053 1.145458
v 2.351026 0.765237 1.048502
v 2.507577 0.733053 1.423848
v 2.253744 0.765238 1.239425
v 2.286645 0.733053 1.644781
v 2.102225 0.765237 1.390947
v 2.008255 0.733053 1.786624
v 1.911300 0.765238 1.488227
v 1.699657 0.733053 1.835504
v 1.699657 0.765237 1.521750
v 1.391060 0.733053 1.786624
v 1.488015 0.765238 1.488227
v 1.112669 0.733053 1.644781
v 1.297089 0.765237 1.390947
v 0.891737 0.733053 1.423848
v 1.145571 0.765238 1.239425
v 0.749890 0.733053 1.145458
v 1.048288 0.765237 1.048502
v 0.701012 0.733053 0.836860
v 1.014768 0.765237 0.836860
v 0.749890 0.733053 0.528261
v 1.048289 0.765237 0.625217
v 0.891737 0.733053 0.249870
v 1.145570 0.765237 0.434291
v 1.112669 0.733053 0.028938
v 1.297089 0.765237 0.282771
v 1.391059 0.733053 -0.112909
v 1.488015 0.765237 0.185490
v 1.699657 0.733053 -0.161786
v 1.699657 0.765237 0.151969
v 2.008256 0.733053 -0.112909
v 1.911300 0.765237 0.185490
v 2.286646 0.733053 0.028938
v 2.102225 0.765237 0.282771
v 2.507579 0.733053 0.249870
v 2.253745 0.765238 0.434291
v 2.325769 0.912080 0.836859
v 2.295126 0.912080 1.030339
v 2.295126 0.912080 0.643380
v 2.206193 0.912080 0.468839
v 2.206192 0.912080 1.204877
v 2.067677 0.912080 1.343395
v 1.893137 0.912080 1.432327
v 1.699657 0.912080 1.462972
v 1.506178 0.912080 1.432327
v 1.331638 0.912080 1.343395
v 1.193122 0.912080 1.204877
v 1.104189 0.912080 1.030339
v 1.073545 0.912080 0.836860
v 1.104189 0.912080 0.643380
v 1.193122 0.912080 0.468839
v 1.331638 0.912080 0.330323
v 1.506178 0.912079 0.241390
v 1.699657 0.912079 0.210746
v 1.893137 0.912079 0.241390
v 2.067677 0.912080 0.330323
v 2.579878 6.491471 0.197341
v 2.734418 6.491471 0.500645
v 2.339175 6.491471 -0.043362
v 2.035872 6.491471 -0.197902
v 1.699657 6.491472 -0.251154
v 1.363443 6.491471 -0.197903
v 1.060139 6.491472 -0.043362
v 0.819437 6.491472 0.197342
v 0.664896 6.491472 0.500646
v 0.611646 6.491471 0.836860
v 0.664897 6.491471 1.173074
v 0.819437 6.491471 1.476377
v 1.060140 6.491471 1.717080
v 1.363443 6.491471 1.871621
v 1.699657 6.491471 1.924872
v 2.035871 6.491471 1.871621
v 2.339175 6.491471 1.717080
v 2.579877 6.491471 1.476377
v 2.734418 6.491472 1.173073
v 2.787669 6.491471 0.836860
v 3.034532 5.365305 0.403133
v 2.999742 5.773309 0.414436
v 2.835169 5.365305 0.011861
v 2.805575 5.773309 0.033363
v 2.896193 6.163669 0.448082
v 2.717491 6.163669 0.097359
v 2.524656 5.365305 -0.298653
v 2.503154 5.773309 -0.269059
v 2.439157 6.163669 -0.180975
v 2.133384 5.365305 -0.498016
v 2.122080 5.773309 -0.463225
v 2.088435 6.163669 -0.359676
v 1.699657 5.365305 -0.566711
v 1.699657 5.773309 -0.530131
v 1.699657 6.163669 -0.421253
v 1.265930 5.365305 -0.498016
v 1.277234 5.773309 -0.463225
v 1.310879 6.163669 -0.359676
v 0.874659 5.365305 -0.298653
v 0.896161 5.773309 -0.269059
v 0.960158 6.163669 -0.180974
v 0.564146 5.365305 0.011862
v 0.593740 5.773309 0.033363
v 0.681824 6.163669 0.097360
v 0.364784 5.365305 0.403133
v 0.399574 5.773309 0.414436
v 0.503123 6.163669 0.448082
v 0.296088 5.365305 0.836860
v 0.332669 5.773309 0.836860
v 0.441546 6.163669 0.836860
v 0.364784 5.365305 1.270587
v 0.399574 5.773309 1.259283
v 0.503123 6.163669 1.225637
v 0.564146 5.365305 1.661858
v 0.593740 5.773309 1.640355
v 0.681824 6.163669 1.576359
v 0.874659 5.365305 1.972372
v 0.896161 5.773309 1.942777
v 0.960158 6.163669 1.854693
v 1.265930 5.365305 2.171734
v 1.277234 5.773309 2.136944
v 1.310880 6.163669 2.033394
v 1.699657 5.365305 2.240430
v 1.699657 5.773309 2.203849
v 1.699657 6.163669 2.094970
v 2.133384 5.365305 2.171734
v 2.122080 5.773309 2.136944
v 2.088435 6.163669 2.033394
v 2.524654 5.365305 1.972372
v 2.503153 5.773309 1.942777
v 2.439156 6.163669 1.854693
v 2.835169 5.365305 1.661858
v 2.805574 5.773309 1.640355
v 2.717490 6.163669 1.576359
v 3.034531 5.365305 1.270587
v 2.999740 5.773309 1.259283
v 2.896192 6.163669 1.225637
v 3.103226 5.365305 0.836860
v 3.066646 5.773309 0.836860
v 2.957768 6.163669 0.836860
v 2.870165 0.964021 0.456538
v 3.032229 1.458916 0.403881
v 3.100805 1.458916 0.836860
v 2.930401 0.964021 0.836860
v 2.695351 0.964021 0.113445
v 2.833210 1.458916 0.013284
v 3.032228 1.458916 1.269838
v 2.870165 0.964020 1.217181
v 2.833210 1.458916 1.660434
v 2.695350 0.964021 1.560273
v 2.523231 1.458916 1.970413
v 2.423070 0.964020 1.832553
v 2.132636 1.458916 2.169432
v 2.079978 0.964021 2.007367
v 1.699657 1.458916 2.238008
v 1.699657 0.964020 2.067604
v 1.266679 1.458916 2.169432
v 1.319336 0.964021 2.007367
v 0.876082 1.458916 1.970413
v 0.976244 0.964021 1.832553
v 0.566105 1.458916 1.660434
v 0.703964 0.964021 1.560273
v 0.367086 1.458916 1.269838
v 0.529150 0.964020 1.217181
v 0.298510 1.458916 0.836860
v 0.468913 0.964021 0.836860
v 0.367086 1.458916 0.403881
v 0.529150 0.964020 0.456538
v 0.566105 1.458916 0.013285
v 0.703964 0.964021 0.113446
v 0.876082 1.458916 -0.296694
v 0.976243 0.964021 -0.158835
v 1.266679 1.458916 -0.495713
v 1.319336 0.964021 -0.333649
v 1.699657 1.458916 -0.564290
v 1.699657 0.964021 -0.393886
v 2.132636 1.458916 -0.495713
v 2.079978 0.964021 -0.333649
v 2.523232 1.458916 -0.296695
v 2.423071 0.964021 -0.158835
v 1.856185 0.864014 0.836859
v 1.848524 0.864014 0.885229
v 1.848524 0.864015 0.788489
v 1.826291 0.864014 0.744854
v 1.826291 0.864014 0.928864
v 1.791662 0.864015 0.963493
v 1.748027 0.864014 0.985726
v 1.699657 0.864014 0.993387
v 1.651287 0.864014 0.985726
v 1.607652 0.864015 0.963493
v 1.573024 0.864015 0.928864
v 1.550790 0.864015 0.885229
v 1.543129 0.864015 0.836859
v 1.550790 0.864015 0.788489
v 1.573024 0.864015 0.744854
v 1.607652 0.864014 0.710225
v 1.651287 0.864014 0.687992
v 1.699657 0.864014 0.680331
v 1.748027 0.864014 0.687992
v 1.791662 0.864014 0.710225
v 1.564274 0.864015 0.878359
v 1.589922 0.864014 0.865290
v 1.625224 0.864014 0.847303
v 1.666723 0.864014 0.826158
v 1.710358 0.864014 0.803925
v 1.751858 0.864014 0.782780
v 1.787159 0.864014 0.764793
v 1.812807 0.864014 0.751724
v 2.559316 6.950912 0.836860
v 2.351717 7.481900 0.836860
v 2.517242 6.950913 0.571210
v 2.319803 7.481900 0.635360
v 2.517242 6.950913 1.102508
v 2.319803 7.481900 1.038357
v 2.395137 6.950913 1.342154
v 2.227185 7.481901 1.220127
v 2.204952 6.950913 1.532338
v 2.082928 7.481901 1.364386
v 1.965306 6.950913 1.654444
v 1.901154 7.481901 1.457004
v 1.699657 6.950913 1.696519
v 1.699657 7.481901 1.488918
v 1.434008 6.950913 1.654444
v 1.498160 7.481901 1.457004
v 1.194362 6.950913 1.532338
v 1.316386 7.481901 1.364386
v 1.004178 6.950913 1.342154
v 1.172129 7.481901 1.220127
v 0.882073 6.950913 1.102508
v 1.079512 7.481900 1.038356
v 0.839998 6.950912 0.836859
v 1.047597 7.481900 0.836859
v 0.882073 6.950913 0.571210
v 1.079512 7.481900 0.635359
v 1.004178 6.950912 0.331564
v 1.172129 7.481900 0.453588
v 1.194362 6.950913 0.141379
v 1.316386 7.481900 0.309332
v 1.434008 6.950913 0.019274
v 1.498160 7.481901 0.216713
v 1.699657 6.950913 -0.022801
v 1.699657 7.481901 0.184799
v 1.965307 6.950913 0.019274
v 1.901154 7.481901 0.216713
v 2.204953 6.950913 0.141379
v 2.082928 7.481901 0.309332
v 2.395137 6.950913 0.331564
v 2.227185 7.481900 0.453588
v 2.696412 0.628645 0.836859
v 2.647627 0.628645 0.528845
v 2.312979 0.672041 0.836859
v 2.282961 0.672041 0.647332
v 2.647627 0.628645 1.144873
v 2.282962 0.672041 1.026386
v 2.506047 0.628645 1.422737
v 2.195844 0.672041 1.197359
v 2.285535 0.628645 1.643250
v 2.060159 0.672041 1.333048
v 2.007671 0.628644 1.784825
v 1.889184 0.672041 1.420163
v 1.699657 0.628645 1.833613
v 1.699657 0.672041 1.450182
v 1.391643 0.628644 1.784825
v 1.510131 0.672041 1.420163
v 1.113780 0.628645 1.643250
v 1.339156 0.672041 1.333048
v 0.893267 0.628645 1.422737
v 1.203470 0.672041 1.197359
v 0.751688 0.628645 1.144873
v 1.116353 0.672041 1.026386
v 0.702903 0.628645 0.836859
v 1.086335 0.672041 0.836860
v 0.751688 0.628645 0.528846
v 1.116353 0.672041 0.647333
v 0.893267 0.628645 0.250982
v 1.203470 0.672041 0.476357
v 1.113780 0.628645 0.030468
v 1.339156 0.672041 0.340670
v 1.391643 0.628645 -0.111111
v 1.510130 0.672041 0.253554
v 1.699657 0.628645 -0.159895
v 1.699657 0.672041 0.223536
v 2.007671 0.628645 -0.111111
v 1.889184 0.672041 0.253554
v 2.285534 0.628645 0.030468
v 2.060159 0.672041 0.340670
v 2.506049 0.628645 0.250983
v 2.195845 0.672041 0.476357
v 1.545935 0.764008 0.886807
v 1.564274 0.764015 0.878359
v 1.604652 0.764008 0.967623
v 1.567519 0.764122 0.932863
v 2.259841 0.804796 0.836860
v 2.232424 0.804796 0.663753
v 2.232424 0.804796 1.009966
v 2.152854 0.804796 1.166126
v 2.028924 0.804796 1.290058
v 1.872764 0.804796 1.369625
v 1.699657 0.804796 1.397043
v 1.526552 0.804796 1.369625
v 1.370389 0.804796 1.290058
v 1.246459 0.804796 1.166125
v 1.166891 0.804796 1.009966
v 1.139474 0.804796 0.836859
v 1.166891 0.804796 0.663753
v 1.246460 0.804796 0.507591
v 1.370389 0.804796 0.383661
v 1.526551 0.804796 0.304092
v 1.699657 0.804796 0.276675
v 1.872765 0.804796 0.304092
v 2.028924 0.804796 0.383659
v 2.152856 0.804796 0.507592
v 2.066579 7.798170 0.570262
v 2.131006 7.798170 0.696703
v 1.966247 7.798170 0.469933
v 1.839819 7.798170 0.405514
v 1.699652 7.798170 0.383311
v 1.559496 7.798170 0.405512
v 1.433092 7.798171 0.469921
v 1.332718 7.798169 0.570283
v 1.268310 7.798170 0.696702
v 1.246111 7.798170 0.836862
v 1.268308 7.798170 0.977004
v 1.332735 7.798170 1.103456
v 1.433072 7.798170 1.203788
v 1.559497 7.798171 1.268203
v 1.699662 7.798170 1.290406
v 1.839809 7.798170 1.268206
v 1.966226 7.798170 1.203796
v 2.066588 7.798170 1.103443
v 2.131009 7.798170 0.977005
v 2.153203 7.798170 0.836859
v 2.107477 7.803529 0.704352
v 2.046569 7.803529 0.584813
v 2.046566 8.074570 0.584815
v 2.107473 8.074570 0.704349
v 1.951704 7.803528 0.489946
v 1.951701 8.074570 0.489950
v 1.832166 7.803528 0.429039
v 1.832164 8.074570 0.429043
v 1.699657 7.803529 0.408051
v 1.699657 8.074570 0.408056
v 1.567149 7.803529 0.429039
v 1.567150 8.074570 0.429043
v 1.447611 7.803528 0.489946
v 1.447613 8.074570 0.489950
v 1.352746 7.803529 0.584813
v 1.352749 8.074570 0.584815
v 1.291838 7.803529 0.704348
v 1.291842 8.074570 0.704349
v 1.270851 7.803529 0.836859
v 1.270855 8.074570 0.836859
v 1.291838 7.803528 0.969367
v 1.291842 8.074570 0.969366
v 1.352745 7.803529 1.088905
v 1.352749 8.074570 1.088903
v 1.447611 7.803529 1.183770
v 1.447614 8.074570 1.183767
v 1.567148 7.803529 1.244677
v 1.567150 8.074570 1.244673
v 1.699657 7.803529 1.265666
v 1.699657 8.074570 1.265662
v 1.832166 7.803529 1.244677
v 1.832165 8.074570 1.244673
v 1.951703 7.803528 1.183770
v 1.951701 8.074570 1.183767
v 2.046569 7.803528 1.088905
v 2.046566 8.074570 1.088903
v 2.107476 7.803529 0.969368
v 2.107473 8.074570 0.969366
v 2.128464 7.803529 0.836859
v 2.128460 8.074570 0.836859
v 2.025520 8.365217 0.730971
v 1.976854 8.365216 0.635460
v 2.084957 8.371610 0.711667
v 2.027415 8.371610 0.598733
v 1.901057 8.365216 0.559666
v 1.937775 8.371610 0.509098
v 1.805535 8.365216 0.510996
v 1.824853 8.371610 0.451560
v 1.699656 8.365217 0.494224
v 1.699640 8.371609 0.431734
v 1.593777 8.365216 0.510994
v 1.574484 8.371610 0.451549
v 1.498260 8.365216 0.559662
v 1.461526 8.371610 0.509105
v 1.422460 8.365216 0.635460
v 1.371902 8.371610 0.598730
v 1.373793 8.365217 0.730977
v 1.314356 8.371609 0.711674
v 1.357023 8.365216 0.836859
v 1.294529 8.371609 0.836858
v 1.373793 8.365217 0.942739
v 1.314357 8.371609 0.962050
v 1.422459 8.365216 1.038252
v 1.371895 8.371610 1.074981
v 1.498261 8.365216 1.114053
v 1.461524 8.371610 1.164612
v 1.593780 8.365216 1.162722
v 1.574472 8.371610 1.222158
v 1.699657 8.365217 1.179493
v 1.699664 8.371609 1.241987
v 1.805534 8.365217 1.162722
v 1.824851 8.371609 1.222156
v 1.901054 8.365217 1.114052
v 1.937792 8.371609 1.164609
v 1.976855 8.365216 1.038253
v 2.027406 8.371610 1.075003
v 2.025522 8.365217 0.942739
v 2.084958 8.371609 0.962046
v 2.042291 8.365217 0.836860
v 2.104786 8.371609 0.836860
v 1.949961 8.051105 0.755528
v 1.912578 8.051105 0.682164
v 1.854354 8.051104 0.623938
v 1.780985 8.051104 0.586553
v 1.699657 8.051104 0.573672
v 1.618329 8.051104 0.586554
v 1.544961 8.051105 0.623937
v 1.486736 8.051105 0.682164
v 1.449354 8.051105 0.755528
v 1.436473 8.051105 0.836859
v 1.449354 8.051105 0.918188
v 1.486736 8.051104 0.991555
v 1.544961 8.051104 1.049780
v 1.618329 8.051104 1.087162
v 1.699657 8.051105 1.100044
v 1.780985 8.051104 1.087162
v 1.854354 8.051104 1.049780
v 1.912578 8.051104 0.991555
v 1.949961 8.051105 0.918188
v 1.962842 8.051105 0.836859
v 2.613657 6.543562 0.172799
v 2.774128 6.543562 0.487743
v 2.363717 6.543562 -0.077140
v 2.048774 6.543562 -0.237612
v 1.699657 6.543563 -0.292907
v 1.350541 6.543562 -0.237612
v 1.035598 6.543562 -0.077140
v 0.785658 6.543563 0.172800
v 0.625187 6.543563 0.487743
v 0.569893 6.543562 0.836860
v 0.625187 6.543562 1.185976
v 0.785659 6.543562 1.500918
v 1.035598 6.543562 1.750859
v 1.350541 6.543562 1.911330
v 1.699657 6.543562 1.966625
v 2.048774 6.543562 1.911331
v 2.363716 6.543562 1.750859
v 2.613656 6.543562 1.500918
v 2.774127 6.543563 1.185976
v 2.829421 6.543562 0.836860
v 3.076106 5.369803 0.389624
v 3.041476 5.791576 0.400877
v 2.870534 5.369803 -0.013833
v 2.841076 5.791576 0.007569
v 2.936919 6.200927 0.434849
v 2.752135 6.200927 0.072189
v 2.550350 5.369803 -0.334019
v 2.528947 5.791576 -0.304560
v 2.464327 6.200927 -0.215619
v 2.146893 5.369803 -0.539590
v 2.135640 5.791576 -0.504959
v 2.101668 6.200927 -0.400403
v 1.699657 5.369804 -0.610425
v 1.699657 5.791576 -0.574012
v 1.699657 6.200927 -0.464075
v 1.252422 5.369804 -0.539590
v 1.263674 5.791576 -0.504959
v 1.297646 6.200927 -0.400403
v 0.848964 5.369804 -0.334018
v 0.870368 5.791576 -0.304560
v 0.934987 6.200927 -0.215618
v 0.528780 5.369803 -0.013833
v 0.558239 5.791576 0.007570
v 0.647180 6.200927 0.072190
v 0.323209 5.369804 0.389625
v 0.357840 5.791576 0.400876
v 0.462396 6.200927 0.434849
v 0.252374 5.369804 0.836860
v 0.288787 5.791576 0.836860
v 0.398724 6.200927 0.836860
v 0.323209 5.369804 1.284095
v 0.357840 5.791576 1.272843
v 0.462396 6.200927 1.238870
v 0.528780 5.369803 1.687552
v 0.558239 5.791576 1.666148
v 0.647180 6.200927 1.601529
v 0.848965 5.369804 2.007737
v 0.870368 5.791576 1.978278
v 0.934987 6.200927 1.889337
v 1.252422 5.369803 2.213309
v 1.263674 5.791577 2.178678
v 1.297647 6.200927 2.074121
v 1.699657 5.369803 2.284144
v 1.699657 5.791577 2.247731
v 1.699657 6.200927 2.137792
v 2.146893 5.369804 2.213309
v 2.135640 5.791577 2.178678
v 2.101668 6.200927 2.074121
v 2.550349 5.369803 2.007737
v 2.528946 5.791576 1.978278
v 2.464326 6.200927 1.889337
v 2.870534 5.369804 1.687552
v 2.841075 5.791576 1.666148
v 2.752135 6.200927 1.601529
v 3.076105 5.369804 1.284095
v 3.041474 5.791576 1.272843
v 2.936918 6.200927 1.238870
v 3.146940 5.369804 0.836860
v 3.110527 5.791576 0.836860
v 3.000590 6.200927 0.836860
v 2.906209 0.909963 0.444826
v 3.073822 1.441943 0.390367
v 3.144538 1.441943 0.836860
v 2.968300 0.909963 0.836860
v 2.726012 0.909963 0.091169
v 2.868591 1.441943 -0.012421
v 3.073821 1.441943 1.283353
v 2.906209 0.909963 1.228893
v 2.868591 1.441943 1.686140
v 2.726011 0.909963 1.582549
v 2.548937 1.441943 2.005794
v 2.445346 0.909963 1.863215
v 2.146151 1.441943 2.211025
v 2.091690 0.909964 2.043411
v 1.699657 1.441943 2.281742
v 1.699657 0.909962 2.105503
v 1.253164 1.441943 2.211025
v 1.307624 0.909964 2.043411
v 0.850376 1.441943 2.005794
v 0.953968 0.909963 1.863214
v 0.530723 1.441943 1.686140
v 0.673304 0.909963 1.582549
v 0.325493 1.441943 1.283353
v 0.493106 0.909963 1.228892
v 0.254776 1.441943 0.836860
v 0.431014 0.909963 0.836860
v 0.325493 1.441943 0.390367
v 0.493106 0.909963 0.444827
v 0.530723 1.441943 -0.012421
v 0.673303 0.909963 0.091170
v 0.850376 1.441943 -0.332075
v 0.953967 0.909963 -0.189496
v 1.253164 1.441943 -0.537306
v 1.307625 0.909963 -0.369693
v 1.699657 1.441943 -0.608024
v 1.699657 0.909963 -0.431784
v 2.146151 1.441943 -0.537306
v 2.091690 0.909963 -0.369693
v 2.548939 1.441943 -0.332076
v 2.445348 0.909964 -0.189496
v 1.794663 0.764008 0.706095
v 1.830421 0.764008 0.741854
v 1.854996 0.764122 0.786387
v 1.861290 0.764008 0.836859
v 1.853379 0.764008 0.886806
v 1.830421 0.764008 0.931864
v 1.794663 0.764008 0.967623
v 1.749605 0.764008 0.990581
v 1.699657 0.764008 0.998492
v 1.649710 0.764008 0.990581
v 1.538025 0.764008 0.836859
v 1.545936 0.764008 0.786912
v 1.568894 0.764008 0.741854
v 1.604652 0.764008 0.706095
v 1.649710 0.764008 0.683137
v 1.699657 0.764008 0.675226
v 1.749605 0.764008 0.683137
v 1.812807 0.764014 0.751724
v 1.787159 0.764014 0.764793
v 1.751858 0.764014 0.782780
v 1.710358 0.764014 0.803925
v 1.666723 0.764014 0.826158
v 1.625224 0.764014 0.847303
v 1.589922 0.764014 0.865290
vt 0.656250 0.843750
vt 0.648603 0.892034
vt 0.648603 0.795466
vt 0.626409 0.751909
vt 0.591842 0.717341
vt 0.548284 0.695147
vt 0.500000 0.687500
vt 0.451716 0.695147
vt 0.408159 0.717341
vt 0.373591 0.751909
vt 0.351397 0.795466
vt 0.343750 0.843750
vt 0.351397 0.892034
vt 0.373591 0.935591
vt 0.408159 0.970159
vt 0.451716 0.992353
vt 0.500000 1.000000
vt 0.548284 0.992353
vt 0.591841 0.970159
vt 0.626409 0.935591
vt 0.648603 0.107966
vt 0.656250 0.156250
vt 0.656250 0.156250
vt 0.648603 0.107966
vt 0.648603 0.204534
vt 0.648603 0.204534
vt 0.626409 0.248091
vt 0.626409 0.248091
vt 0.591841 0.282659
vt 0.591841 0.282659
vt 0.548284 0.304853
vt 0.548284 0.304853
vt 0.500000 0.312500
vt 0.500000 0.312500
vt 0.451716 0.304853
vt 0.451716 0.304853
vt 0.408159 0.282659
vt 0.408159 0.282659
vt 0.373591 0.248091
vt 0.373591 0.248091
vt 0.351397 0.204534
vt 0.351397 0.204534
vt 0.343750 0.156250
vt 0.343750 0.156250
vt 0.351397 0.107966
vt 0.351397 0.107966
vt 0.373591 0.064409
vt 0.373591 0.064409
vt 0.408159 0.029841
vt 0.408159 0.029841
vt 0.451716 0.007647
vt 0.451716 0.007647
vt 0.500000 -0.000000
vt 0.500000 -0.000000
vt 0.548284 0.007647
vt 0.548284 0.007647
vt 0.591842 0.029841
vt 0.591842 0.029841
vt 0.626409 0.064408
vt 0.626409 0.064408
vt 0.656250 0.156250
vt 0.648603 0.204534
vt 0.648603 0.107966
vt 0.626409 0.064408
vt 0.626409 0.248091
vt 0.591841 0.282659
vt 0.548284 0.304853
vt 0.500000 0.312500
vt 0.451716 0.304853
vt 0.408159 0.282659
vt 0.373591 0.248091
vt 0.351397 0.204534
vt 0.343750 0.156250
vt 0.351397 0.107966
vt 0.373591 0.064409
vt 0.408159 0.029841
vt 0.451716 0.007647
vt 0.500000 -0.000000
vt 0.548284 0.007647
vt 0.591842 0.029841
vt 0.626409 0.935591
vt 0.648603 0.892034
vt 0.591841 0.970159
vt 0.548284 0.992353
vt 0.500000 1.000000
vt 0.451716 0.992353
vt 0.408159 0.970159
vt 0.373591 0.935591
vt 0.351397 0.892034
vt 0.343750 0.843750
vt 0.351397 0.795466
vt 0.373591 0.751909
vt 0.408159 0.717341
vt 0.451716 0.695147
vt 0.500000 0.687500
vt 0.548284 0.695147
vt 0.591842 0.717341
vt 0.626409 0.751908
vt 0.648603 0.795466
vt 0.656250 0.843750
vt 0.648603 0.892034
vt 0.626409 0.935591
vt 0.626409 0.935591
vt 0.648603 0.892034
vt 0.591841 0.970159
vt 0.591841 0.970159
vt 0.548284 0.992353
vt 0.548284 0.992353
vt 0.500000 1.000000
vt 0.500000 1.000000
vt 0.451716 0.992353
vt 0.451716 0.992353
vt 0.408159 0.970159
vt 0.408159 0.970159
vt 0.373591 0.935591
vt 0.373591 0.935591
vt 0.351397 0.892034
vt 0.351397 0.892034
vt 0.343750 0.843750
vt 0.343750 0.843750
vt 0.351397 0.795466
vt 0.351397 0.795466
vt 0.373591 0.751909
vt 0.373591 0.751909
vt 0.408159 0.717341
vt 0.408159 0.717341
vt 0.451716 0.695147
vt 0.451716 0.695147
vt 0.500000 0.687500
vt 0.500000 0.687500
vt 0.548284 0.695147
vt 0.548284 0.695147
vt 0.591842 0.717341
vt 0.591842 0.717341
vt 0.626409 0.751908
vt 0.626409 0.751908
vt 0.648603 0.795466
vt 0.648603 0.795466
vt 0.656250 0.843750
vt 0.656250 0.843750
vt 0.626409 0.935591
vt 0.648603 0.892034
vt 0.648603 0.892034
vt 0.626409 0.935591
vt 0.591841 0.970159
vt 0.591841 0.970159
vt 0.548284 0.992353
vt 0.548284 0.992353
vt 0.500000 1.000000
vt 0.500000 1.000000
vt 0.451716 0.992353
vt 0.451716 0.992353
vt 0.408159 0.970159
vt 0.408159 0.970159
vt 0.373591 0.935591
vt 0.373591 0.935591
vt 0.351397 0.892034
vt 0.351397 0.892034
vt 0.343750 0.843750
vt 0.343750 0.843750
vt 0.351397 0.795466
vt 0.351397 0.795466
vt 0.373591 0.751909
vt 0.373591 0.751909
vt 0.408159 0.717341
vt 0.408159 0.717341
vt 0.451716 0.695147
vt 0.451716 0.695147
vt 0.500000 0.687500
vt 0.500000 0.687500
vt 0.548284 0.695147
vt 0.548284 0.695147
vt 0.591842 0.717341
vt 0.591842 0.717341
vt 0.626409 0.751908
vt 0.626409 0.751908
vt 0.648603 0.795466
vt 0.648603 0.795466
vt 0.656250 0.843750
vt 0.656250 0.843750
vt 0.626409 0.935591
vt 0.648603 0.892034
vt 0.591841 0.970159
vt 0.548284 0.992353
vt 0.500000 1.000000
vt 0.451716 0.992353
vt 0.408159 0.970159
vt 0.373591 0.935591
vt 0.351397 0.892034
vt 0.343750 0.843750
vt 0.351397 0.795466
vt 0.373591 0.751909
vt 0.408159 0.717341
vt 0.451716 0.695147
vt 0.500000 0.687500
vt 0.548284 0.695147
vt 0.591842 0.717341
vt 0.626409 0.751908
vt 0.648603 0.795466
vt 0.656250 0.843750
vt 0.648603 0.892034
vt 0.626409 0.935591
vt 0.591841 0.970159
vt 0.548284 0.992353
vt 0.500000 1.000000
vt 0.451716 0.992353
vt 0.408159 0.970159
vt 0.373591 0.935591
vt 0.351397 0.892034
vt 0.343750 0.843750
vt 0.351397 0.795466
vt 0.373591 0.751909
vt 0.408159 0.717341
vt 0.451716 0.695147
vt 0.500000 0.687500
vt 0.548284 0.695147
vt 0.591842 0.717341
vt 0.626409 0.751908
vt 0.648603 0.795466
vt 0.656250 0.843750
vt 0.375000 0.687500
vt 0.375000 0.641945
vt 0.387500 0.641945
vt 0.387500 0.687500
vt 0.644903 0.890832
vt 0.623262 0.933305
vt 0.648603 0.892034
vt 0.626409 0.935591
vt 0.400000 0.641945
vt 0.400000 0.687500
vt 0.589555 0.967012
vt 0.591841 0.970159
vt 0.412500 0.641945
vt 0.412500 0.687500
vt 0.547082 0.988653
vt 0.548284 0.992353
vt 0.425000 0.641945
vt 0.425000 0.687500
vt 0.500000 0.996110
vt 0.500000 1.000000
vt 0.437500 0.641945
vt 0.437500 0.687500
vt 0.452918 0.988653
vt 0.451716 0.992353
vt 0.450000 0.641945
vt 0.450000 0.687500
vt 0.410445 0.967012
vt 0.408159 0.970159
vt 0.462500 0.641945
vt 0.462500 0.687500
vt 0.376738 0.933305
vt 0.373591 0.935591
vt 0.475000 0.641945
vt 0.475000 0.687500
vt 0.355097 0.890832
vt 0.351397 0.892034
vt 0.487500 0.641945
vt 0.487500 0.687500
vt 0.347640 0.843750
vt 0.343750 0.843750
vt 0.500000 0.641945
vt 0.500000 0.687500
vt 0.355097 0.796668
vt 0.351397 0.795466
vt 0.512500 0.641945
vt 0.512500 0.687500
vt 0.376738 0.754195
vt 0.373591 0.751909
vt 0.525000 0.641945
vt 0.525000 0.687500
vt 0.410445 0.720488
vt 0.408159 0.717341
vt 0.537500 0.641945
vt 0.537500 0.687500
vt 0.452918 0.698847
vt 0.451716 0.695147
vt 0.550000 0.641945
vt 0.550000 0.687500
vt 0.500000 0.691390
vt 0.500000 0.687500
vt 0.562500 0.641945
vt 0.562500 0.687500
vt 0.547082 0.698847
vt 0.548284 0.695147
vt 0.575000 0.641945
vt 0.575000 0.687500
vt 0.589555 0.720488
vt 0.591842 0.717341
vt 0.587500 0.641945
vt 0.587500 0.687500
vt 0.623262 0.754195
vt 0.626409 0.751908
vt 0.600000 0.641945
vt 0.600000 0.687500
vt 0.644903 0.796668
vt 0.648603 0.795466
vt 0.612500 0.641945
vt 0.612500 0.687500
vt 0.652360 0.843750
vt 0.656250 0.843750
vt 0.625000 0.641945
vt 0.625000 0.687500
vt 0.625000 0.323765
vt 0.625000 0.355295
vt 0.612500 0.355295
vt 0.612500 0.323765
vt 0.375000 0.355295
vt 0.375000 0.323765
vt 0.387500 0.323765
vt 0.387500 0.355295
vt 0.600000 0.355295
vt 0.600000 0.323765
vt 0.587500 0.355295
vt 0.587500 0.323765
vt 0.575000 0.355295
vt 0.575000 0.323765
vt 0.562500 0.355295
vt 0.562500 0.323765
vt 0.550000 0.355295
vt 0.550000 0.323765
vt 0.537500 0.355295
vt 0.537500 0.323765
vt 0.525000 0.355295
vt 0.525000 0.323765
vt 0.512500 0.355295
vt 0.512500 0.323765
vt 0.500000 0.355295
vt 0.500000 0.323765
vt 0.487500 0.355295
vt 0.487500 0.323765
vt 0.475000 0.355295
vt 0.475000 0.323765
vt 0.462500 0.355295
vt 0.462500 0.323765
vt 0.450000 0.355295
vt 0.450000 0.323765
vt 0.437500 0.355295
vt 0.437500 0.323765
vt 0.425000 0.355295
vt 0.425000 0.323765
vt 0.412500 0.355295
vt 0.412500 0.323765
vt 0.400000 0.355295
vt 0.400000 0.323765
vt 0.375000 0.312500
vt 0.387500 0.312500
vt 0.400000 0.312500
vt 0.412500 0.312500
vt 0.425000 0.312500
vt 0.437500 0.312500
vt 0.450000 0.312500
vt 0.462500 0.312500
vt 0.475000 0.312500
vt 0.487500 0.312500
vt 0.500000 0.312500
vt 0.512500 0.312500
vt 0.525000 0.312500
vt 0.537500 0.312500
vt 0.550000 0.312500
vt 0.562500 0.312500
vt 0.575000 0.312500
vt 0.587500 0.312500
vt 0.600000 0.312500
vt 0.612500 0.312500
vt 0.625000 0.312500
vt 0.648603 0.892034
vt 0.656250 0.843750
vt 0.648603 0.795466
vt 0.626409 0.751908
vt 0.591842 0.717341
vt 0.548284 0.695147
vt 0.500000 0.687500
vt 0.451716 0.695147
vt 0.408159 0.717341
vt 0.373591 0.751909
vt 0.351397 0.795466
vt 0.343750 0.843750
vt 0.351397 0.892034
vt 0.373591 0.935591
vt 0.408159 0.970159
vt 0.451716 0.992353
vt 0.500000 1.000000
vt 0.548284 0.992353
vt 0.591841 0.970159
vt 0.626409 0.935591
vt 0.578125 0.156250
vt 0.574301 0.180392
vt 0.574301 0.132108
vt 0.563205 0.110329
vt 0.563204 0.202171
vt 0.545921 0.219454
vt 0.524142 0.230551
vt 0.500000 0.234375
vt 0.475858 0.230551
vt 0.454079 0.219454
vt 0.436796 0.202171
vt 0.425699 0.180392
vt 0.421875 0.156250
vt 0.425699 0.132108
vt 0.436796 0.110329
vt 0.454079 0.093046
vt 0.475858 0.081949
vt 0.500000 0.078125
vt 0.524142 0.081949
vt 0.545921 0.093045
vt 0.432429 0.176963
vt 0.445230 0.170440
vt 0.462849 0.161463
vt 0.483562 0.150909
vt 0.505341 0.139812
vt 0.526054 0.129258
vt 0.543673 0.120281
vt 0.556474 0.113758
vt 0.656250 0.843750
vt 0.656250 0.843750
vt 0.648603 0.892034
vt 0.648603 0.892034
vt 0.648603 0.795466
vt 0.648603 0.795466
vt 0.626409 0.751908
vt 0.626409 0.751909
vt 0.591842 0.717341
vt 0.591842 0.717341
vt 0.548284 0.695147
vt 0.548284 0.695147
vt 0.500000 0.687500
vt 0.500000 0.687500
vt 0.451716 0.695147
vt 0.451716 0.695147
vt 0.408159 0.717341
vt 0.408159 0.717341
vt 0.373591 0.751909
vt 0.373591 0.751909
vt 0.351397 0.795466
vt 0.351397 0.795466
vt 0.343750 0.843750
vt 0.343750 0.843750
vt 0.351397 0.892034
vt 0.351397 0.892034
vt 0.373591 0.935591
vt 0.373591 0.935591
vt 0.408159 0.970159
vt 0.408159 0.970159
vt 0.451716 0.992353
vt 0.451716 0.992353
vt 0.500000 1.000000
vt 0.500000 1.000000
vt 0.548284 0.992353
vt 0.548284 0.992353
vt 0.591841 0.970159
vt 0.591841 0.970159
vt 0.626409 0.935591
vt 0.626409 0.935591
vt 0.648603 0.107966
vt 0.656250 0.156250
vt 0.656250 0.156250
vt 0.648603 0.107966
vt 0.648603 0.204534
vt 0.648603 0.204534
vt 0.626409 0.248091
vt 0.626409 0.248091
vt 0.591841 0.282659
vt 0.591841 0.282659
vt 0.548284 0.304853
vt 0.548284 0.304853
vt 0.500000 0.312500
vt 0.500000 0.312500
vt 0.451716 0.304853
vt 0.451716 0.304853
vt 0.408159 0.282659
vt 0.408159 0.282659
vt 0.373591 0.248091
vt 0.373591 0.248091
vt 0.351397 0.204534
vt 0.351397 0.204534
vt 0.343750 0.156250
vt 0.343750 0.156250
vt 0.351397 0.107966
vt 0.351397 0.107966
vt 0.373591 0.064409
vt 0.373591 0.064409
vt 0.408159 0.029841
vt 0.408159 0.029841
vt 0.451716 0.007647
vt 0.451716 0.007647
vt 0.500000 -0.000000
vt 0.500000 -0.000000
vt 0.548284 0.007647
vt 0.548284 0.007647
vt 0.591842 0.029841
vt 0.591842 0.029841
vt 0.626409 0.064408
vt 0.626409 0.064408
vt 0.425699 0.180392
vt 0.432429 0.176963
vt 0.454079 0.219454
vt 0.436796 0.202171
vt 0.656250 0.156250
vt 0.648603 0.107966
vt 0.648603 0.204534
vt 0.626409 0.248091
vt 0.591841 0.282659
vt 0.548284 0.304853
vt 0.500000 0.312500
vt 0.451716 0.304853
vt 0.408159 0.282659
vt 0.373591 0.248091
vt 0.351397 0.204534
vt 0.343750 0.156250
vt 0.351397 0.107966
vt 0.373591 0.064409
vt 0.408159 0.029841
vt 0.451716 0.007647
vt 0.500000 -0.000000
vt 0.548284 0.007647
vt 0.591842 0.029841
vt 0.626409 0.064408
vt 0.648603 0.892034
vt 0.626409 0.935591
vt 0.626409 0.935591
vt 0.648603 0.892034
vt 0.591841 0.970159
vt 0.591841 0.970159
vt 0.548284 0.992353
vt 0.548284 0.992353
vt 0.500000 1.000000
vt 0.500000 1.000000
vt 0.451716 0.992353
vt 0.451716 0.992353
vt 0.408159 0.970159
vt 0.408159 0.970159
vt 0.373591 0.935591
vt 0.373591 0.935591
vt 0.351397 0.892034
vt 0.351397 0.892034
vt 0.343750 0.843750
vt 0.343750 0.843750
vt 0.351397 0.795466
vt 0.351397 0.795466
vt 0.373591 0.751909
vt 0.373591 0.751909
vt 0.408159 0.717341
vt 0.408159 0.717341
vt 0.451716 0.695147
vt 0.451716 0.695147
vt 0.500000 0.687500
vt 0.500000 0.687500
vt 0.548284 0.695147
vt 0.548284 0.695147
vt 0.591842 0.717341
vt 0.591842 0.717341
vt 0.626409 0.751908
vt 0.626409 0.751908
vt 0.648603 0.795466
vt 0.648603 0.795466
vt 0.656250 0.843750
vt 0.656250 0.843750
vt 0.648603 0.892034
vt 0.626409 0.935591
vt 0.626409 0.935591
vt 0.648603 0.892034
vt 0.591841 0.970159
vt 0.591841 0.970159
vt 0.548284 0.992353
vt 0.548284 0.992353
vt 0.500000 1.000000
vt 0.500000 1.000000
vt 0.451716 0.992353
vt 0.451716 0.992353
vt 0.408159 0.970159
vt 0.408159 0.970159
vt 0.373591 0.935591
vt 0.373591 0.935591
vt 0.351397 0.892034
vt 0.351397 0.892034
vt 0.343750 0.843750
vt 0.343750 0.843750
vt 0.351397 0.795466
vt 0.351397 0.795466
vt 0.373591 0.751909
vt 0.373591 0.751909
vt 0.408159 0.717341
vt 0.408159 0.717341
vt 0.451716 0.695147
vt 0.451716 0.695147
vt 0.500000 0.687500
vt 0.500000 0.687500
vt 0.548284 0.695147
vt 0.548284 0.695147
vt 0.591842 0.717341
vt 0.591842 0.717341
vt 0.626409 0.751908
vt 0.626409 0.751908
vt 0.648603 0.795466
vt 0.648603 0.795466
vt 0.656250 0.843750
vt 0.656250 0.843750
vt 0.626409 0.935591
vt 0.648603 0.892034
vt 0.648603 0.892034
vt 0.626409 0.935591
vt 0.591841 0.970159
vt 0.591841 0.970159
vt 0.548284 0.992353
vt 0.548284 0.992353
vt 0.500000 1.000000
vt 0.500000 1.000000
vt 0.451716 0.992353
vt 0.451716 0.992353
vt 0.408159 0.970159
vt 0.408159 0.970159
vt 0.373591 0.935591
vt 0.373591 0.935591
vt 0.351397 0.892034
vt 0.351397 0.892034
vt 0.343750 0.843750
vt 0.343750 0.843750
vt 0.351397 0.795466
vt 0.351397 0.795466
vt 0.373591 0.751909
vt 0.373591 0.751909
vt 0.408159 0.717341
vt 0.408159 0.717341
vt 0.451716 0.695147
vt 0.451716 0.695147
vt 0.500000 0.687500
vt 0.500000 0.687500
vt 0.548284 0.695147
vt 0.548284 0.695147
vt 0.591842 0.717341
vt 0.591842 0.717341
vt 0.626409 0.751908
vt 0.626409 0.751908
vt 0.648603 0.795466
vt 0.648603 0.795466
vt 0.656250 0.843750
vt 0.656250 0.843750
vt 0.626409 0.935591
vt 0.648603 0.892034
vt 0.591841 0.970159
vt 0.548284 0.992353
vt 0.500000 1.000000
vt 0.451716 0.992353
vt 0.408159 0.970159
vt 0.373591 0.935591
vt 0.351397 0.892034
vt 0.343750 0.843750
vt 0.351397 0.795466
vt 0.373591 0.751909
vt 0.408159 0.717341
vt 0.451716 0.695147
vt 0.500000 0.687500
vt 0.548284 0.695147
vt 0.591842 0.717341
vt 0.626409 0.751908
vt 0.648603 0.795466
vt 0.656250 0.843750
vt 0.648603 0.892034
vt 0.626409 0.935591
vt 0.591841 0.970159
vt 0.548284 0.992353
vt 0.500000 1.000000
vt 0.451716 0.992353
vt 0.408159 0.970159
vt 0.373591 0.935591
vt 0.351397 0.892034
vt 0.343750 0.843750
vt 0.351397 0.795466
vt 0.373591 0.751909
vt 0.408159 0.717341
vt 0.451716 0.695147
vt 0.500000 0.687500
vt 0.548284 0.695147
vt 0.591842 0.717341
vt 0.626409 0.751908
vt 0.648603 0.795466
vt 0.656250 0.843750
vt 0.375000 0.687500
vt 0.375000 0.641945
vt 0.387500 0.641945
vt 0.387500 0.687500
vt 0.644903 0.890832
vt 0.623262 0.933305
vt 0.648603 0.892034
vt 0.626409 0.935591
vt 0.400000 0.641945
vt 0.400000 0.687500
vt 0.589555 0.967012
vt 0.591841 0.970159
vt 0.412500 0.641945
vt 0.412500 0.687500
vt 0.547082 0.988653
vt 0.548284 0.992353
vt 0.425000 0.641945
vt 0.425000 0.687500
vt 0.500000 0.996110
vt 0.500000 1.000000
vt 0.437500 0.641945
vt 0.437500 0.687500
vt 0.452918 0.988653
vt 0.451716 0.992353
vt 0.450000 0.641945
vt 0.450000 0.687500
vt 0.410445 0.967012
vt 0.408159 0.970159
vt 0.462500 0.641945
vt 0.462500 0.687500
vt 0.376738 0.933305
vt 0.373591 0.935591
vt 0.475000 0.641945
vt 0.475000 0.687500
vt 0.355097 0.890832
vt 0.351397 0.892034
vt 0.487500 0.641945
vt 0.487500 0.687500
vt 0.347640 0.843750
vt 0.343750 0.843750
vt 0.500000 0.641945
vt 0.500000 0.687500
vt 0.355097 0.796668
vt 0.351397 0.795466
vt 0.512500 0.641945
vt 0.512500 0.687500
vt 0.376738 0.754195
vt 0.373591 0.751909
vt 0.525000 0.641945
vt 0.525000 0.687500
vt 0.410445 0.720488
vt 0.408159 0.717341
vt 0.537500 0.641945
vt 0.537500 0.687500
vt 0.452918 0.698847
vt 0.451716 0.695147
vt 0.550000 0.641945
vt 0.550000 0.687500
vt 0.500000 0.691390
vt 0.500000 0.687500
vt 0.562500 0.641945
vt 0.562500 0.687500
vt 0.547082 0.698847
vt 0.548284 0.695147
vt 0.575000 0.641945
vt 0.575000 0.687500
vt 0.589555 0.720488
vt 0.591842 0.717341
vt 0.587500 0.641945
vt 0.587500 0.687500
vt 0.623262 0.754195
vt 0.626409 0.751908
vt 0.600000 0.641945
vt 0.600000 0.687500
vt 0.644903 0.796668
vt 0.648603 0.795466
vt 0.612500 0.641945
vt 0.612500 0.687500
vt 0.652360 0.843750
vt 0.656250 0.843750
vt 0.625000 0.641945
vt 0.625000 0.687500
vt 0.625000 0.323765
vt 0.625000 0.355295
vt 0.612500 0.355295
vt 0.612500 0.323765
vt 0.375000 0.355295
vt 0.375000 0.323765
vt 0.387500 0.323765
vt 0.387500 0.355295
vt 0.600000 0.355295
vt 0.600000 0.323765
vt 0.587500 0.355295
vt 0.587500 0.323765
vt 0.575000 0.355295
vt 0.575000 0.323765
vt 0.562500 0.355295
vt 0.562500 0.323765
vt 0.550000 0.355295
vt 0.550000 0.323765
vt 0.537500 0.355295
vt 0.537500 0.323765
vt 0.525000 0.355295
vt 0.525000 0.323765
vt 0.512500 0.355295
vt 0.512500 0.323765
vt 0.500000 0.355295
vt 0.500000 0.323765
vt 0.487500 0.355295
vt 0.487500 0.323765
vt 0.475000 0.355295
vt 0.475000 0.323765
vt 0.462500 0.355295
vt 0.462500 0.323765
vt 0.450000 0.355295
vt 0.450000 0.323765
vt 0.437500 0.355295
vt 0.437500 0.323765
vt 0.425000 0.355295
vt 0.425000 0.323765
vt 0.412500 0.355295
vt 0.412500 0.323765
vt 0.400000 0.355295
vt 0.400000 0.323765
vt 0.375000 0.312500
vt 0.387500 0.312500
vt 0.400000 0.312500
vt 0.412500 0.312500
vt 0.425000 0.312500
vt 0.437500 0.312500
vt 0.450000 0.312500
vt 0.462500 0.312500
vt 0.475000 0.312500
vt 0.487500 0.312500
vt 0.500000 0.312500
vt 0.512500 0.312500
vt 0.525000 0.312500
vt 0.537500 0.312500
vt 0.550000 0.312500
vt 0.562500 0.312500
vt 0.575000 0.312500
vt 0.587500 0.312500
vt 0.600000 0.312500
vt 0.612500 0.312500
vt 0.625000 0.312500
vt 0.563205 0.110329
vt 0.545921 0.093045
vt 0.574301 0.132108
vt 0.578125 0.156250
vt 0.574301 0.180392
vt 0.563204 0.202171
vt 0.545921 0.219454
vt 0.524142 0.230551
vt 0.500000 0.234375
vt 0.475858 0.230551
vt 0.421875 0.156250
vt 0.425699 0.132108
vt 0.436796 0.110329
vt 0.454079 0.093046
vt 0.475858 0.081949
vt 0.500000 0.078125
vt 0.524142 0.081949
vt 0.556474 0.113758
vt 0.543673 0.120281
vt 0.526054 0.129258
vt 0.505341 0.139812
vt 0.483562 0.150909
vt 0.462849 0.161463
vt 0.445230 0.170440
vt 0.626409 0.935591
vt 0.648603 0.892034
vt 0.591841 0.970159
vt 0.548284 0.992353
vt 0.500000 1.000000
vt 0.451716 0.992353
vt 0.408159 0.970159
vt 0.373591 0.935591
vt 0.351397 0.892034
vt 0.343750 0.843750
vt 0.351397 0.795466
vt 0.373591 0.751909
vt 0.408159 0.717341
vt 0.451716 0.695147
vt 0.500000 0.687500
vt 0.548284 0.695147
vt 0.591842 0.717341
vt 0.626409 0.751908
vt 0.648603 0.795466
vt 0.656250 0.843750
vn 0.931349 0.364128 0.000000
vn 0.882171 0.470929 0.000000
vn 0.838995 0.470929 -0.272604
vn 0.885766 0.364129 -0.287801
vn 0.885765 0.364129 0.287802
vn 0.838995 0.470929 0.272605
vn 0.753477 0.364130 0.547433
vn 0.713691 0.470930 0.518527
vn 0.547433 0.364130 0.753476
vn 0.518528 0.470930 0.713691
vn 0.287802 0.364130 0.885765
vn 0.272605 0.470930 0.838994
vn 0.000000 0.364130 0.931348
vn -0.000000 0.470930 0.882171
vn -0.287802 0.364130 0.885765
vn -0.272606 0.470930 0.838994
vn -0.547434 0.364131 0.753475
vn -0.518528 0.470930 0.713690
vn -0.753477 0.364130 0.547432
vn -0.713692 0.470929 0.518526
vn -0.885765 0.364129 0.287803
vn -0.838995 0.470929 0.272605
vn -0.931349 0.364128 0.000000
vn -0.882171 0.470929 -0.000000
vn -0.885766 0.364128 -0.287801
vn -0.838995 0.470929 -0.272604
vn -0.753477 0.364128 -0.547433
vn -0.713692 0.470929 -0.518526
vn -0.547433 0.364129 -0.753477
vn -0.518527 0.470929 -0.713691
vn -0.287802 0.364129 -0.885765
vn -0.272606 0.470929 -0.838994
vn 0.000001 0.364128 -0.931349
vn 0.000000 0.470929 -0.882171
vn 0.287802 0.364129 -0.885765
vn 0.272606 0.470929 -0.838994
vn 0.547433 0.364129 -0.753477
vn 0.518527 0.470929 -0.713691
vn 0.753477 0.364129 -0.547433
vn 0.713692 0.470929 -0.518527
vn -0.112442 -0.993499 0.017810
vn -0.112442 -0.993499 0.017810
vn -0.112442 -0.993499 0.017810
vn -0.112442 -0.993499 0.017810
vn -0.112442 -0.993499 -0.017810
vn -0.112442 -0.993499 -0.017810
vn -0.112442 -0.993499 -0.017810
vn -0.112442 -0.993499 -0.017810
vn -0.101436 -0.993499 -0.051684
vn -0.101436 -0.993499 -0.051684
vn -0.101436 -0.993499 -0.051684
vn -0.101436 -0.993499 -0.051684
vn -0.080500 -0.993499 -0.080500
vn -0.080500 -0.993499 -0.080500
vn -0.080500 -0.993499 -0.080500
vn -0.080500 -0.993499 -0.080500
vn -0.051684 -0.993499 -0.101437
vn -0.051684 -0.993499 -0.101437
vn -0.051684 -0.993499 -0.101437
vn -0.051684 -0.993499 -0.101437
vn -0.017810 -0.993499 -0.112444
vn -0.017810 -0.993499 -0.112444
vn -0.017810 -0.993499 -0.112444
vn -0.017810 -0.993499 -0.112444
vn 0.017810 -0.993498 -0.112444
vn 0.017810 -0.993499 -0.112444
vn 0.017810 -0.993499 -0.112444
vn 0.017810 -0.993499 -0.112444
vn 0.051684 -0.993499 -0.101437
vn 0.051684 -0.993499 -0.101437
vn 0.051684 -0.993499 -0.101437
vn 0.051684 -0.993499 -0.101437
vn 0.080500 -0.993499 -0.080500
vn 0.080500 -0.993499 -0.080500
vn 0.080500 -0.993499 -0.080500
vn 0.080500 -0.993499 -0.080500
vn 0.101436 -0.993499 -0.051684
vn 0.101436 -0.993499 -0.051684
vn 0.101436 -0.993499 -0.051684
vn 0.101436 -0.993499 -0.051684
vn 0.112442 -0.993499 -0.017809
vn 0.112442 -0.993499 -0.017809
vn 0.112442 -0.993499 -0.017809
vn 0.112442 -0.993499 -0.017809
vn 0.112442 -0.993499 0.017809
vn 0.112442 -0.993499 0.017809
vn 0.112442 -0.993499 0.017809
vn 0.112442 -0.993499 0.017809
vn 0.101436 -0.993499 0.051684
vn 0.101436 -0.993499 0.051684
vn 0.101436 -0.993499 0.051684
vn 0.101436 -0.993499 0.051684
vn 0.080500 -0.993499 0.080500
vn 0.080500 -0.993499 0.080500
vn 0.080500 -0.993499 0.080500
vn 0.080500 -0.993499 0.080500
vn 0.051685 -0.993499 0.101436
vn 0.051685 -0.993499 0.101436
vn 0.051685 -0.993499 0.101436
vn 0.051685 -0.993499 0.101436
vn 0.017809 -0.993499 0.112443
vn 0.017809 -0.993499 0.112443
vn 0.017809 -0.993499 0.112443
vn 0.017809 -0.993499 0.112443
vn -0.017809 -0.993499 0.112443
vn -0.017809 -0.993499 0.112443
vn -0.017809 -0.993499 0.112443
vn -0.017809 -0.993499 0.112443
vn -0.051685 -0.993499 0.101436
vn -0.051685 -0.993499 0.101436
vn -0.051685 -0.993499 0.101436
vn -0.051685 -0.993499 0.101436
vn -0.080500 -0.993499 0.080501
vn -0.080500 -0.993499 0.080501
vn -0.080500 -0.993499 0.080501
vn -0.080500 -0.993499 0.080501
vn -0.101436 -0.993499 0.051684
vn -0.101436 -0.993499 0.051684
vn -0.101436 -0.993499 0.051684
vn -0.101436 -0.993499 0.051684
vn -0.095193 -0.994987 0.030652
vn -0.000503 -1.000000 0.000384
vn -0.056241 -0.995377 0.077857
vn -0.080403 -0.995049 0.058417
vn -0.882951 -0.371610 0.286887
vn -0.928389 -0.371609 0.000000
vn -0.928389 -0.371609 0.000000
vn -0.882951 -0.371610 0.286886
vn -0.882950 -0.371608 -0.286891
vn -0.882950 -0.371608 -0.286892
vn -0.751084 -0.371607 -0.545694
vn -0.751083 -0.371607 -0.545694
vn -0.545696 -0.371610 -0.751080
vn -0.545696 -0.371610 -0.751080
vn -0.286887 -0.371611 -0.882950
vn -0.286888 -0.371611 -0.882950
vn -0.000002 -0.371610 -0.928389
vn -0.000001 -0.371610 -0.928389
vn 0.286889 -0.371609 -0.882950
vn 0.286889 -0.371609 -0.882950
vn 0.545695 -0.371610 -0.751081
vn 0.545696 -0.371610 -0.751081
vn 0.751083 -0.371608 -0.545694
vn 0.751084 -0.371608 -0.545693
vn 0.882950 -0.371609 -0.286889
vn 0.882950 -0.371609 -0.286890
vn 0.928389 -0.371610 -0.000000
vn 0.928389 -0.371610 0.000001
vn 0.882951 -0.371609 0.286888
vn 0.882951 -0.371609 0.286888
vn 0.751084 -0.371609 0.545692
vn 0.751084 -0.371609 0.545692
vn 0.545693 -0.371611 0.751082
vn 0.545695 -0.371611 0.751081
vn 0.286889 -0.371611 0.882950
vn 0.286889 -0.371611 0.882950
vn 0.000000 -0.371610 0.928389
vn 0.000001 -0.371610 0.928389
vn -0.286886 -0.371609 0.882951
vn -0.286888 -0.371609 0.882951
vn -0.545696 -0.371609 0.751081
vn -0.545695 -0.371609 0.751082
vn -0.751082 -0.371611 0.545694
vn -0.751083 -0.371611 0.545692
vn 0.685220 0.531623 -0.497846
vn 0.805526 0.531624 -0.261733
vn 0.805526 0.531624 -0.261732
vn 0.685224 0.531623 -0.497842
vn 0.497842 0.531622 -0.685224
vn 0.497841 0.531622 -0.685224
vn 0.261734 0.531625 -0.805525
vn 0.261729 0.531625 -0.805526
vn 0.000002 0.531625 -0.846980
vn 0.000004 0.531625 -0.846980
vn -0.261734 0.531623 -0.805526
vn -0.261730 0.531623 -0.805528
vn -0.497844 0.531627 -0.685219
vn -0.497854 0.531627 -0.685211
vn -0.685212 0.531627 -0.497853
vn -0.685208 0.531627 -0.497858
vn -0.805531 0.531621 -0.261721
vn -0.805531 0.531621 -0.261722
vn -0.846981 0.531624 -0.000003
vn -0.846981 0.531624 -0.000004
vn -0.805526 0.531624 0.261733
vn -0.805524 0.531624 0.261737
vn -0.685223 0.531624 0.497841
vn -0.685226 0.531624 0.497836
vn -0.497839 0.531622 0.685225
vn -0.497842 0.531622 0.685224
vn -0.261731 0.531624 0.805526
vn -0.261727 0.531624 0.805528
vn -0.000003 0.531625 0.846980
vn -0.000005 0.531625 0.846980
vn 0.261729 0.531624 0.805527
vn 0.261730 0.531624 0.805527
vn 0.497837 0.531628 0.685223
vn 0.497846 0.531628 0.685216
vn 0.685215 0.531627 0.497849
vn 0.685214 0.531627 0.497849
vn 0.805529 0.531623 0.261726
vn 0.805528 0.531623 0.261730
vn 0.846981 0.531623 -0.000005
vn 0.846981 0.531623 -0.000005
vn 0.951057 0.000014 -0.309016
vn 0.809017 0.000014 -0.587786
vn 0.808334 0.040933 -0.587299
vn 0.950260 0.040931 -0.308758
vn 0.587788 0.000015 -0.809015
vn 0.587297 0.040934 -0.808335
vn 0.309017 0.000015 -0.951057
vn 0.308748 0.040936 -0.950263
vn -0.000001 0.000016 -1.000000
vn 0.000013 0.040932 -0.999162
vn -0.309017 0.000016 -0.951056
vn -0.308765 0.040930 -0.950258
vn -0.587788 0.000016 -0.809015
vn -0.587291 0.040933 -0.808340
vn -0.809015 0.000015 -0.587788
vn -0.808340 0.040933 -0.587291
vn -0.951057 0.000015 -0.309017
vn -0.950259 0.040933 -0.308760
vn -1.000000 0.000015 0.000000
vn -0.999162 0.040931 0.000001
vn -0.951057 0.000015 0.309017
vn -0.950261 0.040930 0.308754
vn -0.809016 0.000015 0.587787
vn -0.808339 0.040929 0.587293
vn -0.587782 0.000015 0.809020
vn -0.587286 0.040932 0.808344
vn -0.309020 0.000015 0.951056
vn -0.308759 0.040934 0.950259
vn -0.000000 0.000015 1.000000
vn 0.000001 0.040933 0.999162
vn 0.309020 0.000015 0.951056
vn 0.308764 0.040933 0.950258
vn 0.587782 0.000015 0.809020
vn 0.587281 0.040929 0.808348
vn 0.809016 0.000015 0.587787
vn 0.808342 0.040929 0.587288
vn 0.951056 0.000015 0.309017
vn 0.950258 0.040932 0.308761
vn 1.000000 0.000015 0.000002
vn 0.999162 0.040931 -0.000000
vn 0.190857 0.976790 -0.097235
vn 0.190857 0.976790 -0.097235
vn 0.190857 0.976790 -0.097235
vn 0.190857 0.976790 -0.097235
vn -0.091798 0.994678 0.046778
vn -0.091798 0.994678 0.046778
vn -0.091798 0.994678 0.046778
vn -0.091798 0.994678 0.046778
vn 0.151455 0.976792 -0.151453
vn 0.151455 0.976792 -0.151453
vn 0.151455 0.976792 -0.151453
vn 0.151455 0.976792 -0.151453
vn -0.072859 0.994677 0.072868
vn -0.072859 0.994677 0.072868
vn -0.072859 0.994677 0.072868
vn -0.072859 0.994677 0.072868
vn 0.097234 0.976794 -0.190840
vn 0.097234 0.976794 -0.190840
vn 0.097234 0.976794 -0.190840
vn 0.097234 0.976794 -0.190840
vn -0.046772 0.994678 0.091799
vn -0.046772 0.994678 0.091799
vn -0.046772 0.994679 0.091799
vn -0.046772 0.994678 0.091799
vn 0.033512 0.976791 -0.211557
vn 0.033512 0.976791 -0.211557
vn 0.033512 0.976791 -0.211557
vn 0.033512 0.976791 -0.211557
vn -0.016114 0.994679 0.101755
vn -0.016114 0.994679 0.101755
vn -0.016114 0.994679 0.101755
vn -0.016114 0.994679 0.101755
vn -0.033509 0.976795 -0.211538
vn -0.033509 0.976795 -0.211538
vn -0.033509 0.976795 -0.211538
vn -0.033509 0.976795 -0.211538
vn 0.016114 0.994681 0.101733
vn 0.016114 0.994681 0.101733
vn 0.016114 0.994681 0.101733
vn 0.016114 0.994681 0.101733
vn -0.097230 0.976798 -0.190821
vn -0.097230 0.976798 -0.190821
vn -0.097230 0.976798 -0.190821
vn -0.097230 0.976798 -0.190821
vn 0.046774 0.994678 0.091809
vn 0.046774 0.994678 0.091809
vn 0.046774 0.994678 0.091809
vn 0.046774 0.994678 0.091809
vn -0.151479 0.976783 -0.151490
vn -0.151479 0.976783 -0.151490
vn -0.151479 0.976783 -0.151490
vn -0.151479 0.976783 -0.151490
vn 0.072854 0.994679 0.072846
vn 0.072854 0.994679 0.072846
vn 0.072854 0.994679 0.072846
vn 0.072854 0.994679 0.072846
vn -0.190849 0.976790 -0.097255
vn -0.190849 0.976790 -0.097255
vn -0.190849 0.976790 -0.097255
vn -0.190849 0.976790 -0.097255
vn 0.091793 0.994680 0.046759
vn 0.091793 0.994680 0.046759
vn 0.091793 0.994680 0.046759
vn 0.091793 0.994680 0.046759
vn -0.211560 0.976791 -0.033505
vn -0.211560 0.976791 -0.033505
vn -0.211560 0.976791 -0.033505
vn -0.211560 0.976791 -0.033505
vn 0.101744 0.994680 0.016119
vn 0.101744 0.994680 0.016119
vn 0.101744 0.994680 0.016119
vn 0.101744 0.994680 0.016119
vn -0.211543 0.976794 0.033502
vn -0.211543 0.976794 0.033502
vn -0.211543 0.976794 0.033502
vn -0.211543 0.976794 0.033502
vn 0.101744 0.994680 -0.016119
vn 0.101744 0.994680 -0.016119
vn 0.101744 0.994680 -0.016119
vn 0.101744 0.994680 -0.016119
vn -0.190860 0.976790 0.097232
vn -0.190860 0.976790 0.097232
vn -0.190860 0.976790 0.097232
vn -0.190860 0.976790 0.097232
vn 0.091788 0.994680 -0.046764
vn 0.091788 0.994680 -0.046764
vn 0.091788 0.994680 -0.046764
vn 0.091788 0.994680 -0.046764
vn -0.151454 0.976792 0.151455
vn -0.151454 0.976792 0.151455
vn -0.151454 0.976792 0.151455
vn -0.151454 0.976792 0.151455
vn 0.072851 0.994678 -0.072855
vn 0.072851 0.994678 -0.072855
vn 0.072851 0.994678 -0.072855
vn 0.072851 0.994678 -0.072855
vn -0.097235 0.976795 0.190830
vn -0.097235 0.976795 0.190830
vn -0.097235 0.976795 0.190830
vn -0.097235 0.976795 0.190830
vn 0.046776 0.994678 -0.091807
vn 0.046776 0.994678 -0.091807
vn 0.046776 0.994678 -0.091807
vn 0.046776 0.994678 -0.091807
vn -0.033510 0.976794 0.211544
vn -0.033510 0.976794 0.211544
vn -0.033510 0.976794 0.211544
vn -0.033510 0.976794 0.211544
vn 0.016115 0.994680 -0.101743
vn 0.016115 0.994680 -0.101743
vn 0.016115 0.994680 -0.101743
vn 0.016115 0.994680 -0.101743
vn 0.033510 0.976792 0.211555
vn 0.033510 0.976792 0.211555
vn 0.033510 0.976792 0.211555
vn 0.033510 0.976792 0.211555
vn -0.016116 0.994681 -0.101737
vn -0.016116 0.994681 -0.101737
vn -0.016116 0.994681 -0.101737
vn -0.016116 0.994681 -0.101737
vn 0.097234 0.976794 0.190836
vn 0.097234 0.976794 0.190836
vn 0.097234 0.976794 0.190836
vn 0.097234 0.976794 0.190836
vn -0.046760 0.994681 -0.091780
vn -0.046760 0.994681 -0.091780
vn -0.046760 0.994681 -0.091780
vn -0.046760 0.994681 -0.091780
vn 0.151467 0.976784 0.151494
vn 0.151467 0.976784 0.151494
vn 0.151467 0.976784 0.151494
vn 0.151467 0.976784 0.151494
vn -0.072835 0.994681 -0.072837
vn -0.072835 0.994681 -0.072837
vn -0.072835 0.994681 -0.072837
vn -0.072835 0.994681 -0.072837
vn 0.190858 0.976789 0.097250
vn 0.190858 0.976788 0.097250
vn 0.190858 0.976789 0.097250
vn 0.190858 0.976789 0.097250
vn -0.091791 0.994680 -0.046759
vn -0.091791 0.994680 -0.046759
vn -0.091791 0.994680 -0.046759
vn -0.091791 0.994680 -0.046759
vn 0.211557 0.976791 0.033505
vn 0.211557 0.976791 0.033505
vn 0.211557 0.976791 0.033505
vn 0.211557 0.976791 0.033505
vn -0.101737 0.994681 -0.016115
vn -0.101737 0.994681 -0.016115
vn -0.101737 0.994681 -0.016115
vn -0.101737 0.994681 -0.016115
vn 0.211558 0.976791 -0.033506
vn 0.211558 0.976791 -0.033506
vn 0.211558 0.976791 -0.033506
vn 0.211558 0.976791 -0.033506
vn -0.101741 0.994680 0.016114
vn -0.101741 0.994681 0.016114
vn -0.101741 0.994681 0.016114
vn -0.101741 0.994680 0.016114
vn -0.784311 0.245216 0.569847
vn -0.922021 0.245213 0.299579
vn -0.922020 0.245213 0.299582
vn -0.784311 0.245216 0.569848
vn 0.806452 0.079452 -0.585937
vn 0.948051 0.079449 -0.308037
vn -0.569833 0.245211 0.784323
vn -0.569836 0.245211 0.784320
vn 0.585928 0.079453 -0.806459
vn -0.299593 0.245205 0.922019
vn -0.299592 0.245205 0.922019
vn 0.308023 0.079456 -0.948055
vn -0.000003 0.245206 0.969471
vn -0.000003 0.245206 0.969471
vn 0.000015 0.079450 -0.996839
vn 0.299584 0.245209 0.922020
vn 0.299585 0.245209 0.922020
vn -0.308041 0.079445 -0.948050
vn 0.569836 0.245214 0.784319
vn 0.569838 0.245214 0.784318
vn -0.585925 0.079449 -0.806462
vn 0.784318 0.245216 0.569838
vn 0.784317 0.245216 0.569839
vn -0.806464 0.079450 -0.585921
vn 0.922021 0.245213 0.299579
vn 0.922021 0.245213 0.299579
vn -0.948051 0.079450 -0.308039
vn 0.969470 0.245212 0.000001
vn 0.969470 0.245212 0.000001
vn -0.996839 0.079448 0.000001
vn 0.922021 0.245211 -0.299581
vn 0.922021 0.245211 -0.299581
vn -0.948053 0.079446 0.308032
vn 0.784317 0.245210 -0.569842
vn 0.784318 0.245209 -0.569840
vn -0.806465 0.079444 0.585921
vn 0.569835 0.245206 -0.784322
vn 0.569837 0.245207 -0.784321
vn -0.585921 0.079448 0.806464
vn 0.299589 0.245207 -0.922019
vn 0.299588 0.245208 -0.922020
vn -0.308036 0.079453 0.948051
vn -0.000001 0.245210 -0.969470
vn -0.000001 0.245210 -0.969470
vn 0.000006 0.079452 0.996839
vn -0.299591 0.245207 -0.922019
vn -0.299590 0.245207 -0.922019
vn 0.308051 0.079451 0.948046
vn -0.569834 0.245205 -0.784323
vn -0.569836 0.245205 -0.784322
vn 0.585913 0.079444 0.806471
vn -0.784316 0.245209 -0.569843
vn -0.784317 0.245209 -0.569841
vn 0.806461 0.079444 0.585926
vn -0.922021 0.245211 -0.299582
vn -0.922021 0.245211 -0.299581
vn 0.948049 0.079449 0.308043
vn -0.969470 0.245210 0.000002
vn -0.969470 0.245211 0.000002
vn 0.996839 0.079448 -0.000001
vn 0.824081 0.499196 -0.267758
vn 0.701005 0.499196 -0.509309
vn 0.509309 0.499196 -0.701004
vn 0.267761 0.499196 -0.824080
vn 0.000000 0.499196 -0.866489
vn -0.267761 0.499196 -0.824080
vn -0.509310 0.499196 -0.701004
vn -0.701005 0.499196 -0.509309
vn -0.824081 0.499196 -0.267759
vn -0.866489 0.499196 0.000000
vn -0.824080 0.499196 0.267759
vn -0.701005 0.499196 0.509309
vn -0.509310 0.499196 0.701004
vn -0.267759 0.499196 0.824080
vn -0.000000 0.499196 0.866489
vn 0.267759 0.499196 0.824080
vn 0.509310 0.499197 0.701004
vn 0.701004 0.499196 0.509309
vn 0.824080 0.499196 0.267759
vn 0.866489 0.499196 0.000000
vn 0.937275 0.169623 -0.304538
vn 0.951029 0.007665 -0.309006
vn 0.808994 0.007665 -0.587767
vn 0.797294 0.169623 -0.579267
vn 0.893812 0.341701 -0.290415
vn 0.760322 0.341701 -0.552405
vn 0.587768 0.007665 -0.808993
vn 0.579267 0.169623 -0.797294
vn 0.552406 0.341701 -0.760321
vn 0.309008 0.007665 -0.951029
vn 0.304539 0.169623 -0.937275
vn 0.290417 0.341701 -0.893811
vn -0.000000 0.007665 -0.999971
vn -0.000000 0.169623 -0.985509
vn -0.000000 0.341700 -0.939809
vn -0.309008 0.007665 -0.951029
vn -0.304540 0.169623 -0.937275
vn -0.290418 0.341700 -0.893811
vn -0.587769 0.007665 -0.808993
vn -0.579268 0.169623 -0.797293
vn -0.552406 0.341700 -0.760321
vn -0.808994 0.007665 -0.587766
vn -0.797294 0.169623 -0.579267
vn -0.760322 0.341700 -0.552405
vn -0.951029 0.007665 -0.309007
vn -0.937275 0.169623 -0.304539
vn -0.893812 0.341700 -0.290416
vn -0.999971 0.007665 0.000000
vn -0.985509 0.169623 -0.000000
vn -0.939809 0.341700 0.000000
vn -0.951029 0.007665 0.309007
vn -0.937275 0.169623 0.304539
vn -0.893811 0.341701 0.290417
vn -0.808994 0.007665 0.587767
vn -0.797294 0.169623 0.579267
vn -0.760322 0.341701 0.552405
vn -0.587768 0.007665 0.808993
vn -0.579268 0.169623 0.797293
vn -0.552406 0.341701 0.760321
vn -0.309008 0.007665 0.951029
vn -0.304539 0.169624 0.937275
vn -0.290416 0.341701 0.893811
vn 0.000000 0.007665 0.999971
vn 0.000000 0.169624 0.985509
vn 0.000000 0.341701 0.939809
vn 0.309008 0.007665 0.951029
vn 0.304539 0.169624 0.937275
vn 0.290417 0.341701 0.893811
vn 0.587769 0.007665 0.808993
vn 0.579268 0.169623 0.797293
vn 0.552407 0.341701 0.760321
vn 0.808993 0.007665 0.587768
vn 0.797294 0.169623 0.579267
vn 0.760322 0.341701 0.552406
vn 0.951029 0.007665 0.309007
vn 0.937275 0.169623 0.304539
vn 0.893812 0.341700 0.290417
vn 0.999971 0.007665 0.000001
vn 0.985509 0.169623 0.000001
vn 0.939809 0.341701 0.000001
vn 0.846464 -0.455913 -0.275031
vn 0.950412 -0.036827 -0.308806
vn 0.999322 -0.036827 0.000001
vn 0.890025 -0.455913 0.000001
vn 0.720045 -0.455914 -0.523142
vn 0.808469 -0.036827 -0.587386
vn 0.950412 -0.036827 0.308807
vn 0.846463 -0.455913 0.275033
vn 0.808468 -0.036827 0.587386
vn 0.720044 -0.455914 0.523143
vn 0.587387 -0.036827 0.808468
vn 0.523142 -0.455914 0.720045
vn 0.308807 -0.036827 0.950411
vn 0.275032 -0.455915 0.846463
vn 0.000000 -0.036827 0.999322
vn -0.000000 -0.455916 0.890023
vn -0.308807 -0.036827 0.950411
vn -0.275032 -0.455915 0.846463
vn -0.587387 -0.036827 0.808468
vn -0.523142 -0.455915 0.720044
vn -0.808469 -0.036827 0.587386
vn -0.720045 -0.455914 0.523143
vn -0.950412 -0.036827 0.308807
vn -0.846463 -0.455913 0.275033
vn -0.999322 -0.036827 0.000000
vn -0.890024 -0.455913 0.000000
vn -0.950412 -0.036827 -0.308807
vn -0.846463 -0.455913 -0.275033
vn -0.808469 -0.036827 -0.587385
vn -0.720045 -0.455914 -0.523142
vn -0.587387 -0.036827 -0.808468
vn -0.523144 -0.455913 -0.720044
vn -0.308807 -0.036827 -0.950411
vn -0.275032 -0.455913 -0.846463
vn 0.000000 -0.036827 -0.999322
vn 0.000000 -0.455913 -0.890024
vn 0.308807 -0.036827 -0.950412
vn 0.275032 -0.455914 -0.846463
vn 0.587387 -0.036827 -0.808468
vn 0.523143 -0.455914 -0.720044
vn 0.683862 -0.694953 -0.222199
vn 0.581727 -0.694954 -0.422649
vn 0.422649 -0.694954 -0.581727
vn 0.222200 -0.694954 -0.683861
vn 0.000000 -0.694954 -0.719055
vn -0.222199 -0.694954 -0.683861
vn -0.422650 -0.694954 -0.581726
vn -0.581728 -0.694954 -0.422649
vn -0.683861 -0.694954 -0.222200
vn -0.719055 -0.694953 -0.000000
vn -0.683861 -0.694954 0.222201
vn -0.581727 -0.694954 0.422649
vn -0.422647 -0.694956 0.581727
vn -0.222200 -0.694956 0.683860
vn -0.000000 -0.694956 0.719052
vn 0.222200 -0.694955 0.683860
vn 0.422648 -0.694955 0.581727
vn 0.581727 -0.694954 0.422650
vn 0.683862 -0.694953 0.222201
vn 0.719055 -0.694953 0.000000
vn 0.080751 -0.994987 -0.058996
vn 0.057860 -0.995144 -0.079633
vn 0.059843 -0.994804 -0.082364
vn 0.082335 -0.994798 -0.059983
vn 0.096858 -0.994801 -0.031471
vn 0.094519 -0.995049 -0.030711
vn 0.101867 -0.994798 0.000132
vn 0.096044 -0.995377 0.000265
vn 0.087838 -0.995726 0.028539
vn 0.096826 -0.994804 0.031461
vn 0.072291 -0.996000 0.052522
vn 0.082365 -0.994804 0.059843
vn 0.051560 -0.996145 0.070964
vn 0.059842 -0.994804 0.082365
vn 0.027106 -0.996145 0.083424
vn 0.031462 -0.994804 0.096826
vn -0.000001 -0.996000 0.089356
vn 0.000000 -0.994804 0.101809
vn -0.028543 -0.995726 0.087837
vn -0.031462 -0.994804 0.096826
vn -0.059770 -0.994798 0.082490
vn -0.082393 -0.994800 0.059862
vn -0.096922 -0.994798 0.031353
vn -0.098434 -0.995144 0.000002
vn -0.101809 -0.994804 0.000000
vn -0.090625 -0.995450 -0.029444
vn -0.096827 -0.994804 -0.031461
vn -0.074938 -0.995701 -0.054442
vn -0.082366 -0.994804 -0.059841
vn -0.053569 -0.995839 -0.073727
vn -0.059843 -0.994804 -0.082364
vn -0.028162 -0.995839 -0.086673
vn -0.031461 -0.994804 -0.096825
vn 0.000002 -0.995701 -0.092626
vn 0.000000 -0.994804 -0.101808
vn 0.029447 -0.995450 -0.090623
vn 0.031461 -0.994804 -0.096825
vn 0.000606 -1.000000 -0.000181
vn -0.000025 -1.000000 0.000013
vn -0.000011 -1.000000 0.000006
vn -0.000003 -1.000000 0.000002
vn 0.000003 -1.000000 -0.000001
vn 0.000010 -1.000000 -0.000005
vn 0.000024 -1.000000 -0.000012
vn -0.926380 -0.376590 0.000000
vn -0.881040 -0.376590 0.286266
vn -0.830445 -0.487396 0.269826
vn -0.873181 -0.487396 0.000001
vn -0.881040 -0.376590 -0.286267
vn -0.830445 -0.487396 -0.269827
vn -0.749457 -0.376591 -0.544512
vn -0.706418 -0.487396 -0.513243
vn -0.544513 -0.376591 -0.749457
vn -0.513243 -0.487396 -0.706418
vn -0.286267 -0.376591 -0.881040
vn -0.269828 -0.487397 -0.830444
vn 0.000000 -0.376592 -0.926380
vn -0.000000 -0.487397 -0.873181
vn 0.286267 -0.376591 -0.881039
vn 0.269828 -0.487397 -0.830444
vn 0.544513 -0.376592 -0.749456
vn 0.513243 -0.487397 -0.706418
vn 0.749458 -0.376591 -0.544511
vn 0.706419 -0.487396 -0.513242
vn 0.881040 -0.376590 -0.286267
vn 0.830445 -0.487396 -0.269827
vn 0.926380 -0.376590 0.000000
vn 0.873181 -0.487396 -0.000000
vn 0.881040 -0.376589 0.286267
vn 0.830445 -0.487396 0.269826
vn 0.749457 -0.376589 0.544513
vn 0.706419 -0.487396 0.513242
vn 0.544514 -0.376590 0.749456
vn 0.513244 -0.487396 0.706418
vn 0.286268 -0.376590 0.881040
vn 0.269828 -0.487396 0.830444
vn -0.000000 -0.376590 0.926380
vn 0.000000 -0.487397 0.873181
vn -0.286267 -0.376590 0.881040
vn -0.269828 -0.487396 0.830445
vn -0.544513 -0.376590 0.749457
vn -0.513244 -0.487396 0.706418
vn -0.749458 -0.376590 0.544512
vn -0.706419 -0.487396 0.513242
vn 0.102029 0.994650 -0.016160
vn 0.102029 0.994650 -0.016160
vn 0.102029 0.994650 -0.016160
vn 0.102029 0.994650 -0.016160
vn 0.102029 0.994650 0.016160
vn 0.102029 0.994650 0.016160
vn 0.102029 0.994650 0.016160
vn 0.102029 0.994650 0.016160
vn 0.092042 0.994650 0.046898
vn 0.092042 0.994650 0.046898
vn 0.092042 0.994650 0.046898
vn 0.092042 0.994650 0.046898
vn 0.073045 0.994650 0.073045
vn 0.073045 0.994650 0.073045
vn 0.073045 0.994650 0.073045
vn 0.073045 0.994650 0.073045
vn 0.046898 0.994650 0.092043
vn 0.046898 0.994650 0.092043
vn 0.046898 0.994650 0.092043
vn 0.046898 0.994650 0.092043
vn 0.016161 0.994650 0.102031
vn 0.016161 0.994650 0.102031
vn 0.016161 0.994650 0.102031
vn 0.016161 0.994650 0.102031
vn -0.016161 0.994650 0.102031
vn -0.016161 0.994650 0.102031
vn -0.016161 0.994650 0.102031
vn -0.016161 0.994650 0.102031
vn -0.046898 0.994650 0.092043
vn -0.046898 0.994650 0.092043
vn -0.046898 0.994650 0.092043
vn -0.046898 0.994650 0.092043
vn -0.073045 0.994650 0.073046
vn -0.073045 0.994650 0.073046
vn -0.073045 0.994650 0.073046
vn -0.073045 0.994650 0.073046
vn -0.092043 0.994650 0.046898
vn -0.092043 0.994650 0.046898
vn -0.092043 0.994650 0.046898
vn -0.092043 0.994650 0.046898
vn -0.102029 0.994650 0.016160
vn -0.102029 0.994650 0.016160
vn -0.102029 0.994650 0.016160
vn -0.102029 0.994650 0.016160
vn -0.102029 0.994650 -0.016160
vn -0.102029 0.994650 -0.016160
vn -0.102029 0.994650 -0.016160
vn -0.102029 0.994650 -0.016160
vn -0.092042 0.994650 -0.046898
vn -0.092042 0.994650 -0.046898
vn -0.092042 0.994650 -0.046898
vn -0.092042 0.994650 -0.046898
vn -0.073045 0.994650 -0.073045
vn -0.073045 0.994650 -0.073045
vn -0.073045 0.994650 -0.073045
vn -0.073045 0.994650 -0.073045
vn -0.046898 0.994650 -0.092042
vn -0.046898 0.994650 -0.092042
vn -0.046898 0.994650 -0.092042
vn -0.046898 0.994650 -0.092042
vn -0.016160 0.994650 -0.102030
vn -0.016160 0.994650 -0.102030
vn -0.016160 0.994650 -0.102030
vn -0.016160 0.994650 -0.102030
vn 0.016160 0.994650 -0.102030
vn 0.016160 0.994650 -0.102030
vn 0.016160 0.994650 -0.102030
vn 0.016160 0.994650 -0.102030
vn 0.046898 0.994650 -0.092042
vn 0.046898 0.994650 -0.092042
vn 0.046898 0.994650 -0.092042
vn 0.046898 0.994650 -0.092042
vn 0.073045 0.994650 -0.073046
vn 0.073045 0.994650 -0.073046
vn 0.073045 0.994650 -0.073046
vn 0.073045 0.994650 -0.073046
vn 0.092042 0.994650 -0.046897
vn 0.092042 0.994650 -0.046897
vn 0.092042 0.994650 -0.046897
vn 0.092042 0.994650 -0.046897
vn 0.095797 0.994914 -0.031128
vn 0.081114 0.994961 -0.058933
vn 0.057339 0.995231 -0.078917
vn 0.000002 1.000000 -0.000001
vn 0.882951 0.371610 -0.286887
vn 0.882951 0.371610 -0.286887
vn 0.928389 0.371610 0.000000
vn 0.928389 0.371610 0.000000
vn 0.882950 0.371609 0.286890
vn 0.882950 0.371609 0.286890
vn 0.751083 0.371609 0.545694
vn 0.751083 0.371609 0.545694
vn 0.545696 0.371611 0.751080
vn 0.545696 0.371611 0.751080
vn 0.286888 0.371610 0.882950
vn 0.286888 0.371610 0.882950
vn -0.000000 0.371610 0.928389
vn -0.000000 0.371610 0.928389
vn -0.286888 0.371610 0.882950
vn -0.286888 0.371610 0.882951
vn -0.545696 0.371610 0.751081
vn -0.545696 0.371610 0.751081
vn -0.751083 0.371609 0.545693
vn -0.751083 0.371609 0.545693
vn -0.882950 0.371610 0.286890
vn -0.882950 0.371610 0.286890
vn -0.928389 0.371610 -0.000000
vn -0.928389 0.371610 -0.000000
vn -0.882951 0.371610 -0.286888
vn -0.882951 0.371610 -0.286888
vn -0.751084 0.371610 -0.545692
vn -0.751083 0.371610 -0.545692
vn -0.545695 0.371610 -0.751081
vn -0.545695 0.371610 -0.751081
vn -0.286888 0.371610 -0.882950
vn -0.286888 0.371610 -0.882950
vn 0.000000 0.371610 -0.928389
vn 0.000000 0.371610 -0.928389
vn 0.286887 0.371610 -0.882950
vn 0.286887 0.371610 -0.882950
vn 0.545695 0.371610 -0.751081
vn 0.545695 0.371610 -0.751082
vn 0.751083 0.371610 -0.545692
vn 0.751083 0.371610 -0.545692
vn -0.856717 -0.434224 0.278363
vn -0.856717 -0.434224 0.278363
vn -0.728765 -0.434223 0.529483
vn -0.728765 -0.434223 0.529483
vn -0.529482 -0.434223 0.728766
vn -0.529482 -0.434223 0.728766
vn -0.278365 -0.434220 0.856718
vn -0.278365 -0.434220 0.856718
vn 0.000000 -0.434219 0.900807
vn -0.000000 -0.434219 0.900807
vn 0.278366 -0.434221 0.856718
vn 0.278366 -0.434221 0.856718
vn 0.529482 -0.434223 0.728766
vn 0.529482 -0.434223 0.728766
vn 0.728765 -0.434223 0.529483
vn 0.728765 -0.434223 0.529483
vn 0.856717 -0.434224 0.278363
vn 0.856717 -0.434224 0.278363
vn 0.900805 -0.434223 0.000001
vn 0.900805 -0.434223 0.000001
vn 0.856717 -0.434223 -0.278364
vn 0.856717 -0.434223 -0.278364
vn 0.728768 -0.434221 -0.529481
vn 0.728768 -0.434221 -0.529480
vn 0.529480 -0.434222 -0.728767
vn 0.529480 -0.434222 -0.728767
vn 0.278363 -0.434222 -0.856718
vn 0.278363 -0.434222 -0.856718
vn 0.000000 -0.434223 -0.900806
vn 0.000000 -0.434223 -0.900806
vn -0.278364 -0.434223 -0.856717
vn -0.278364 -0.434223 -0.856717
vn -0.529481 -0.434222 -0.728767
vn -0.529481 -0.434222 -0.728767
vn -0.728768 -0.434220 -0.529481
vn -0.728769 -0.434220 -0.529480
vn -0.856717 -0.434222 -0.278365
vn -0.856717 -0.434222 -0.278365
vn -0.900805 -0.434223 -0.000001
vn -0.900805 -0.434223 -0.000001
vn -0.951057 0.000000 0.309017
vn -0.950075 -0.045424 0.308699
vn -0.808180 -0.045424 0.587181
vn -0.809015 0.000000 0.587788
vn -0.587180 -0.045425 0.808181
vn -0.587788 0.000000 0.809015
vn -0.308698 -0.045426 0.950075
vn -0.309018 0.000000 0.951056
vn -0.000001 -0.045426 0.998968
vn 0.000000 0.000000 1.000000
vn 0.308698 -0.045424 0.950075
vn 0.309018 0.000000 0.951056
vn 0.587181 -0.045423 0.808181
vn 0.587788 0.000000 0.809015
vn 0.808180 -0.045423 0.587181
vn 0.809015 0.000000 0.587788
vn 0.950075 -0.045424 0.308698
vn 0.951056 0.000000 0.309017
vn 0.998968 -0.045423 0.000000
vn 1.000000 0.000000 0.000000
vn 0.950075 -0.045423 -0.308698
vn 0.951057 0.000000 -0.309017
vn 0.808181 -0.045423 -0.587180
vn 0.809016 0.000000 -0.587787
vn 0.587173 -0.045423 -0.808186
vn 0.587781 0.000000 -0.809020
vn 0.308701 -0.045424 -0.950074
vn 0.309021 0.000000 -0.951055
vn 0.000000 -0.045424 -0.998968
vn 0.000000 0.000000 -1.000000
vn -0.308701 -0.045423 -0.950074
vn -0.309021 0.000000 -0.951055
vn -0.587174 -0.045423 -0.808186
vn -0.587781 0.000000 -0.809020
vn -0.808181 -0.045423 -0.587180
vn -0.809016 0.000000 -0.587787
vn -0.950075 -0.045423 -0.308698
vn -0.951057 0.000000 -0.309017
vn -0.998968 -0.045423 -0.000000
vn -1.000000 0.000000 -0.000000
vn 0.183864 0.978476 -0.093692
vn 0.183864 0.978476 -0.093692
vn 0.183864 0.978476 -0.093692
vn 0.183864 0.978476 -0.093692
vn 0.183860 -0.978478 -0.093682
vn 0.183859 -0.978478 -0.093682
vn 0.183860 -0.978478 -0.093682
vn 0.183859 -0.978478 -0.093682
vn 0.145918 0.978476 -0.145920
vn 0.145918 0.978476 -0.145920
vn 0.145918 0.978476 -0.145920
vn 0.145918 0.978476 -0.145920
vn 0.145912 -0.978478 -0.145913
vn 0.145912 -0.978478 -0.145913
vn 0.145912 -0.978478 -0.145913
vn 0.145912 -0.978478 -0.145913
vn 0.093685 0.978477 -0.183865
vn 0.093685 0.978477 -0.183865
vn 0.093685 0.978477 -0.183865
vn 0.093685 0.978477 -0.183865
vn 0.093679 -0.978478 -0.183863
vn 0.093679 -0.978478 -0.183863
vn 0.093679 -0.978478 -0.183863
vn 0.093679 -0.978478 -0.183863
vn 0.032282 0.978476 -0.203818
vn 0.032282 0.978477 -0.203818
vn 0.032282 0.978477 -0.203818
vn 0.032282 0.978476 -0.203818
vn 0.032283 -0.978478 -0.203811
vn 0.032283 -0.978478 -0.203811
vn 0.032283 -0.978478 -0.203811
vn 0.032283 -0.978478 -0.203811
vn -0.032282 0.978476 -0.203818
vn -0.032282 0.978477 -0.203818
vn -0.032282 0.978477 -0.203818
vn -0.032282 0.978476 -0.203818
vn -0.032281 -0.978480 -0.203801
vn -0.032281 -0.978480 -0.203801
vn -0.032281 -0.978480 -0.203801
vn -0.032281 -0.978480 -0.203801
vn -0.093685 0.978477 -0.183865
vn -0.093685 0.978477 -0.183865
vn -0.093685 0.978477 -0.183865
vn -0.093685 0.978477 -0.183865
vn -0.093680 -0.978478 -0.183864
vn -0.093680 -0.978477 -0.183864
vn -0.093680 -0.978478 -0.183864
vn -0.093680 -0.978478 -0.183864
vn -0.145918 0.978476 -0.145921
vn -0.145918 0.978476 -0.145921
vn -0.145918 0.978476 -0.145921
vn -0.145918 0.978476 -0.145921
vn -0.145912 -0.978478 -0.145913
vn -0.145912 -0.978478 -0.145913
vn -0.145912 -0.978478 -0.145913
vn -0.145912 -0.978478 -0.145913
vn -0.183865 0.978477 -0.093681
vn -0.183865 0.978477 -0.093681
vn -0.183865 0.978477 -0.093681
vn -0.183865 0.978477 -0.093681
vn -0.183860 -0.978478 -0.093681
vn -0.183860 -0.978478 -0.093682
vn -0.183860 -0.978478 -0.093681
vn -0.183860 -0.978478 -0.093682
vn -0.203817 0.978477 -0.032275
vn -0.203817 0.978477 -0.032275
vn -0.203817 0.978477 -0.032275
vn -0.203817 0.978477 -0.032275
vn -0.203808 -0.978479 -0.032277
vn -0.203808 -0.978479 -0.032277
vn -0.203808 -0.978479 -0.032277
vn -0.203808 -0.978479 -0.032277
vn -0.203816 0.978477 0.032276
vn -0.203816 0.978477 0.032276
vn -0.203816 0.978477 0.032276
vn -0.203816 0.978477 0.032276
vn -0.203809 -0.978479 0.032271
vn -0.203809 -0.978479 0.032271
vn -0.203809 -0.978479 0.032271
vn -0.203809 -0.978479 0.032271
vn -0.183865 0.978476 0.093690
vn -0.183865 0.978476 0.093690
vn -0.183865 0.978476 0.093690
vn -0.183865 0.978476 0.093690
vn -0.183858 -0.978478 0.093687
vn -0.183858 -0.978478 0.093687
vn -0.183858 -0.978478 0.093687
vn -0.183858 -0.978478 0.093687
vn -0.145917 0.978476 0.145922
vn -0.145917 0.978476 0.145922
vn -0.145917 0.978476 0.145922
vn -0.145917 0.978476 0.145922
vn -0.145909 -0.978479 0.145910
vn -0.145909 -0.978479 0.145910
vn -0.145909 -0.978479 0.145910
vn -0.145909 -0.978479 0.145910
vn -0.093684 0.978476 0.183868
vn -0.093684 0.978476 0.183868
vn -0.093684 0.978476 0.183868
vn -0.093684 0.978476 0.183868
vn -0.093678 -0.978478 0.183863
vn -0.093678 -0.978478 0.183863
vn -0.093678 -0.978478 0.183863
vn -0.093678 -0.978478 0.183863
vn -0.032284 0.978477 0.203816
vn -0.032284 0.978477 0.203816
vn -0.032284 0.978477 0.203816
vn -0.032284 0.978477 0.203816
vn -0.032284 -0.978478 0.203811
vn -0.032284 -0.978478 0.203811
vn -0.032284 -0.978478 0.203811
vn -0.032284 -0.978478 0.203811
vn 0.032284 0.978477 0.203816
vn 0.032284 0.978477 0.203816
vn 0.032284 0.978477 0.203816
vn 0.032284 0.978477 0.203816
vn 0.032284 -0.978478 0.203810
vn 0.032284 -0.978478 0.203810
vn 0.032284 -0.978478 0.203810
vn 0.032284 -0.978478 0.203810
vn 0.093684 0.978476 0.183868
vn 0.093684 0.978476 0.183868
vn 0.093684 0.978476 0.183868
vn 0.093684 0.978476 0.183868
vn 0.093678 -0.978478 0.183864
vn 0.093678 -0.978478 0.183864
vn 0.093678 -0.978478 0.183864
vn 0.093678 -0.978478 0.183864
vn 0.145917 0.978477 0.145917
vn 0.145917 0.978477 0.145917
vn 0.145917 0.978477 0.145917
vn 0.145917 0.978477 0.145917
vn 0.145909 -0.978480 0.145905
vn 0.145909 -0.978480 0.145905
vn 0.145909 -0.978480 0.145905
vn 0.145909 -0.978480 0.145905
vn 0.183866 0.978476 0.093690
vn 0.183866 0.978476 0.093690
vn 0.183866 0.978476 0.093690
vn 0.183866 0.978476 0.093690
vn 0.183858 -0.978478 0.093687
vn 0.183858 -0.978478 0.093687
vn 0.183858 -0.978478 0.093687
vn 0.183858 -0.978478 0.093687
vn 0.203817 0.978477 0.032276
vn 0.203817 0.978477 0.032276
vn 0.203817 0.978477 0.032276
vn 0.203817 0.978477 0.032276
vn 0.203808 -0.978479 0.032277
vn 0.203808 -0.978479 0.032277
vn 0.203808 -0.978479 0.032277
vn 0.203808 -0.978479 0.032277
vn 0.203817 0.978477 -0.032275
vn 0.203817 0.978477 -0.032275
vn 0.203817 0.978477 -0.032275
vn 0.203817 0.978477 -0.032275
vn 0.203808 -0.978479 -0.032277
vn 0.203808 -0.978479 -0.032277
vn 0.203808 -0.978479 -0.032277
vn 0.203808 -0.978479 -0.032277
vn 0.806253 0.082572 -0.585779
vn 0.806252 0.082572 -0.585781
vn 0.947809 0.082574 -0.307959
vn 0.947809 0.082574 -0.307961
vn -0.947809 -0.082573 0.307961
vn -0.806253 -0.082572 0.585780
vn 0.585777 0.082575 -0.806255
vn 0.585778 0.082575 -0.806254
vn -0.585779 -0.082574 0.806253
vn 0.307967 0.082579 -0.947807
vn 0.307967 0.082579 -0.947806
vn -0.307961 -0.082576 0.947809
vn 0.000003 0.082578 -0.996585
vn 0.000003 0.082578 -0.996585
vn -0.000002 -0.082575 0.996585
vn -0.307965 0.082575 -0.947807
vn -0.307965 0.082575 -0.947807
vn 0.307961 -0.082573 0.947809
vn -0.585778 0.082571 -0.806255
vn -0.585778 0.082571 -0.806255
vn 0.585779 -0.082571 0.806254
vn -0.806253 0.082571 -0.585780
vn -0.806252 0.082571 -0.585781
vn 0.806253 -0.082571 0.585780
vn -0.947809 0.082573 -0.307960
vn -0.947810 0.082573 -0.307959
vn 0.947809 -0.082571 0.307960
vn -0.996585 0.082573 -0.000000
vn -0.996585 0.082573 0.000000
vn 0.996585 -0.082571 0.000000
vn -0.947809 0.082573 0.307962
vn -0.947809 0.082573 0.307962
vn 0.947809 -0.082571 -0.307961
vn -0.806253 0.082574 0.585780
vn -0.806253 0.082574 0.585779
vn 0.806254 -0.082570 -0.585779
vn -0.585774 0.082576 0.806257
vn -0.585775 0.082576 0.806256
vn 0.585772 -0.082570 -0.806259
vn -0.307965 0.082575 0.947807
vn -0.307965 0.082575 0.947807
vn 0.307964 -0.082571 -0.947808
vn 0.000000 0.082574 0.996585
vn 0.000000 0.082574 0.996585
vn 0.000000 -0.082573 -0.996585
vn 0.307965 0.082576 0.947807
vn 0.307965 0.082576 0.947807
vn -0.307964 -0.082571 -0.947808
vn 0.585773 0.082577 0.806258
vn 0.585774 0.082577 0.806257
vn -0.585772 -0.082570 -0.806259
vn 0.806253 0.082575 0.585780
vn 0.806253 0.082575 0.585780
vn -0.806254 -0.082570 -0.585779
vn 0.947809 0.082574 0.307962
vn 0.947808 0.082574 0.307962
vn -0.947809 -0.082570 -0.307961
vn 0.996585 0.082573 0.000000
vn 0.996585 0.082573 0.000001
vn -0.996585 -0.082571 -0.000001
vn -0.815401 -0.514713 0.264938
vn -0.693622 -0.514713 0.503944
vn -0.503945 -0.514712 0.693621
vn -0.264940 -0.514712 0.815401
vn 0.000000 -0.514712 0.857363
vn 0.264940 -0.514712 0.815401
vn 0.503946 -0.514712 0.693621
vn 0.693622 -0.514712 0.503944
vn 0.815401 -0.514712 0.264939
vn 0.857363 -0.514712 -0.000000
vn 0.815401 -0.514712 -0.264939
vn 0.693622 -0.514712 -0.503945
vn 0.503946 -0.514712 -0.693621
vn 0.264939 -0.514712 -0.815401
vn -0.000000 -0.514711 -0.857363
vn -0.264939 -0.514712 -0.815401
vn -0.503946 -0.514712 -0.693621
vn -0.693621 -0.514712 -0.503946
vn -0.815401 -0.514712 -0.264940
vn -0.857363 -0.514712 -0.000000
vn -0.936347 -0.175198 0.304236
vn -0.796505 -0.175198 0.578693
vn -0.808993 -0.007755 0.587767
vn -0.951028 -0.007755 0.309006
vn -0.756878 -0.353189 0.549903
vn -0.889763 -0.353189 0.289100
vn -0.578694 -0.175198 0.796504
vn -0.587768 -0.007755 0.808993
vn -0.549904 -0.353189 0.756878
vn -0.304237 -0.175198 0.936347
vn -0.309007 -0.007755 0.951028
vn -0.289101 -0.353188 0.889763
vn -0.000000 -0.175198 0.984533
vn 0.000000 -0.007755 0.999970
vn 0.000000 -0.353188 0.935552
vn 0.304238 -0.175198 0.936347
vn 0.309008 -0.007755 0.951028
vn 0.289102 -0.353188 0.889763
vn 0.578695 -0.175198 0.796504
vn 0.587768 -0.007755 0.808992
vn 0.549905 -0.353188 0.756877
vn 0.796505 -0.175198 0.578693
vn 0.808994 -0.007755 0.587766
vn 0.756879 -0.353188 0.549903
vn 0.936347 -0.175198 0.304237
vn 0.951028 -0.007755 0.309007
vn 0.889763 -0.353188 0.289101
vn 0.984533 -0.175198 0.000000
vn 0.999970 -0.007755 0.000000
vn 0.935552 -0.353188 0.000000
vn 0.936347 -0.175198 -0.304237
vn 0.951028 -0.007755 -0.309007
vn 0.889763 -0.353188 -0.289101
vn 0.796505 -0.175198 -0.578693
vn 0.808993 -0.007755 -0.587767
vn 0.756878 -0.353188 -0.549903
vn 0.578695 -0.175199 -0.796504
vn 0.587768 -0.007755 -0.808992
vn 0.549904 -0.353189 -0.756877
vn 0.304237 -0.175199 -0.936347
vn 0.309008 -0.007755 -0.951028
vn 0.289101 -0.353189 -0.889763
vn -0.000000 -0.175199 -0.984533
vn -0.000000 -0.007755 -0.999970
vn -0.000000 -0.353189 -0.935552
vn -0.304238 -0.175199 -0.936347
vn -0.309008 -0.007755 -0.951028
vn -0.289101 -0.353189 -0.889763
vn -0.578695 -0.175198 -0.796504
vn -0.587768 -0.007755 -0.808992
vn -0.549904 -0.353188 -0.756877
vn -0.796505 -0.175198 -0.578694
vn -0.808993 -0.007755 -0.587767
vn -0.756878 -0.353188 -0.549904
vn -0.936347 -0.175198 -0.304237
vn -0.951028 -0.007755 -0.309007
vn -0.889763 -0.353188 -0.289102
vn -0.984533 -0.175198 -0.000002
vn -0.999970 -0.007755 -0.000001
vn -0.935552 -0.353188 -0.000001
vn -0.844593 0.459733 0.274424
vn -0.888057 0.459733 -0.000001
vn -0.999350 0.036051 -0.000001
vn -0.950439 0.036051 0.308815
vn -0.808492 0.036051 0.587402
vn -0.718454 0.459733 0.521986
vn -0.844593 0.459733 -0.274425
vn -0.950438 0.036051 -0.308816
vn -0.718453 0.459733 -0.521987
vn -0.808491 0.036051 -0.587403
vn -0.521986 0.459734 -0.718453
vn -0.587404 0.036051 -0.808491
vn -0.274425 0.459734 -0.844592
vn -0.308816 0.036051 -0.950438
vn -0.000000 0.459736 -0.888056
vn -0.000000 0.036051 -0.999350
vn 0.274424 0.459734 -0.844592
vn 0.308816 0.036051 -0.950438
vn 0.521986 0.459734 -0.718453
vn 0.587404 0.036051 -0.808491
vn 0.718453 0.459734 -0.521986
vn 0.808492 0.036051 -0.587402
vn 0.844593 0.459733 -0.274425
vn 0.950438 0.036051 -0.308816
vn 0.888057 0.459733 0.000000
vn 0.999350 0.036051 -0.000000
vn 0.844593 0.459733 0.274425
vn 0.950438 0.036051 0.308815
vn 0.718454 0.459733 0.521986
vn 0.808492 0.036051 0.587402
vn 0.521988 0.459733 0.718453
vn 0.587404 0.036051 0.808490
vn 0.274424 0.459733 0.844593
vn 0.308816 0.036051 0.950438
vn 0.000000 0.459733 0.888057
vn -0.000000 0.036051 0.999350
vn -0.274424 0.459734 0.844593
vn -0.308815 0.036051 0.950438
vn -0.521987 0.459734 0.718453
vn -0.587403 0.036051 0.808491
vn -0.670853 0.708833 0.217973
vn -0.570662 0.708833 0.414609
vn -0.414610 0.708834 0.570661
vn -0.217973 0.708833 0.670852
vn 0.000000 0.708833 0.705376
vn 0.217973 0.708833 0.670853
vn 0.414610 0.708834 0.570661
vn 0.570662 0.708833 0.414609
vn 0.670853 0.708833 0.217973
vn 0.705377 0.708833 0.000000
vn 0.670852 0.708833 -0.217974
vn 0.570661 0.708834 -0.414609
vn 0.414607 0.708835 -0.570661
vn 0.217973 0.708835 -0.670851
vn -0.000000 0.708836 -0.705374
vn -0.217973 0.708835 -0.670851
vn -0.414607 0.708835 -0.570661
vn -0.570661 0.708834 -0.414610
vn -0.670853 0.708833 -0.217974
vn -0.705377 0.708832 -0.000000
vn -0.786294 -0.562557 0.255481
vn -0.786294 -0.562557 0.255481
vn -0.826759 -0.562557 0.000001
vn -0.826759 -0.562557 0.000001
vn -0.786294 -0.562558 -0.255482
vn -0.786294 -0.562558 -0.255483
vn -0.668862 -0.562558 -0.485956
vn -0.668862 -0.562558 -0.485956
vn -0.485957 -0.562558 -0.668860
vn -0.485957 -0.562558 -0.668860
vn -0.255482 -0.562557 -0.786294
vn -0.255482 -0.562557 -0.786294
vn -0.000000 -0.562558 -0.826758
vn -0.000000 -0.562558 -0.826758
vn 0.255481 -0.562558 -0.786294
vn 0.255481 -0.562558 -0.786294
vn 0.485958 -0.562559 -0.668859
vn 0.485958 -0.562559 -0.668859
vn 0.668862 -0.562557 -0.485955
vn 0.668862 -0.562557 -0.485955
vn 0.786294 -0.562557 -0.255482
vn 0.786294 -0.562557 -0.255483
vn 0.826759 -0.562557 0.000001
vn 0.826759 -0.562557 0.000001
vn 0.786294 -0.562557 0.255481
vn 0.786294 -0.562557 0.255481
vn 0.668861 -0.562557 0.485958
vn 0.668860 -0.562557 0.485958
vn 0.485957 -0.562557 0.668861
vn 0.485957 -0.562557 0.668862
vn 0.255483 -0.562557 0.786294
vn 0.255483 -0.562557 0.786294
vn 0.000000 -0.562558 0.826758
vn 0.000000 -0.562558 0.826758
vn -0.255481 -0.562558 0.786293
vn -0.255481 -0.562558 0.786294
vn -0.485956 -0.562558 0.668861
vn -0.485956 -0.562558 0.668861
vn -0.668861 -0.562558 0.485957
vn -0.668861 -0.562558 0.485957
vn -0.081491 0.994914 0.059205
vn -0.082379 0.994802 0.059850
vn -0.059852 0.994802 0.082377
vn -0.058404 0.995051 0.080384
vn -0.096842 0.994802 0.031466
vn -0.095354 0.994961 0.030982
vn -0.101825 0.994802 0.000001
vn -0.097548 0.995231 0.000001
vn -0.089976 0.995515 -0.029235
vn -0.096841 0.994802 -0.031466
vn -0.074604 0.995739 -0.054204
vn -0.082378 0.994802 -0.059852
vn -0.053428 0.995860 -0.073537
vn -0.059852 0.994802 -0.082378
vn -0.028090 0.995860 -0.086447
vn -0.031467 0.994802 -0.096841
vn -0.000000 0.995739 -0.092215
vn -0.000000 0.994802 -0.101825
vn 0.029236 0.995515 -0.089975
vn 0.031467 0.994802 -0.096841
vn 0.059853 0.994802 -0.082378
vn 0.082379 0.994802 -0.059852
vn 0.096842 0.994802 -0.031467
vn 0.099362 0.995051 -0.000000
vn 0.101825 0.994802 -0.000000
vn 0.092205 0.995289 0.029959
vn 0.096842 0.994802 0.031466
vn 0.076756 0.995489 0.055765
vn 0.082380 0.994802 0.059850
vn 0.055076 0.995601 0.075803
vn 0.059852 0.994802 0.082377
vn 0.028954 0.995601 0.089112
vn 0.031466 0.994802 0.096841
vn -0.000000 0.995489 0.094874
vn -0.000000 0.994802 0.101824
vn -0.029959 0.995289 0.092204
vn -0.031466 0.994802 0.096841
vn -0.000002 1.000000 0.000001
vn -0.000000 1.000000 0.000000
vn 0.000000 1.000000 -0.000001
vn -0.000000 1.000000 -0.000000
vn 0.000000 1.000000 -0.000000
vn 0.000001 1.000000 -0.000000
vn 0.000001 1.000000 -0.000000
vn 0.224257 -0.960813 -0.162934
vn 0.263628 -0.960814 -0.085658
vn 0.263627 -0.960814 -0.085659
vn 0.224257 -0.960813 -0.162933
vn 0.162939 -0.960812 -0.224255
vn 0.162940 -0.960812 -0.224255
vn 0.085665 -0.960807 -0.263650
vn 0.085664 -0.960807 -0.263650
vn 0.000000 -0.960806 -0.277221
vn -0.000001 -0.960806 -0.277221
vn -0.085665 -0.960808 -0.263645
vn -0.085664 -0.960808 -0.263645
vn -0.162936 -0.960811 -0.224262
vn -0.162936 -0.960811 -0.224262
vn -0.224254 -0.960814 -0.162932
vn -0.224255 -0.960814 -0.162930
vn -0.263628 -0.960814 -0.085661
vn -0.263628 -0.960814 -0.085662
vn -0.277195 -0.960814 -0.000006
vn -0.277195 -0.960814 -0.000006
vn -0.263634 -0.960813 0.085653
vn -0.263634 -0.960813 0.085653
vn -0.224267 -0.960811 0.162933
vn -0.224267 -0.960811 0.162934
vn -0.162939 -0.960808 0.224275
vn -0.162940 -0.960808 0.224275
vn -0.085662 -0.960806 0.263654
vn -0.085661 -0.960806 0.263654
vn 0.000000 -0.960808 0.277214
vn 0.000000 -0.960808 0.277214
vn 0.085662 -0.960811 0.263635
vn 0.085661 -0.960811 0.263635
vn 0.162940 -0.960811 0.224262
vn 0.162941 -0.960811 0.224262
vn 0.224266 -0.960811 0.162933
vn 0.224266 -0.960811 0.162933
vn 0.263633 -0.960813 0.085653
vn 0.263632 -0.960813 0.085653
vn 0.277196 -0.960814 0.000003
vn 0.277196 -0.960814 0.000003
s 1
g group1 pCylinder5 polySurface10
usemtl standardSurface2SG
f 2658/2965/4129 2657/2599/4130 2659/2600/4131 2660/2964/4132
f 2662/2966/4133 2661/2601/4134 2657/2599/4130 2658/2965/4129
f 2664/2967/4135 2663/2602/4136 2661/2601/4134 2662/2966/4133
f 2666/2968/4137 2665/2603/4138 2663/2602/4136 2664/2967/4135
f 2668/2969/4139 2667/2604/4140 2665/2603/4138 2666/2968/4137
f 2670/2970/4141 2669/2605/4142 2667/2604/4140 2668/2969/4139
f 2672/2971/4143 2671/2606/4144 2669/2605/4142 2670/2970/4141
f 2674/2972/4145 2673/2607/4146 2671/2606/4144 2672/2971/4143
f 2676/2973/4147 2675/2608/4148 2673/2607/4146 2674/2972/4145
f 2678/2974/4149 2677/2609/4150 2675/2608/4148 2676/2973/4147
f 2680/2975/4151 2679/2610/4152 2677/2609/4150 2678/2974/4149
f 2682/2976/4153 2681/2611/4154 2679/2610/4152 2680/2975/4151
f 2684/2977/4155 2683/2612/4156 2681/2611/4154 2682/2976/4153
f 2686/2978/4157 2685/2613/4158 2683/2612/4156 2684/2977/4155
f 2688/2979/4159 2687/2614/4160 2685/2613/4158 2686/2978/4157
f 2690/2980/4161 2689/2615/4162 2687/2614/4160 2688/2979/4159
f 2692/2981/4163 2691/2616/4164 2689/2615/4162 2690/2980/4161
f 2694/2982/4165 2693/2617/4166 2691/2616/4164 2692/2981/4163
f 2696/2983/4167 2695/2618/4168 2693/2617/4166 2694/2982/4165
f 2660/2964/4132 2659/2600/4131 2695/2618/4168 2696/2983/4167
s off
f 2698/2619/4169 2697/2620/4170 2699/2621/4171 2700/2622/4172
f 2697/2620/4173 2701/2623/4174 2702/2624/4175 2699/2621/4176
f 2701/2623/4177 2703/2625/4178 2704/2626/4179 2702/2624/4180
f 2703/2625/4181 2705/2627/4182 2706/2628/4183 2704/2626/4184
f 2705/2627/4185 2707/2629/4186 2708/2630/4187 2706/2628/4188
f 2707/2629/4189 2709/2631/4190 2710/2632/4191 2708/2630/4192
f 2709/2631/4193 2711/2633/4194 2712/2634/4195 2710/2632/4196
f 2711/2633/4197 2713/2635/4198 2714/2636/4199 2712/2634/4200
f 2713/2635/4201 2715/2637/4202 2716/2638/4203 2714/2636/4204
f 2715/2637/4205 2717/2639/4206 2718/2640/4207 2716/2638/4208
f 2717/2639/4209 2719/2641/4210 2720/2642/4211 2718/2640/4212
f 2719/2641/4213 2721/2643/4214 2722/2644/4215 2720/2642/4216
f 2721/2643/4217 2723/2645/4218 2724/2646/4219 2722/2644/4220
f 2723/2645/4221 2725/2647/4222 2726/2648/4223 2724/2646/4224
f 2725/2647/4225 2727/2649/4226 2728/2650/4227 2726/2648/4228
f 2727/2649/4229 2729/2651/4230 2730/2652/4231 2728/2650/4232
f 2729/2651/4233 2731/2653/4234 2732/2654/4235 2730/2652/4236
f 2731/2653/4237 2733/2655/4238 2734/2656/4239 2732/2654/4240
f 2733/2655/4241 2735/2657/4242 2736/2658/4243 2734/2656/4244
f 2735/2657/4245 2698/2619/4246 2700/2622/4247 2736/2658/4248
s 2
f 2737/2995/4249 2738/3004/4250 2739/2993/4251 2740/2994/4252
s 3
f 2700/2622/4253 2699/2621/4254 2741/2659/4255 2742/2661/4256
f 2699/2621/4254 2702/2624/4257 2743/2660/4258 2741/2659/4255
f 2702/2624/4257 2704/2626/4259 2744/2663/4260 2743/2660/4258
f 2704/2626/4259 2706/2628/4261 2745/2664/4262 2744/2663/4260
f 2706/2628/4261 2708/2630/4263 2746/2665/4264 2745/2664/4262
f 2708/2630/4263 2710/2632/4265 2747/2666/4266 2746/2665/4264
f 2710/2632/4265 2712/2634/4267 2748/2667/4268 2747/2666/4266
f 2712/2634/4267 2714/2636/4269 2749/2668/4270 2748/2667/4268
f 2714/2636/4269 2716/2638/4271 2750/2669/4272 2749/2668/4270
f 2716/2638/4271 2718/2640/4273 2751/2670/4274 2750/2669/4272
f 2718/2640/4273 2720/2642/4275 2752/2671/4276 2751/2670/4274
f 2720/2642/4275 2722/2644/4277 2753/2672/4278 2752/2671/4276
f 2722/2644/4277 2724/2646/4279 2754/2673/4280 2753/2672/4278
f 2724/2646/4279 2726/2648/4281 2755/2674/4282 2754/2673/4280
f 2726/2648/4281 2728/2650/4283 2756/2675/4284 2755/2674/4282
f 2728/2650/4283 2730/2652/4285 2757/2676/4286 2756/2675/4284
f 2730/2652/4285 2732/2654/4287 2758/2677/4288 2757/2676/4286
f 2732/2654/4287 2734/2656/4289 2759/2678/4290 2758/2677/4288
f 2734/2656/4289 2736/2658/4291 2760/2662/4292 2759/2678/4290
f 2736/2658/4291 2700/2622/4253 2742/2661/4256 2760/2662/4292
s 4
f 2761/2679/4293 2762/2680/4294 2660/2964/4295 2696/2983/4296
f 2763/2681/4297 2761/2679/4293 2696/2983/4296 2694/2982/4298
f 2764/2682/4299 2763/2681/4297 2694/2982/4298 2692/2981/4300
f 2765/2683/4301 2764/2682/4299 2692/2981/4300 2690/2980/4302
f 2766/2684/4303 2765/2683/4301 2690/2980/4302 2688/2979/4304
f 2767/2685/4305 2766/2684/4303 2688/2979/4304 2686/2978/4306
f 2768/2686/4307 2767/2685/4305 2686/2978/4306 2684/2977/4308
f 2769/2687/4309 2768/2686/4307 2684/2977/4308 2682/2976/4310
f 2770/2688/4311 2769/2687/4309 2682/2976/4310 2680/2975/4312
f 2771/2689/4313 2770/2688/4311 2680/2975/4312 2678/2974/4314
f 2772/2690/4315 2771/2689/4313 2678/2974/4314 2676/2973/4316
f 2773/2691/4317 2772/2690/4315 2676/2973/4316 2674/2972/4318
f 2774/2692/4319 2773/2691/4317 2674/2972/4318 2672/2971/4320
f 2775/2693/4321 2774/2692/4319 2672/2971/4320 2670/2970/4322
f 2776/2694/4323 2775/2693/4321 2670/2970/4322 2668/2969/4324
f 2777/2695/4325 2776/2694/4323 2668/2969/4324 2666/2968/4326
f 2778/2696/4327 2777/2695/4325 2666/2968/4326 2664/2967/4328
f 2779/2697/4329 2778/2696/4327 2664/2967/4328 2662/2966/4330
f 2780/2698/4331 2779/2697/4329 2662/2966/4330 2658/2965/4332
f 2762/2680/4294 2780/2698/4331 2658/2965/4332 2660/2964/4295
s 5
f 2781/2699/4333 2782/2700/4334 2783/2701/4335 2784/2702/4336
f 2782/2700/4334 2785/2703/4337 2786/2704/4338 2783/2701/4335
f 2785/2703/4337 2787/2705/4339 2788/2706/4340 2786/2704/4338
f 2787/2705/4339 2789/2707/4341 2790/2708/4342 2788/2706/4340
f 2789/2707/4341 2791/2709/4343 2792/2710/4344 2790/2708/4342
f 2791/2709/4343 2793/2711/4345 2794/2712/4346 2792/2710/4344
f 2793/2711/4345 2795/2713/4347 2796/2714/4348 2794/2712/4346
f 2795/2713/4347 2797/2715/4349 2798/2716/4350 2796/2714/4348
f 2797/2715/4349 2799/2717/4351 2800/2718/4352 2798/2716/4350
f 2799/2717/4351 2801/2719/4353 2802/2720/4354 2800/2718/4352
f 2801/2719/4353 2803/2721/4355 2804/2722/4356 2802/2720/4354
f 2803/2721/4355 2805/2723/4357 2806/2724/4358 2804/2722/4356
f 2805/2723/4357 2807/2725/4359 2808/2726/4360 2806/2724/4358
f 2807/2725/4359 2809/2727/4361 2810/2728/4362 2808/2726/4360
f 2809/2727/4361 2811/2729/4363 2812/2730/4364 2810/2728/4362
f 2811/2729/4363 2813/2731/4365 2814/2732/4366 2812/2730/4364
f 2813/2731/4365 2815/2733/4367 2816/2734/4368 2814/2732/4366
f 2815/2733/4367 2817/2735/4369 2818/2736/4370 2816/2734/4368
f 2817/2735/4369 2819/2737/4371 2820/2738/4372 2818/2736/4370
f 2819/2737/4371 2781/2699/4333 2784/2702/4336 2820/2738/4372
s off
f 2762/2680/4373 2761/2679/4374 2782/2700/4375 2781/2699/4376
f 2822/2739/4377 2821/2740/4378 2823/2741/4379 2824/2742/4380
f 2761/2679/4381 2763/2681/4382 2785/2703/4383 2782/2700/4384
f 2825/2743/4385 2822/2739/4386 2824/2742/4387 2826/2744/4388
f 2763/2681/4389 2764/2682/4390 2787/2705/4391 2785/2703/4392
f 2827/2745/4393 2825/2743/4394 2826/2744/4395 2828/2746/4396
f 2764/2682/4397 2765/2683/4398 2789/2707/4399 2787/2705/4400
f 2829/2747/4401 2827/2745/4402 2828/2746/4403 2830/2748/4404
f 2765/2683/4405 2766/2684/4406 2791/2709/4407 2789/2707/4408
f 2831/2749/4409 2829/2747/4410 2830/2748/4411 2832/2750/4412
f 2766/2684/4413 2767/2685/4414 2793/2711/4415 2791/2709/4416
f 2833/2751/4417 2831/2749/4418 2832/2750/4419 2834/2752/4420
f 2767/2685/4421 2768/2686/4422 2795/2713/4423 2793/2711/4424
f 2835/2753/4425 2833/2751/4426 2834/2752/4427 2836/2754/4428
f 2768/2686/4429 2769/2687/4430 2797/2715/4431 2795/2713/4432
f 2837/2755/4433 2835/2753/4434 2836/2754/4435 2838/2756/4436
f 2769/2687/4437 2770/2688/4438 2799/2717/4439 2797/2715/4440
f 2839/2757/4441 2837/2755/4442 2838/2756/4443 2840/2758/4444
f 2770/2688/4445 2771/2689/4446 2801/2719/4447 2799/2717/4448
f 2841/2759/4449 2839/2757/4450 2840/2758/4451 2842/2760/4452
f 2771/2689/4453 2772/2690/4454 2803/2721/4455 2801/2719/4456
f 2843/2761/4457 2841/2759/4458 2842/2760/4459 2844/2762/4460
f 2772/2690/4461 2773/2691/4462 2805/2723/4463 2803/2721/4464
f 2845/2763/4465 2843/2761/4466 2844/2762/4467 2846/2764/4468
f 2773/2691/4469 2774/2692/4470 2807/2725/4471 2805/2723/4472
f 2847/2765/4473 2845/2763/4474 2846/2764/4475 2848/2766/4476
f 2774/2692/4477 2775/2693/4478 2809/2727/4479 2807/2725/4480
f 2849/2767/4481 2847/2765/4482 2848/2766/4483 2850/2768/4484
f 2775/2693/4485 2776/2694/4486 2811/2729/4487 2809/2727/4488
f 2851/2769/4489 2849/2767/4490 2850/2768/4491 2852/2770/4492
f 2776/2694/4493 2777/2695/4494 2813/2731/4495 2811/2729/4496
f 2853/2771/4497 2851/2769/4498 2852/2770/4499 2854/2772/4500
f 2777/2695/4501 2778/2696/4502 2815/2733/4503 2813/2731/4504
f 2855/2773/4505 2853/2771/4506 2854/2772/4507 2856/2774/4508
f 2778/2696/4509 2779/2697/4510 2817/2735/4511 2815/2733/4512
f 2857/2775/4513 2855/2773/4514 2856/2774/4515 2858/2776/4516
f 2779/2697/4517 2780/2698/4518 2819/2737/4519 2817/2735/4520
f 2859/2777/4521 2857/2775/4522 2858/2776/4523 2860/2778/4524
f 2780/2698/4525 2762/2680/4526 2781/2699/4527 2819/2737/4528
f 2821/2740/4529 2859/2777/4530 2860/2778/4531 2823/2741/4532
s 6
f 2862/3445/4533 2861/3446/4534 2821/2740/4535 2822/2739/4536
s 5
f 2784/2702/4336 2783/2701/4335 2824/2742/4537 2823/2741/4538
s 6
f 2863/3447/4539 2862/3445/4533 2822/2739/4536 2825/2743/4540
s 5
f 2783/2701/4335 2786/2704/4338 2826/2744/4541 2824/2742/4537
s 6
f 2864/3448/4542 2863/3447/4539 2825/2743/4540 2827/2745/4543
s 5
f 2786/2704/4338 2788/2706/4340 2828/2746/4544 2826/2744/4541
s 6
f 2865/3449/4545 2864/3448/4542 2827/2745/4543 2829/2747/4546
s 5
f 2788/2706/4340 2790/2708/4342 2830/2748/4547 2828/2746/4544
s 6
f 2866/3450/4548 2865/3449/4545 2829/2747/4546 2831/2749/4549
s 5
f 2790/2708/4342 2792/2710/4344 2832/2750/4550 2830/2748/4547
s 6
f 2867/3451/4551 2866/3450/4548 2831/2749/4549 2833/2751/4552
s 5
f 2792/2710/4344 2794/2712/4346 2834/2752/4553 2832/2750/4550
s 6
f 2868/3452/4554 2867/3451/4551 2833/2751/4552 2835/2753/4555
s 5
f 2794/2712/4346 2796/2714/4348 2836/2754/4556 2834/2752/4553
s 6
f 2869/3453/4557 2868/3452/4554 2835/2753/4555 2837/2755/4558
s 5
f 2796/2714/4348 2798/2716/4350 2838/2756/4559 2836/2754/4556
s 6
f 2870/3454/4560 2869/3453/4557 2837/2755/4558 2839/2757/4561
s 5
f 2798/2716/4350 2800/2718/4352 2840/2758/4562 2838/2756/4559
s 6
f 2871/3455/4563 2870/3454/4560 2839/2757/4561 2841/2759/4564
s 5
f 2800/2718/4352 2802/2720/4354 2842/2760/4565 2840/2758/4562
s 6
f 2872/3456/4566 2871/3455/4563 2841/2759/4564 2843/2761/4567
s 5
f 2802/2720/4354 2804/2722/4356 2844/2762/4568 2842/2760/4565
s 6
f 2873/3457/4569 2872/3456/4566 2843/2761/4567 2845/2763/4570
s 5
f 2804/2722/4356 2806/2724/4358 2846/2764/4571 2844/2762/4568
s 6
f 2874/3458/4572 2873/3457/4569 2845/2763/4570 2847/2765/4573
s 5
f 2806/2724/4358 2808/2726/4360 2848/2766/4574 2846/2764/4571
s 6
f 2875/3459/4575 2874/3458/4572 2847/2765/4573 2849/2767/4576
s 5
f 2808/2726/4360 2810/2728/4362 2850/2768/4577 2848/2766/4574
s 6
f 2876/3460/4578 2875/3459/4575 2849/2767/4576 2851/2769/4579
s 5
f 2810/2728/4362 2812/2730/4364 2852/2770/4580 2850/2768/4577
s 6
f 2877/3461/4581 2876/3460/4578 2851/2769/4579 2853/2771/4582
s 5
f 2812/2730/4364 2814/2732/4366 2854/2772/4583 2852/2770/4580
s 6
f 2878/3462/4584 2877/3461/4581 2853/2771/4582 2855/2773/4585
s 5
f 2814/2732/4366 2816/2734/4368 2856/2774/4586 2854/2772/4583
s 6
f 2879/3463/4587 2878/3462/4584 2855/2773/4585 2857/2775/4588
s 5
f 2816/2734/4368 2818/2736/4370 2858/2776/4589 2856/2774/4586
s 6
f 2880/3464/4590 2879/3463/4587 2857/2775/4588 2859/2777/4591
s 5
f 2818/2736/4370 2820/2738/4372 2860/2778/4592 2858/2776/4589
s 6
f 2861/3446/4534 2880/3464/4590 2859/2777/4591 2821/2740/4535
s 5
f 2820/2738/4372 2784/2702/4336 2823/2741/4538 2860/2778/4592
s 1
f 2882/2799/4593 2881/2800/4594 2695/2618/4168 2659/2600/4131
f 2881/2800/4594 2883/2801/4595 2693/2617/4166 2695/2618/4168
f 2883/2801/4595 2884/2802/4596 2691/2616/4164 2693/2617/4166
f 2884/2802/4596 2885/2803/4597 2689/2615/4162 2691/2616/4164
f 2885/2803/4597 2886/2804/4598 2687/2614/4160 2689/2615/4162
f 2886/2804/4598 2887/2805/4599 2685/2613/4158 2687/2614/4160
f 2887/2805/4599 2888/2806/4600 2683/2612/4156 2685/2613/4158
f 2888/2806/4600 2889/2807/4601 2681/2611/4154 2683/2612/4156
f 2889/2807/4601 2890/2808/4602 2679/2610/4152 2681/2611/4154
f 2890/2808/4602 2891/2809/4603 2677/2609/4150 2679/2610/4152
f 2891/2809/4603 2892/2810/4604 2675/2608/4148 2677/2609/4150
f 2892/2810/4604 2893/2811/4605 2673/2607/4146 2675/2608/4148
f 2893/2811/4605 2894/2812/4606 2671/2606/4144 2673/2607/4146
f 2894/2812/4606 2895/2813/4607 2669/2605/4142 2671/2606/4144
f 2895/2813/4607 2896/2814/4608 2667/2604/4140 2669/2605/4142
f 2896/2814/4608 2897/2815/4609 2665/2603/4138 2667/2604/4140
f 2897/2815/4609 2898/2816/4610 2663/2602/4136 2665/2603/4138
f 2898/2816/4610 2899/2817/4611 2661/2601/4134 2663/2602/4136
f 2899/2817/4611 2900/2818/4612 2657/2599/4130 2661/2601/4134
f 2900/2818/4612 2882/2799/4593 2659/2600/4131 2657/2599/4130
f 2902/2819/4613 2901/2820/4614 2903/2821/4615 2904/2822/4616
f 2882/2799/4593 2905/2823/4617 2906/2824/4618 2881/2800/4594
f 2905/2823/4617 2902/2825/4613 2904/2826/4616 2906/2824/4618
f 2904/2822/4616 2903/2821/4615 2907/2827/4619 2908/2828/4620
f 2881/2800/4594 2906/2824/4618 2909/2829/4621 2883/2801/4595
f 2906/2824/4618 2904/2826/4616 2908/2830/4620 2909/2829/4621
f 2908/2828/4620 2907/2827/4619 2910/2831/4622 2911/2832/4623
f 2883/2801/4595 2909/2829/4621 2912/2833/4624 2884/2802/4596
f 2909/2829/4621 2908/2830/4620 2911/2834/4623 2912/2833/4624
f 2911/2832/4623 2910/2831/4622 2913/2835/4625 2914/2836/4626
f 2884/2802/4596 2912/2833/4624 2915/2837/4627 2885/2803/4597
f 2912/2833/4624 2911/2834/4623 2914/2838/4626 2915/2837/4627
f 2914/2836/4626 2913/2835/4625 2916/2839/4628 2917/2840/4629
f 2885/2803/4597 2915/2837/4627 2918/2841/4630 2886/2804/4598
f 2915/2837/4627 2914/2838/4626 2917/2842/4629 2918/2841/4630
f 2917/2840/4629 2916/2839/4628 2919/2843/4631 2920/2844/4632
f 2886/2804/4598 2918/2841/4630 2921/2845/4633 2887/2805/4599
f 2918/2841/4630 2917/2842/4629 2920/2846/4632 2921/2845/4633
f 2920/2844/4632 2919/2843/4631 2922/2847/4634 2923/2848/4635
f 2887/2805/4599 2921/2845/4633 2924/2849/4636 2888/2806/4600
f 2921/2845/4633 2920/2846/4632 2923/2850/4635 2924/2849/4636
f 2923/2848/4635 2922/2847/4634 2925/2851/4637 2926/2852/4638
f 2888/2806/4600 2924/2849/4636 2927/2853/4639 2889/2807/4601
f 2924/2849/4636 2923/2850/4635 2926/2854/4638 2927/2853/4639
f 2926/2852/4638 2925/2851/4637 2928/2855/4640 2929/2856/4641
f 2889/2807/4601 2927/2853/4639 2930/2857/4642 2890/2808/4602
f 2927/2853/4639 2926/2854/4638 2929/2858/4641 2930/2857/4642
f 2929/2856/4641 2928/2855/4640 2931/2859/4643 2932/2860/4644
f 2890/2808/4602 2930/2857/4642 2933/2861/4645 2891/2809/4603
f 2930/2857/4642 2929/2858/4641 2932/2862/4644 2933/2861/4645
f 2932/2860/4644 2931/2859/4643 2934/2863/4646 2935/2864/4647
f 2891/2809/4603 2933/2861/4645 2936/2865/4648 2892/2810/4604
f 2933/2861/4645 2932/2862/4644 2935/2866/4647 2936/2865/4648
f 2935/2864/4647 2934/2863/4646 2937/2867/4649 2938/2868/4650
f 2892/2810/4604 2936/2865/4648 2939/2869/4651 2893/2811/4605
f 2936/2865/4648 2935/2866/4647 2938/2870/4650 2939/2869/4651
f 2938/2868/4650 2937/2867/4649 2940/2871/4652 2941/2872/4653
f 2893/2811/4605 2939/2869/4651 2942/2873/4654 2894/2812/4606
f 2939/2869/4651 2938/2870/4650 2941/2874/4653 2942/2873/4654
f 2941/2872/4653 2940/2871/4652 2943/2875/4655 2944/2876/4656
f 2894/2812/4606 2942/2873/4654 2945/2877/4657 2895/2813/4607
f 2942/2873/4654 2941/2874/4653 2944/2878/4656 2945/2877/4657
f 2944/2876/4656 2943/2875/4655 2946/2879/4658 2947/2880/4659
f 2895/2813/4607 2945/2877/4657 2948/2881/4660 2896/2814/4608
f 2945/2877/4657 2944/2878/4656 2947/2882/4659 2948/2881/4660
f 2947/2880/4659 2946/2879/4658 2949/2883/4661 2950/2884/4662
f 2896/2814/4608 2948/2881/4660 2951/2885/4663 2897/2815/4609
f 2948/2881/4660 2947/2882/4659 2950/2886/4662 2951/2885/4663
f 2950/2884/4662 2949/2883/4661 2952/2887/4664 2953/2888/4665
f 2897/2815/4609 2951/2885/4663 2954/2889/4666 2898/2816/4610
f 2951/2885/4663 2950/2886/4662 2953/2890/4665 2954/2889/4666
f 2953/2888/4665 2952/2887/4664 2955/2891/4667 2956/2892/4668
f 2898/2816/4610 2954/2889/4666 2957/2893/4669 2899/2817/4611
f 2954/2889/4666 2953/2890/4665 2956/2894/4668 2957/2893/4669
f 2956/2892/4668 2955/2891/4667 2958/2895/4670 2959/2896/4671
f 2899/2817/4611 2957/2893/4669 2960/2897/4672 2900/2818/4612
f 2957/2893/4669 2956/2894/4668 2959/2898/4671 2960/2897/4672
f 2901/2899/4614 2902/2900/4613 2959/2896/4671 2958/2895/4670
f 2902/2825/4613 2905/2823/4617 2960/2897/4672 2959/2898/4671
f 2905/2823/4617 2882/2799/4593 2900/2818/4612 2960/2897/4672
f 2961/2901/4673 2962/2902/4674 2963/2903/4675 2964/2904/4676
f 2962/2905/4674 2961/2906/4673 2965/2907/4677 2966/2908/4678
f 2964/2904/4676 2963/2903/4675 2967/2909/4679 2968/2910/4680
f 2968/2910/4680 2967/2909/4679 2969/2911/4681 2970/2912/4682
f 2970/2912/4682 2969/2911/4681 2971/2913/4683 2972/2914/4684
f 2972/2914/4684 2971/2913/4683 2973/2915/4685 2974/2916/4686
f 2974/2916/4686 2973/2915/4685 2975/2917/4687 2976/2918/4688
f 2976/2918/4688 2975/2917/4687 2977/2919/4689 2978/2920/4690
f 2978/2920/4690 2977/2919/4689 2979/2921/4691 2980/2922/4692
f 2980/2922/4692 2979/2921/4691 2981/2923/4693 2982/2924/4694
f 2982/2924/4694 2981/2923/4693 2983/2925/4695 2984/2926/4696
f 2984/2926/4696 2983/2925/4695 2985/2927/4697 2986/2928/4698
f 2986/2928/4698 2985/2927/4697 2987/2929/4699 2988/2930/4700
f 2988/2930/4700 2987/2929/4699 2989/2931/4701 2990/2932/4702
f 2990/2932/4702 2989/2931/4701 2991/2933/4703 2992/2934/4704
f 2992/2934/4704 2991/2933/4703 2993/2935/4705 2994/2936/4706
f 2994/2936/4706 2993/2935/4705 2995/2937/4707 2996/2938/4708
f 2996/2938/4708 2995/2937/4707 2997/2939/4709 2998/2940/4710
f 2998/2940/4710 2997/2939/4709 2999/2941/4711 3000/2942/4712
f 3000/2942/4712 2999/2941/4711 2966/2908/4678 2965/2907/4677
f 2698/2943/4713 2735/2944/4714 2965/2907/4677 2961/2906/4673
f 2735/2944/4714 2733/2945/4715 3000/2942/4712 2965/2907/4677
f 2733/2945/4715 2731/2946/4716 2998/2940/4710 3000/2942/4712
f 2731/2946/4716 2729/2947/4717 2996/2938/4708 2998/2940/4710
f 2729/2947/4717 2727/2948/4718 2994/2936/4706 2996/2938/4708
f 2727/2948/4718 2725/2949/4719 2992/2934/4704 2994/2936/4706
f 2725/2949/4719 2723/2950/4720 2990/2932/4702 2992/2934/4704
f 2723/2950/4720 2721/2951/4721 2988/2930/4700 2990/2932/4702
f 2721/2951/4721 2719/2952/4722 2986/2928/4698 2988/2930/4700
f 2719/2952/4722 2717/2953/4723 2984/2926/4696 2986/2928/4698
f 2717/2953/4723 2715/2954/4724 2982/2924/4694 2984/2926/4696
f 2715/2954/4724 2713/2955/4725 2980/2922/4692 2982/2924/4694
f 2713/2955/4725 2711/2956/4726 2978/2920/4690 2980/2922/4692
f 2711/2956/4726 2709/2957/4727 2976/2918/4688 2978/2920/4690
f 2709/2957/4727 2707/2958/4728 2974/2916/4686 2976/2918/4688
f 2707/2958/4728 2705/2959/4729 2972/2914/4684 2974/2916/4686
f 2705/2959/4729 2703/2960/4730 2970/2912/4682 2972/2914/4684
f 2703/2960/4730 2701/2961/4731 2968/2910/4680 2970/2912/4682
f 2701/2961/4731 2697/2962/4732 2964/2904/4676 2968/2910/4680
f 2697/2962/4732 2698/2963/4713 2961/2901/4673 2964/2904/4676
f 2963/2903/4675 2962/2902/4674 2901/2899/4614 2958/2895/4670
f 2967/2909/4679 2963/2903/4675 2958/2895/4670 2955/2891/4667
f 2969/2911/4681 2967/2909/4679 2955/2891/4667 2952/2887/4664
f 2971/2913/4683 2969/2911/4681 2952/2887/4664 2949/2883/4661
f 2973/2915/4685 2971/2913/4683 2949/2883/4661 2946/2879/4658
f 2975/2917/4687 2973/2915/4685 2946/2879/4658 2943/2875/4655
f 2977/2919/4689 2975/2917/4687 2943/2875/4655 2940/2871/4652
f 2979/2921/4691 2977/2919/4689 2940/2871/4652 2937/2867/4649
f 2981/2923/4693 2979/2921/4691 2937/2867/4649 2934/2863/4646
f 2983/2925/4695 2981/2923/4693 2934/2863/4646 2931/2859/4643
f 2985/2927/4697 2983/2925/4695 2931/2859/4643 2928/2855/4640
f 2987/2929/4699 2985/2927/4697 2928/2855/4640 2925/2851/4637
f 2989/2931/4701 2987/2929/4699 2925/2851/4637 2922/2847/4634
f 2991/2933/4703 2989/2931/4701 2922/2847/4634 2919/2843/4631
f 2993/2935/4705 2991/2933/4703 2919/2843/4631 2916/2839/4628
f 2995/2937/4707 2993/2935/4705 2916/2839/4628 2913/2835/4625
f 2997/2939/4709 2995/2937/4707 2913/2835/4625 2910/2831/4622
f 2999/2941/4711 2997/2939/4709 2910/2831/4622 2907/2827/4619
f 2966/2908/4678 2999/2941/4711 2907/2827/4619 2903/2821/4615
f 2962/2905/4674 2966/2908/4678 2903/2821/4615 2901/2820/4614
s 2
f 3002/2987/4733 3001/3003/4734 2759/2678/4735 2760/2662/4736
f 2742/2661/4737 3003/2986/4738 3002/2987/4733 2760/2662/4736
f 2741/2659/4739 3004/2984/4740 3003/2986/4738 2742/2661/4737
f 3005/2985/4741 3004/2984/4740 2741/2659/4739 2743/2660/4742
f 3006/2988/4743 3005/2985/4741 2743/2660/4742 2744/2663/4744
f 3007/2989/4745 3006/2988/4743 2744/2663/4744 2745/2664/4746
f 3008/2990/4747 3007/2989/4745 2745/2664/4746 2746/2665/4748
f 3009/2991/4749 3008/2990/4747 2746/2665/4748 2747/2666/4750
f 3010/2992/4751 3009/2991/4749 2747/2666/4750 2748/2667/4752
f 2739/2993/4251 3010/2992/4751 2748/2667/4752 2749/2668/4753
f 2740/2994/4252 2739/2993/4251 2749/2668/4753 2750/2669/4754
f 2737/2995/4249 2740/2994/4252 2750/2669/4754 2751/2670/4755
f 3011/2996/4756 2737/2995/4249 2751/2670/4755 2752/2671/4757
f 3012/2997/4758 3011/2996/4756 2752/2671/4757 2753/2672/4759
f 3013/2998/4760 3012/2997/4758 2753/2672/4759 2754/2673/4761
f 3014/2999/4762 3013/2998/4760 2754/2673/4761 2755/2674/4763
f 3015/3000/4764 3014/2999/4762 2755/2674/4763 2756/2675/4765
f 3016/3001/4766 3015/3000/4764 2756/2675/4765 2757/2676/4767
f 3017/3002/4768 3016/3001/4766 2757/2676/4767 2758/2677/4769
f 3001/3003/4734 3017/3002/4768 2758/2677/4769 2759/2678/4735
f 3018/3011/4770 3002/2987/4733 3003/2986/4738 3004/2984/4740
f 3019/3010/4771 3018/3011/4770 3004/2984/4740 3005/2985/4741
f 3020/3009/4772 3019/3010/4771 3005/2985/4741 3006/2988/4743
f 3021/3008/4773 3020/3009/4772 3006/2988/4743 3007/2989/4745
f 3022/3007/4774 3021/3008/4773 3007/2989/4745 3008/2990/4747
f 3023/3006/4775 3022/3007/4774 3008/2990/4747 3009/2991/4749
f 3024/3005/4776 3023/3006/4775 3009/2991/4749 3010/2992/4751
f 2738/3004/4250 3024/3005/4776 3010/2992/4751 2739/2993/4251
f 3011/2996/4756 2738/3004/4250 2737/2995/4249
f 3012/2997/4758 3024/3005/4776 2738/3004/4250 3011/2996/4756
f 3013/2998/4760 3023/3006/4775 3024/3005/4776 3012/2997/4758
f 3014/2999/4762 3022/3007/4774 3023/3006/4775 3013/2998/4760
f 3015/3000/4764 3021/3008/4773 3022/3007/4774 3014/2999/4762
f 3016/3001/4766 3020/3009/4772 3021/3008/4773 3015/3000/4764
f 3017/3002/4768 3019/3010/4771 3020/3009/4772 3016/3001/4766
f 3001/3003/4734 3018/3011/4770 3019/3010/4771 3017/3002/4768
f 3001/3003/4734 3002/2987/4733 3018/3011/4770
s 10
f 2410/3012/4777 2412/3015/4778 2411/3014/4779 2409/3013/4780
f 2414/3016/4781 2410/3012/4777 2409/3013/4780 2413/3017/4782
f 2416/3018/4783 2414/3016/4781 2413/3017/4782 2415/3019/4784
f 2418/3020/4785 2416/3018/4783 2415/3019/4784 2417/3021/4786
f 2420/3022/4787 2418/3020/4785 2417/3021/4786 2419/3023/4788
f 2422/3024/4789 2420/3022/4787 2419/3023/4788 2421/3025/4790
f 2424/3026/4791 2422/3024/4789 2421/3025/4790 2423/3027/4792
f 2426/3028/4793 2424/3026/4791 2423/3027/4792 2425/3029/4794
f 2428/3030/4795 2426/3028/4793 2425/3029/4794 2427/3031/4796
f 2430/3032/4797 2428/3030/4795 2427/3031/4796 2429/3033/4798
f 2432/3034/4799 2430/3032/4797 2429/3033/4798 2431/3035/4800
f 2434/3036/4801 2432/3034/4799 2431/3035/4800 2433/3037/4802
f 2436/3038/4803 2434/3036/4801 2433/3037/4802 2435/3039/4804
f 2438/3040/4805 2436/3038/4803 2435/3039/4804 2437/3041/4806
f 2440/3042/4807 2438/3040/4805 2437/3041/4806 2439/3043/4808
f 2442/3044/4809 2440/3042/4807 2439/3043/4808 2441/3045/4810
f 2444/3046/4811 2442/3044/4809 2441/3045/4810 2443/3047/4812
f 2446/3048/4813 2444/3046/4811 2443/3047/4812 2445/3049/4814
f 2448/3050/4815 2446/3048/4813 2445/3049/4814 2447/3051/4816
f 2412/3015/4778 2448/3050/4815 2447/3051/4816 2411/3014/4779
s off
f 2450/3052/4817 2452/3055/4818 2451/3054/4819 2449/3053/4820
f 2449/3053/4821 2451/3054/4822 2454/3057/4823 2453/3056/4824
f 2453/3056/4825 2454/3057/4826 2456/3059/4827 2455/3058/4828
f 2455/3058/4829 2456/3059/4830 2458/3061/4831 2457/3060/4832
f 2457/3060/4833 2458/3061/4834 2460/3063/4835 2459/3062/4836
f 2459/3062/4837 2460/3063/4838 2462/3065/4839 2461/3064/4840
f 2461/3064/4841 2462/3065/4842 2464/3067/4843 2463/3066/4844
f 2463/3066/4845 2464/3067/4846 2466/3069/4847 2465/3068/4848
f 2465/3068/4849 2466/3069/4850 2468/3071/4851 2467/3070/4852
f 2467/3070/4853 2468/3071/4854 2470/3073/4855 2469/3072/4856
f 2469/3072/4857 2470/3073/4858 2472/3075/4859 2471/3074/4860
f 2471/3074/4861 2472/3075/4862 2474/3077/4863 2473/3076/4864
f 2473/3076/4865 2474/3077/4866 2476/3079/4867 2475/3078/4868
f 2475/3078/4869 2476/3079/4870 2478/3081/4871 2477/3080/4872
f 2477/3080/4873 2478/3081/4874 2480/3083/4875 2479/3082/4876
f 2479/3082/4877 2480/3083/4878 2482/3085/4879 2481/3084/4880
f 2481/3084/4881 2482/3085/4882 2484/3087/4883 2483/3086/4884
f 2483/3086/4885 2484/3087/4886 2486/3089/4887 2485/3088/4888
f 2485/3088/4889 2486/3089/4890 2488/3091/4891 2487/3090/4892
f 2487/3090/4893 2488/3091/4894 2452/3055/4895 2450/3052/4896
s 11
f 2640/3092/4897 2639/3095/4898 2638/3094/4899 2649/3093/4900
s 12
f 2452/3055/4901 2491/3097/4902 2489/3096/4903 2451/3054/4904
f 2451/3054/4904 2489/3096/4903 2490/3098/4905 2454/3057/4906
f 2454/3057/4906 2490/3098/4905 2493/3099/4907 2456/3059/4908
f 2456/3059/4908 2493/3099/4907 2494/3100/4909 2458/3061/4910
f 2458/3061/4910 2494/3100/4909 2495/3101/4911 2460/3063/4912
f 2460/3063/4912 2495/3101/4911 2496/3102/4913 2462/3065/4914
f 2462/3065/4914 2496/3102/4913 2497/3103/4915 2464/3067/4916
f 2464/3067/4916 2497/3103/4915 2498/3104/4917 2466/3069/4918
f 2466/3069/4918 2498/3104/4917 2499/3105/4919 2468/3071/4920
f 2468/3071/4920 2499/3105/4919 2500/3106/4921 2470/3073/4922
f 2470/3073/4922 2500/3106/4921 2501/3107/4923 2472/3075/4924
f 2472/3075/4924 2501/3107/4923 2502/3108/4925 2474/3077/4926
f 2474/3077/4926 2502/3108/4925 2503/3109/4927 2476/3079/4928
f 2476/3079/4928 2503/3109/4927 2504/3110/4929 2478/3081/4930
f 2478/3081/4930 2504/3110/4929 2505/3111/4931 2480/3083/4932
f 2480/3083/4932 2505/3111/4931 2506/3112/4933 2482/3085/4934
f 2482/3085/4934 2506/3112/4933 2507/3113/4935 2484/3087/4936
f 2484/3087/4936 2507/3113/4935 2508/3114/4937 2486/3089/4938
f 2486/3089/4938 2508/3114/4937 2492/3115/4939 2488/3091/4940
f 2488/3091/4940 2492/3115/4939 2491/3097/4902 2452/3055/4901
s 13
f 2269/3116/4941 2289/3119/4942 2290/3118/4943 2270/3117/4944
f 2270/3117/4944 2290/3118/4943 2291/3121/4945 2271/3120/4946
f 2271/3120/4946 2291/3121/4945 2292/3123/4947 2272/3122/4948
f 2272/3122/4948 2292/3123/4947 2293/3125/4949 2273/3124/4950
f 2273/3124/4950 2293/3125/4949 2294/3127/4951 2274/3126/4952
f 2274/3126/4952 2294/3127/4951 2295/3129/4953 2275/3128/4954
f 2275/3128/4954 2295/3129/4953 2296/3131/4955 2276/3130/4956
f 2276/3130/4956 2296/3131/4955 2297/3133/4957 2277/3132/4958
f 2277/3132/4958 2297/3133/4957 2298/3135/4959 2278/3134/4960
f 2278/3134/4960 2298/3135/4959 2299/3137/4961 2279/3136/4962
f 2279/3136/4962 2299/3137/4961 2300/3139/4963 2280/3138/4964
f 2280/3138/4964 2300/3139/4963 2301/3141/4965 2281/3140/4966
f 2281/3140/4966 2301/3141/4965 2302/3143/4967 2282/3142/4968
f 2282/3142/4968 2302/3143/4967 2303/3145/4969 2283/3144/4970
f 2283/3144/4970 2303/3145/4969 2304/3147/4971 2284/3146/4972
f 2284/3146/4972 2304/3147/4971 2305/3149/4973 2285/3148/4974
f 2285/3148/4974 2305/3149/4973 2306/3151/4975 2286/3150/4976
f 2286/3150/4976 2306/3151/4975 2307/3153/4977 2287/3152/4978
f 2287/3152/4978 2307/3153/4977 2308/3155/4979 2288/3154/4980
f 2288/3154/4980 2308/3155/4979 2289/3119/4942 2269/3116/4941
s 14
f 2329/3156/4981 2332/3159/4982 2331/3158/4983 2330/3157/4984
f 2330/3157/4984 2331/3158/4983 2334/3161/4985 2333/3160/4986
f 2333/3160/4986 2334/3161/4985 2336/3163/4987 2335/3162/4988
f 2335/3162/4988 2336/3163/4987 2338/3165/4989 2337/3164/4990
f 2337/3164/4990 2338/3165/4989 2340/3167/4991 2339/3166/4992
f 2339/3166/4992 2340/3167/4991 2342/3169/4993 2341/3168/4994
f 2341/3168/4994 2342/3169/4993 2344/3171/4995 2343/3170/4996
f 2343/3170/4996 2344/3171/4995 2346/3173/4997 2345/3172/4998
f 2345/3172/4998 2346/3173/4997 2348/3175/4999 2347/3174/5000
f 2347/3174/5000 2348/3175/4999 2350/3177/5001 2349/3176/5002
f 2349/3176/5002 2350/3177/5001 2352/3179/5003 2351/3178/5004
f 2351/3178/5004 2352/3179/5003 2354/3181/5005 2353/3180/5006
f 2353/3180/5006 2354/3181/5005 2356/3183/5007 2355/3182/5008
f 2355/3182/5008 2356/3183/5007 2358/3185/5009 2357/3184/5010
f 2357/3184/5010 2358/3185/5009 2360/3187/5011 2359/3186/5012
f 2359/3186/5012 2360/3187/5011 2362/3189/5013 2361/3188/5014
f 2361/3188/5014 2362/3189/5013 2364/3191/5015 2363/3190/5016
f 2363/3190/5016 2364/3191/5015 2366/3193/5017 2365/3192/5018
f 2365/3192/5018 2366/3193/5017 2368/3195/5019 2367/3194/5020
f 2367/3194/5020 2368/3195/5019 2332/3159/4982 2329/3156/4981
s off
f 2289/3119/5021 2329/3156/5022 2330/3157/5023 2290/3118/5024
f 2370/3196/5025 2372/3199/5026 2371/3198/5027 2369/3197/5028
f 2290/3118/5029 2330/3157/5030 2333/3160/5031 2291/3121/5032
f 2373/3200/5033 2374/3201/5034 2372/3199/5035 2370/3196/5036
f 2291/3121/5037 2333/3160/5038 2335/3162/5039 2292/3123/5040
f 2375/3202/5041 2376/3203/5042 2374/3201/5043 2373/3200/5044
f 2292/3123/5045 2335/3162/5046 2337/3164/5047 2293/3125/5048
f 2377/3204/5049 2378/3205/5050 2376/3203/5051 2375/3202/5052
f 2293/3125/5053 2337/3164/5054 2339/3166/5055 2294/3127/5056
f 2379/3206/5057 2380/3207/5058 2378/3205/5059 2377/3204/5060
f 2294/3127/5061 2339/3166/5062 2341/3168/5063 2295/3129/5064
f 2381/3208/5065 2382/3209/5066 2380/3207/5067 2379/3206/5068
f 2295/3129/5069 2341/3168/5070 2343/3170/5071 2296/3131/5072
f 2383/3210/5073 2384/3211/5074 2382/3209/5075 2381/3208/5076
f 2296/3131/5077 2343/3170/5078 2345/3172/5079 2297/3133/5080
f 2385/3212/5081 2386/3213/5082 2384/3211/5083 2383/3210/5084
f 2297/3133/5085 2345/3172/5086 2347/3174/5087 2298/3135/5088
f 2387/3214/5089 2388/3215/5090 2386/3213/5091 2385/3212/5092
f 2298/3135/5093 2347/3174/5094 2349/3176/5095 2299/3137/5096
f 2389/3216/5097 2390/3217/5098 2388/3215/5099 2387/3214/5100
f 2299/3137/5101 2349/3176/5102 2351/3178/5103 2300/3139/5104
f 2391/3218/5105 2392/3219/5106 2390/3217/5107 2389/3216/5108
f 2300/3139/5109 2351/3178/5110 2353/3180/5111 2301/3141/5112
f 2393/3220/5113 2394/3221/5114 2392/3219/5115 2391/3218/5116
f 2301/3141/5117 2353/3180/5118 2355/3182/5119 2302/3143/5120
f 2395/3222/5121 2396/3223/5122 2394/3221/5123 2393/3220/5124
f 2302/3143/5125 2355/3182/5126 2357/3184/5127 2303/3145/5128
f 2397/3224/5129 2398/3225/5130 2396/3223/5131 2395/3222/5132
f 2303/3145/5133 2357/3184/5134 2359/3186/5135 2304/3147/5136
f 2399/3226/5137 2400/3227/5138 2398/3225/5139 2397/3224/5140
f 2304/3147/5141 2359/3186/5142 2361/3188/5143 2305/3149/5144
f 2401/3228/5145 2402/3229/5146 2400/3227/5147 2399/3226/5148
f 2305/3149/5149 2361/3188/5150 2363/3190/5151 2306/3151/5152
f 2403/3230/5153 2404/3231/5154 2402/3229/5155 2401/3228/5156
f 2306/3151/5157 2363/3190/5158 2365/3192/5159 2307/3153/5160
f 2405/3232/5161 2406/3233/5162 2404/3231/5163 2403/3230/5164
f 2307/3153/5165 2365/3192/5166 2367/3194/5167 2308/3155/5168
f 2407/3234/5169 2408/3235/5170 2406/3233/5171 2405/3232/5172
f 2308/3155/5173 2367/3194/5174 2329/3156/5175 2289/3119/5176
f 2369/3197/5177 2371/3198/5178 2408/3235/5179 2407/3234/5180
s 15
f 2310/3236/5181 2370/3196/5182 2369/3197/5183 2309/3237/5184
s 14
f 2332/3159/4982 2371/3198/5185 2372/3199/5186 2331/3158/4983
s 15
f 2311/3238/5187 2373/3200/5188 2370/3196/5182 2310/3236/5181
s 14
f 2331/3158/4983 2372/3199/5186 2374/3201/5189 2334/3161/4985
s 15
f 2312/3239/5190 2375/3202/5191 2373/3200/5188 2311/3238/5187
s 14
f 2334/3161/4985 2374/3201/5189 2376/3203/5192 2336/3163/4987
s 15
f 2313/3240/5193 2377/3204/5194 2375/3202/5191 2312/3239/5190
s 14
f 2336/3163/4987 2376/3203/5192 2378/3205/5195 2338/3165/4989
s 15
f 2314/3241/5196 2379/3206/5197 2377/3204/5194 2313/3240/5193
s 14
f 2338/3165/4989 2378/3205/5195 2380/3207/5198 2340/3167/4991
s 15
f 2315/3242/5199 2381/3208/5200 2379/3206/5197 2314/3241/5196
s 14
f 2340/3167/4991 2380/3207/5198 2382/3209/5201 2342/3169/4993
s 15
f 2316/3243/5202 2383/3210/5203 2381/3208/5200 2315/3242/5199
s 14
f 2342/3169/4993 2382/3209/5201 2384/3211/5204 2344/3171/4995
s 15
f 2317/3244/5205 2385/3212/5206 2383/3210/5203 2316/3243/5202
s 14
f 2344/3171/4995 2384/3211/5204 2386/3213/5207 2346/3173/4997
s 15
f 2318/3245/5208 2387/3214/5209 2385/3212/5206 2317/3244/5205
s 14
f 2346/3173/4997 2386/3213/5207 2388/3215/5210 2348/3175/4999
s 15
f 2319/3246/5211 2389/3216/5212 2387/3214/5209 2318/3245/5208
s 14
f 2348/3175/4999 2388/3215/5210 2390/3217/5213 2350/3177/5001
s 15
f 2320/3247/5214 2391/3218/5215 2389/3216/5212 2319/3246/5211
s 14
f 2350/3177/5001 2390/3217/5213 2392/3219/5216 2352/3179/5003
s 15
f 2321/3248/5217 2393/3220/5218 2391/3218/5215 2320/3247/5214
s 14
f 2352/3179/5003 2392/3219/5216 2394/3221/5219 2354/3181/5005
s 15
f 2322/3249/5220 2395/3222/5221 2393/3220/5218 2321/3248/5217
s 14
f 2354/3181/5005 2394/3221/5219 2396/3223/5222 2356/3183/5007
s 15
f 2323/3250/5223 2397/3224/5224 2395/3222/5221 2322/3249/5220
s 14
f 2356/3183/5007 2396/3223/5222 2398/3225/5225 2358/3185/5009
s 15
f 2324/3251/5226 2399/3226/5227 2397/3224/5224 2323/3250/5223
s 14
f 2358/3185/5009 2398/3225/5225 2400/3227/5228 2360/3187/5011
s 15
f 2325/3252/5229 2401/3228/5230 2399/3226/5227 2324/3251/5226
s 14
f 2360/3187/5011 2400/3227/5228 2402/3229/5231 2362/3189/5013
s 15
f 2326/3253/5232 2403/3230/5233 2401/3228/5230 2325/3252/5229
s 14
f 2362/3189/5013 2402/3229/5231 2404/3231/5234 2364/3191/5015
s 15
f 2327/3254/5235 2405/3232/5236 2403/3230/5233 2326/3253/5232
s 14
f 2364/3191/5015 2404/3231/5234 2406/3233/5237 2366/3193/5017
s 15
f 2328/3255/5238 2407/3234/5239 2405/3232/5236 2327/3254/5235
s 14
f 2366/3193/5017 2406/3233/5237 2408/3235/5240 2368/3195/5019
s 15
f 2309/3237/5184 2369/3197/5183 2407/3234/5239 2328/3255/5238
s 14
f 2368/3195/5019 2408/3235/5240 2371/3198/5185 2332/3159/4982
s 10
f 2510/3256/5241 2411/3014/4779 2447/3051/4816 2509/3257/5242
f 2509/3257/5242 2447/3051/4816 2445/3049/4814 2511/3258/5243
f 2511/3258/5243 2445/3049/4814 2443/3047/4812 2512/3259/5244
f 2512/3259/5244 2443/3047/4812 2441/3045/4810 2513/3260/5245
f 2513/3260/5245 2441/3045/4810 2439/3043/4808 2514/3261/5246
f 2514/3261/5246 2439/3043/4808 2437/3041/4806 2515/3262/5247
f 2515/3262/5247 2437/3041/4806 2435/3039/4804 2516/3263/5248
f 2516/3263/5248 2435/3039/4804 2433/3037/4802 2517/3264/5249
f 2517/3264/5249 2433/3037/4802 2431/3035/4800 2518/3265/5250
f 2518/3265/5250 2431/3035/4800 2429/3033/4798 2519/3266/5251
f 2519/3266/5251 2429/3033/4798 2427/3031/4796 2520/3267/5252
f 2520/3267/5252 2427/3031/4796 2425/3029/4794 2521/3268/5253
f 2521/3268/5253 2425/3029/4794 2423/3027/4792 2522/3269/5254
f 2522/3269/5254 2423/3027/4792 2421/3025/4790 2523/3270/5255
f 2523/3270/5255 2421/3025/4790 2419/3023/4788 2524/3271/5256
f 2524/3271/5256 2419/3023/4788 2417/3021/4786 2525/3272/5257
f 2525/3272/5257 2417/3021/4786 2415/3019/4784 2526/3273/5258
f 2526/3273/5258 2415/3019/4784 2413/3017/4782 2527/3274/5259
f 2527/3274/5259 2413/3017/4782 2409/3013/4780 2528/3275/5260
f 2528/3275/5260 2409/3013/4780 2411/3014/4779 2510/3256/5241
f 2530/3276/5261 2532/3279/5262 2531/3278/5263 2529/3277/5264
f 2510/3256/5241 2509/3257/5242 2534/3281/5265 2533/3280/5266
f 2533/3280/5266 2534/3281/5265 2532/3283/5262 2530/3282/5261
f 2532/3279/5262 2536/3285/5267 2535/3284/5268 2531/3278/5263
f 2509/3257/5242 2511/3258/5243 2537/3286/5269 2534/3281/5265
f 2534/3281/5265 2537/3286/5269 2536/3287/5267 2532/3283/5262
f 2536/3285/5267 2539/3289/5270 2538/3288/5271 2535/3284/5268
f 2511/3258/5243 2512/3259/5244 2540/3290/5272 2537/3286/5269
f 2537/3286/5269 2540/3290/5272 2539/3291/5270 2536/3287/5267
f 2539/3289/5270 2542/3293/5273 2541/3292/5274 2538/3288/5271
f 2512/3259/5244 2513/3260/5245 2543/3294/5275 2540/3290/5272
f 2540/3290/5272 2543/3294/5275 2542/3295/5273 2539/3291/5270
f 2542/3293/5273 2545/3297/5276 2544/3296/5277 2541/3292/5274
f 2513/3260/5245 2514/3261/5246 2546/3298/5278 2543/3294/5275
f 2543/3294/5275 2546/3298/5278 2545/3299/5276 2542/3295/5273
f 2545/3297/5276 2548/3301/5279 2547/3300/5280 2544/3296/5277
f 2514/3261/5246 2515/3262/5247 2549/3302/5281 2546/3298/5278
f 2546/3298/5278 2549/3302/5281 2548/3303/5279 2545/3299/5276
f 2548/3301/5279 2551/3305/5282 2550/3304/5283 2547/3300/5280
f 2515/3262/5247 2516/3263/5248 2552/3306/5284 2549/3302/5281
f 2549/3302/5281 2552/3306/5284 2551/3307/5282 2548/3303/5279
f 2551/3305/5282 2554/3309/5285 2553/3308/5286 2550/3304/5283
f 2516/3263/5248 2517/3264/5249 2555/3310/5287 2552/3306/5284
f 2552/3306/5284 2555/3310/5287 2554/3311/5285 2551/3307/5282
f 2554/3309/5285 2557/3313/5288 2556/3312/5289 2553/3308/5286
f 2517/3264/5249 2518/3265/5250 2558/3314/5290 2555/3310/5287
f 2555/3310/5287 2558/3314/5290 2557/3315/5288 2554/3311/5285
f 2557/3313/5288 2560/3317/5291 2559/3316/5292 2556/3312/5289
f 2518/3265/5250 2519/3266/5251 2561/3318/5293 2558/3314/5290
f 2558/3314/5290 2561/3318/5293 2560/3319/5291 2557/3315/5288
f 2560/3317/5291 2563/3321/5294 2562/3320/5295 2559/3316/5292
f 2519/3266/5251 2520/3267/5252 2564/3322/5296 2561/3318/5293
f 2561/3318/5293 2564/3322/5296 2563/3323/5294 2560/3319/5291
f 2563/3321/5294 2566/3325/5297 2565/3324/5298 2562/3320/5295
f 2520/3267/5252 2521/3268/5253 2567/3326/5299 2564/3322/5296
f 2564/3322/5296 2567/3326/5299 2566/3327/5297 2563/3323/5294
f 2566/3325/5297 2569/3329/5300 2568/3328/5301 2565/3324/5298
f 2521/3268/5253 2522/3269/5254 2570/3330/5302 2567/3326/5299
f 2567/3326/5299 2570/3330/5302 2569/3331/5300 2566/3327/5297
f 2569/3329/5300 2572/3333/5303 2571/3332/5304 2568/3328/5301
f 2522/3269/5254 2523/3270/5255 2573/3334/5305 2570/3330/5302
f 2570/3330/5302 2573/3334/5305 2572/3335/5303 2569/3331/5300
f 2572/3333/5303 2575/3337/5306 2574/3336/5307 2571/3332/5304
f 2523/3270/5255 2524/3271/5256 2576/3338/5308 2573/3334/5305
f 2573/3334/5305 2576/3338/5308 2575/3339/5306 2572/3335/5303
f 2575/3337/5306 2578/3341/5309 2577/3340/5310 2574/3336/5307
f 2524/3271/5256 2525/3272/5257 2579/3342/5311 2576/3338/5308
f 2576/3338/5308 2579/3342/5311 2578/3343/5309 2575/3339/5306
f 2578/3341/5309 2581/3345/5312 2580/3344/5313 2577/3340/5310
f 2525/3272/5257 2526/3273/5258 2582/3346/5314 2579/3342/5311
f 2579/3342/5311 2582/3346/5314 2581/3347/5312 2578/3343/5309
f 2581/3345/5312 2584/3349/5315 2583/3348/5316 2580/3344/5313
f 2526/3273/5258 2527/3274/5259 2585/3350/5317 2582/3346/5314
f 2582/3346/5314 2585/3350/5317 2584/3351/5315 2581/3347/5312
f 2584/3349/5315 2587/3353/5318 2586/3352/5319 2583/3348/5316
f 2527/3274/5259 2528/3275/5260 2588/3354/5320 2585/3350/5317
f 2585/3350/5317 2588/3354/5320 2587/3355/5318 2584/3351/5315
f 2529/3356/5264 2586/3352/5319 2587/3353/5318 2530/3357/5261
f 2530/3282/5261 2587/3355/5318 2588/3354/5320 2533/3280/5266
f 2533/3280/5266 2588/3354/5320 2528/3275/5260 2510/3256/5241
f 2589/3358/5321 2592/3361/5322 2591/3360/5323 2590/3359/5324
f 2590/3362/5324 2594/3365/5325 2593/3364/5326 2589/3363/5321
f 2592/3361/5322 2596/3367/5327 2595/3366/5328 2591/3360/5323
f 2596/3367/5327 2598/3369/5329 2597/3368/5330 2595/3366/5328
f 2598/3369/5329 2600/3371/5331 2599/3370/5332 2597/3368/5330
f 2600/3371/5331 2602/3373/5333 2601/3372/5334 2599/3370/5332
f 2602/3373/5333 2604/3375/5335 2603/3374/5336 2601/3372/5334
f 2604/3375/5335 2606/3377/5337 2605/3376/5338 2603/3374/5336
f 2606/3377/5337 2608/3379/5339 2607/3378/5340 2605/3376/5338
f 2608/3379/5339 2610/3381/5341 2609/3380/5342 2607/3378/5340
f 2610/3381/5341 2612/3383/5343 2611/3382/5344 2609/3380/5342
f 2612/3383/5343 2614/3385/5345 2613/3384/5346 2611/3382/5344
f 2614/3385/5345 2616/3387/5347 2615/3386/5348 2613/3384/5346
f 2616/3387/5347 2618/3389/5349 2617/3388/5350 2615/3386/5348
f 2618/3389/5349 2620/3391/5351 2619/3390/5352 2617/3388/5350
f 2620/3391/5351 2622/3393/5353 2621/3392/5354 2619/3390/5352
f 2622/3393/5353 2624/3395/5355 2623/3394/5356 2621/3392/5354
f 2624/3395/5355 2626/3397/5357 2625/3396/5358 2623/3394/5356
f 2626/3397/5357 2628/3399/5359 2627/3398/5360 2625/3396/5358
f 2628/3399/5359 2593/3364/5326 2594/3365/5325 2627/3398/5360
f 2450/3400/5361 2589/3363/5321 2593/3364/5326 2487/3401/5362
f 2487/3401/5362 2593/3364/5326 2628/3399/5359 2485/3402/5363
f 2485/3402/5363 2628/3399/5359 2626/3397/5357 2483/3403/5364
f 2483/3403/5364 2626/3397/5357 2624/3395/5355 2481/3404/5365
f 2481/3404/5365 2624/3395/5355 2622/3393/5353 2479/3405/5366
f 2479/3405/5366 2622/3393/5353 2620/3391/5351 2477/3406/5367
f 2477/3406/5367 2620/3391/5351 2618/3389/5349 2475/3407/5368
f 2475/3407/5368 2618/3389/5349 2616/3387/5347 2473/3408/5369
f 2473/3408/5369 2616/3387/5347 2614/3385/5345 2471/3409/5370
f 2471/3409/5370 2614/3385/5345 2612/3383/5343 2469/3410/5371
f 2469/3410/5371 2612/3383/5343 2610/3381/5341 2467/3411/5372
f 2467/3411/5372 2610/3381/5341 2608/3379/5339 2465/3412/5373
f 2465/3412/5373 2608/3379/5339 2606/3377/5337 2463/3413/5374
f 2463/3413/5374 2606/3377/5337 2604/3375/5335 2461/3414/5375
f 2461/3414/5375 2604/3375/5335 2602/3373/5333 2459/3415/5376
f 2459/3415/5376 2602/3373/5333 2600/3371/5331 2457/3416/5377
f 2457/3416/5377 2600/3371/5331 2598/3369/5329 2455/3417/5378
f 2455/3417/5378 2598/3369/5329 2596/3367/5327 2453/3418/5379
f 2453/3418/5379 2596/3367/5327 2592/3361/5322 2449/3419/5380
f 2449/3419/5380 2592/3361/5322 2589/3358/5321 2450/3420/5361
f 2591/3360/5323 2586/3352/5319 2529/3356/5264 2590/3359/5324
f 2595/3366/5328 2583/3348/5316 2586/3352/5319 2591/3360/5323
f 2597/3368/5330 2580/3344/5313 2583/3348/5316 2595/3366/5328
f 2599/3370/5332 2577/3340/5310 2580/3344/5313 2597/3368/5330
f 2601/3372/5334 2574/3336/5307 2577/3340/5310 2599/3370/5332
f 2603/3374/5336 2571/3332/5304 2574/3336/5307 2601/3372/5334
f 2605/3376/5338 2568/3328/5301 2571/3332/5304 2603/3374/5336
f 2607/3378/5340 2565/3324/5298 2568/3328/5301 2605/3376/5338
f 2609/3380/5342 2562/3320/5295 2565/3324/5298 2607/3378/5340
f 2611/3382/5344 2559/3316/5292 2562/3320/5295 2609/3380/5342
f 2613/3384/5346 2556/3312/5289 2559/3316/5292 2611/3382/5344
f 2615/3386/5348 2553/3308/5286 2556/3312/5289 2613/3384/5346
f 2617/3388/5350 2550/3304/5283 2553/3308/5286 2615/3386/5348
f 2619/3390/5352 2547/3300/5280 2550/3304/5283 2617/3388/5350
f 2621/3392/5354 2544/3296/5277 2547/3300/5280 2619/3390/5352
f 2623/3394/5356 2541/3292/5274 2544/3296/5277 2621/3392/5354
f 2625/3396/5358 2538/3288/5271 2541/3292/5274 2623/3394/5356
f 2627/3398/5360 2535/3284/5268 2538/3288/5271 2625/3396/5358
f 2594/3365/5325 2531/3278/5263 2535/3284/5268 2627/3398/5360
f 2590/3362/5324 2529/3277/5264 2531/3278/5263 2594/3365/5325
s 18
f 2269/3116/5381 2412/3015/5382 2410/3012/5383 2288/3154/5384
f 2288/3154/5384 2410/3012/5383 2414/3016/5385 2287/3152/5386
f 2287/3152/5386 2414/3016/5385 2416/3018/5387 2286/3150/5388
f 2286/3150/5388 2416/3018/5387 2418/3020/5389 2285/3148/5390
f 2285/3148/5390 2418/3020/5389 2420/3022/5391 2284/3146/5392
f 2284/3146/5392 2420/3022/5391 2422/3024/5393 2283/3144/5394
f 2283/3144/5394 2422/3024/5393 2424/3026/5395 2282/3142/5396
f 2282/3142/5396 2424/3026/5395 2426/3028/5397 2281/3140/5398
f 2281/3140/5398 2426/3028/5397 2428/3030/5399 2280/3138/5400
f 2280/3138/5400 2428/3030/5399 2430/3032/5401 2279/3136/5402
f 2279/3136/5402 2430/3032/5401 2432/3034/5403 2278/3134/5404
f 2278/3134/5404 2432/3034/5403 2434/3036/5405 2277/3132/5406
f 2277/3132/5406 2434/3036/5405 2436/3038/5407 2276/3130/5408
f 2276/3130/5408 2436/3038/5407 2438/3040/5409 2275/3128/5410
f 2275/3128/5410 2438/3040/5409 2440/3042/5411 2274/3126/5412
f 2274/3126/5412 2440/3042/5411 2442/3044/5413 2273/3124/5414
f 2273/3124/5414 2442/3044/5413 2444/3046/5415 2272/3122/5416
f 2272/3122/5416 2444/3046/5415 2446/3048/5417 2271/3120/5418
f 2271/3120/5418 2446/3048/5417 2448/3050/5419 2270/3117/5420
f 2270/3117/5420 2448/3050/5419 2412/3015/5382 2269/3116/5381
s 11
f 2632/3421/5421 2492/3115/5422 2508/3114/5423 2648/3422/5424
f 2491/3097/5425 2492/3115/5422 2632/3421/5421 2631/3423/5426
f 2489/3096/5427 2491/3097/5425 2631/3423/5426 2629/3424/5428
f 2630/3425/5429 2490/3098/5430 2489/3096/5427 2629/3424/5428
f 2633/3426/5431 2493/3099/5432 2490/3098/5430 2630/3425/5429
f 2634/3427/5433 2494/3100/5434 2493/3099/5432 2633/3426/5431
f 2635/3428/5435 2495/3101/5436 2494/3100/5434 2634/3427/5433
f 2636/3429/5437 2496/3102/5438 2495/3101/5436 2635/3428/5435
f 2637/3430/5439 2497/3103/5440 2496/3102/5438 2636/3429/5437
f 2638/3094/4899 2498/3104/5441 2497/3103/5440 2637/3430/5439
f 2639/3095/4898 2499/3105/5442 2498/3104/5441 2638/3094/4899
f 2640/3092/4897 2500/3106/5443 2499/3105/5442 2639/3095/4898
f 2641/3431/5444 2501/3107/5445 2500/3106/5443 2640/3092/4897
f 2642/3432/5446 2502/3108/5447 2501/3107/5445 2641/3431/5444
f 2643/3433/5448 2503/3109/5449 2502/3108/5447 2642/3432/5446
f 2644/3434/5450 2504/3110/5451 2503/3109/5449 2643/3433/5448
f 2645/3435/5452 2505/3111/5453 2504/3110/5451 2644/3434/5450
f 2646/3436/5454 2506/3112/5455 2505/3111/5453 2645/3435/5452
f 2647/3437/5456 2507/3113/5457 2506/3112/5455 2646/3436/5454
f 2648/3422/5424 2508/3114/5423 2507/3113/5457 2647/3437/5456
f 2656/3438/5458 2629/3424/5428 2631/3423/5426 2632/3421/5421
f 2655/3439/5459 2630/3425/5429 2629/3424/5428 2656/3438/5458
f 2654/3440/5460 2633/3426/5431 2630/3425/5429 2655/3439/5459
f 2653/3441/5461 2634/3427/5433 2633/3426/5431 2654/3440/5460
f 2652/3442/5462 2635/3428/5435 2634/3427/5433 2653/3441/5461
f 2651/3443/5463 2636/3429/5437 2635/3428/5435 2652/3442/5462
f 2650/3444/5464 2637/3430/5439 2636/3429/5437 2651/3443/5463
f 2649/3093/4900 2638/3094/4899 2637/3430/5439 2650/3444/5464
f 2641/3431/5444 2640/3092/4897 2649/3093/4900
f 2642/3432/5446 2641/3431/5444 2649/3093/4900 2650/3444/5464
f 2643/3433/5448 2642/3432/5446 2650/3444/5464 2651/3443/5463
f 2644/3434/5450 2643/3433/5448 2651/3443/5463 2652/3442/5462
f 2645/3435/5452 2644/3434/5450 2652/3442/5462 2653/3441/5461
f 2646/3436/5454 2645/3435/5452 2653/3441/5461 2654/3440/5460
f 2647/3437/5456 2646/3436/5454 2654/3440/5460 2655/3439/5459
f 2648/3422/5424 2647/3437/5456 2655/3439/5459 2656/3438/5458
f 2648/3422/5424 2656/3438/5458 2632/3421/5421
s 20
f 2310/2779/5465 2309/2780/5466 2861/3446/5467 2862/3445/5468
f 2311/2781/5469 2310/2779/5465 2862/3445/5468 2863/3447/5470
f 2312/2782/5471 2311/2781/5469 2863/3447/5470 2864/3448/5472
f 2313/2783/5473 2312/2782/5471 2864/3448/5472 2865/3449/5474
f 2314/2784/5475 2313/2783/5473 2865/3449/5474 2866/3450/5476
f 2315/2785/5477 2314/2784/5475 2866/3450/5476 2867/3451/5478
f 2316/2786/5479 2315/2785/5477 2867/3451/5478 2868/3452/5480
f 2317/2787/5481 2316/2786/5479 2868/3452/5480 2869/3453/5482
f 2318/2788/5483 2317/2787/5481 2869/3453/5482 2870/3454/5484
f 2319/2789/5485 2318/2788/5483 2870/3454/5484 2871/3455/5486
f 2320/2790/5487 2319/2789/5485 2871/3455/5486 2872/3456/5488
f 2321/2791/5489 2320/2790/5487 2872/3456/5488 2873/3457/5490
f 2322/2792/5491 2321/2791/5489 2873/3457/5490 2874/3458/5492
f 2323/2793/5493 2322/2792/5491 2874/3458/5492 2875/3459/5494
f 2324/2794/5495 2323/2793/5493 2875/3459/5494 2876/3460/5496
f 2325/2795/5497 2324/2794/5495 2876/3460/5496 2877/3461/5498
f 2326/2796/5499 2325/2795/5497 2877/3461/5498 2878/3462/5500
f 2327/2797/5501 2326/2796/5499 2878/3462/5500 2879/3463/5502
f 2328/2798/5503 2327/2797/5501 2879/3463/5502 2880/3464/5504
f 2309/2780/5466 2328/2798/5503 2880/3464/5504 2861/3446/5467
g default
v -3.707206 0.353609 3.707206
v 3.707206 0.353609 3.707206
v -3.707206 7.768025 3.707206
v 3.707206 7.768025 3.707206
v -3.707206 7.768025 -3.707206
v 3.707206 7.768025 -3.707206
v -3.707206 0.353609 -3.707206
v 3.707206 0.353609 -3.707206
v -3.707206 7.768025 0.000000
v -3.707206 0.353609 0.000000
v 3.707206 0.353609 0.000000
v 3.707206 7.768025 0.000000
v 0.000000 0.353609 3.707206
v 0.000000 7.768025 3.707206
v 0.000000 7.768025 -3.707206
v 0.000000 0.353609 -3.707206
v 0.000000 0.353609 0.000000
v -3.413334 0.568023 3.413334
v 0.000000 0.568023 3.413334
v 0.000000 0.568023 0.000000
v -3.413334 0.568023 0.000000
v 0.000000 0.568023 -3.413334
v -3.413334 0.568023 -3.413334
v 3.413334 0.568023 3.413334
v 3.413334 0.568023 0.000000
v 3.413334 0.568023 -3.413334
v 5.987911 8.102133 3.707206
v 5.987911 8.102133 0.000000
v 5.818578 8.342316 0.000000
v 5.818578 8.342316 3.413334
v 5.987911 8.102133 -3.707206
v 5.818578 8.342316 -3.413334
v -5.818578 8.342316 0.000000
v -5.987911 8.102133 0.000000
v -5.987911 8.102133 3.707206
v -5.818578 8.342316 3.413334
v -5.987911 8.102133 -3.707206
v -5.818578 8.342316 -3.413334
v -3.707206 5.328946 6.296014
v 0.000000 5.328946 6.296014
v 0.000000 5.618169 6.243930
v -3.413334 5.618169 6.243930
v 3.707206 5.328946 6.296014
v 3.413334 5.618169 6.243930
v -0.000000 5.618169 -6.243930
v -0.000000 5.328946 -6.296014
v -3.707206 5.328946 -6.296014
v -3.413334 5.618169 -6.243930
v 3.707206 5.328946 -6.296014
v 3.413334 5.618169 -6.243930
v -3.413334 7.793679 3.693458
v -3.413334 7.486729 3.413334
v -3.615432 7.816279 3.413334
v -3.560256 7.768025 3.560256
v 0.000000 7.486729 3.413334
v 0.000000 7.793679 3.693458
v -3.413334 7.793679 -3.693458
v -3.560256 7.768025 -3.560256
v -3.615432 7.816279 -3.413334
v -3.413334 7.486729 -3.413334
v 0.000000 7.486729 -3.413334
v -0.000000 7.793679 -3.693458
v 3.413334 7.793679 3.693458
v 3.560256 7.768025 3.560256
v 3.615432 7.816279 3.413334
v 3.413334 7.486729 3.413334
v 3.413334 7.793679 -3.693458
v 3.413334 7.486729 -3.413334
v 3.615432 7.816279 -3.413334
v 3.560256 7.768025 -3.560256
v 3.514373 7.792150 0.000000
v 3.413334 7.664146 0.000000
v 3.514373 7.792150 -3.309434
v 3.413334 7.664146 -3.282284
v -3.413334 7.664146 0.000000
v -3.514373 7.792150 0.000000
v -3.413334 7.664146 -3.282284
v -3.514373 7.792150 -3.309434
v -3.514373 7.792150 3.309434
v -3.413334 7.664146 3.282284
v 3.413334 7.664146 3.282284
v 3.514373 7.792150 3.309434
vt 0.375000 0.000000
vt 0.500000 0.000000
vt 0.500000 0.250000
vt 0.375000 0.250000
vt 0.375000 0.250000
vt 0.500000 0.250000
vt 0.500000 0.375000
vt 0.375000 0.375000
vt 0.375000 0.500000
vt 0.500000 0.500000
vt 0.500000 0.750000
vt 0.375000 0.750000
vt 0.375000 0.875000
vt 0.500000 0.875000
vt 0.500000 1.000000
vt 0.375000 1.000000
vt 0.625000 0.000000
vt 0.750000 0.000000
vt 0.750000 0.250000
vt 0.625000 0.250000
vt 0.250000 0.250000
vt 0.250000 0.000000
vt 0.375000 0.250000
vt 0.500000 0.250000
vt 0.500000 0.250000
vt 0.375000 0.250000
vt 0.625000 0.250000
vt 0.625000 0.375000
vt 0.625000 0.375000
vt 0.625000 0.250000
vt 0.500000 0.500000
vt 0.500000 0.500000
vt 0.375000 0.500000
vt 0.375000 0.500000
vt 0.375000 0.375000
vt 0.375000 0.375000
vt 0.375000 0.250000
vt 0.375000 0.250000
vt 0.125000 0.000000
vt 0.125000 0.250000
vt 0.875000 0.000000
vt 0.875000 0.250000
vt 0.625000 0.500000
vt 0.625000 0.500000
vt 0.500000 0.500000
vt 0.375000 0.500000
vt 0.375000 0.500000
vt 0.375000 0.500000
vt 0.625000 0.250000
vt 0.625000 0.250000
vt 0.625000 0.250000
vt 0.625000 0.375000
vt 0.625000 0.500000
vt 0.625000 0.500000
vt 0.625000 0.500000
vt 0.625000 0.500000
vt 0.625000 0.750000
vt 0.625000 0.875000
vt 0.625000 1.000000
vt 0.625000 0.375000
vt 0.375000 0.375000
vt 0.375000 0.250000
vt 0.375000 0.250000
vt 0.375000 0.250000
vt 0.375000 0.250000
vt 0.625000 0.500000
vt 0.625000 0.500000
vt 0.625000 0.500000
vt 0.625000 0.500000
vt 0.375000 0.500000
vt 0.375000 0.500000
vt 0.375000 0.500000
vt 0.625000 0.250000
vt 0.625000 0.250000
vt 0.625000 0.250000
vt 0.375000 0.250000
vt 0.375000 0.250000
vt 0.375000 0.500000
vt 0.375000 0.500000
vt 0.625000 0.250000
vt 0.625000 0.250000
vt 0.625000 0.500000
vt 0.625000 0.500000
vt 0.375000 0.250000
vt 0.500000 0.250000
vt 0.500000 0.250000
vt 0.625000 0.250000
vt 0.625000 0.250000
vt 0.375000 0.500000
vt 0.375000 0.500000
vt 0.500000 0.500000
vt 0.500000 0.500000
vt 0.625000 0.500000
vt 0.500000 0.500000
vt 0.500000 0.500000
vt 0.500000 0.250000
vt 0.500000 0.250000
vt 0.375000 0.254799
vt 0.375000 0.253805
vt 0.375000 0.250000
vt 0.375000 0.496195
vt 0.375000 0.495201
vt 0.625000 0.253805
vt 0.625000 0.254799
vt 0.625000 0.495201
vt 0.625000 0.496195
vt 0.625000 0.500000
vt 0.625000 0.375000
vt 0.625000 0.375000
vt 0.375000 0.375000
vt 0.375000 0.375000
vt 0.625000 0.496193
vt 0.625000 0.375000
vt 0.625000 0.375000
vt 0.375000 0.253807
vt 0.375000 0.375000
vt 0.375000 0.375000
vn 0.000000 0.000000 1.000000
vn 0.000000 0.000000 1.000000
vn 0.000000 -0.461582 0.887098
vn 0.000000 -0.461582 0.887098
vn 0.000000 1.000000 0.000000
vn 0.000000 1.000000 0.000000
vn 0.000000 1.000000 0.000000
vn 0.000000 1.000000 0.000000
vn 0.000000 -0.461582 -0.887098
vn 0.000000 -0.461582 -0.887098
vn 0.000000 0.000000 -1.000000
vn 0.000000 0.000000 -1.000000
vn 0.000000 -1.000000 0.000000
vn 0.000000 -1.000000 0.000000
vn 0.000000 -1.000000 0.000000
vn 0.000000 -1.000000 0.000000
vn 1.000000 0.000000 0.000000
vn 1.000000 0.000000 0.000000
vn 0.959308 -0.282363 0.000000
vn 0.959308 -0.282363 0.000000
vn -0.959308 -0.282363 0.000000
vn -1.000000 0.000000 0.000000
vn -1.000000 0.000000 0.000000
vn -0.959308 -0.282363 0.000000
vn 0.000000 0.177231 0.984169
vn 0.000000 0.177231 0.984169
vn 0.000000 0.177231 0.984169
vn 0.000000 0.177231 0.984169
vn 0.817301 0.576211 0.000000
vn 0.817301 0.576211 0.000000
vn 0.817301 0.576211 0.000000
vn 0.817301 0.576211 0.000000
vn 0.000000 0.177231 -0.984169
vn 0.000000 0.177231 -0.984169
vn 0.000000 0.177231 -0.984169
vn 0.000000 0.177231 -0.984169
vn -0.817301 0.576211 0.000000
vn -0.817301 0.576211 0.000000
vn -0.817301 0.576211 0.000000
vn -0.817301 0.576211 0.000000
vn -1.000000 0.000000 0.000000
vn -0.959308 -0.282363 0.000000
vn 0.000000 -1.000000 0.000000
vn 0.000000 -1.000000 0.000000
vn 1.000000 0.000000 0.000000
vn 0.959308 -0.282363 0.000000
vn 0.817301 0.576211 0.000000
vn 0.817301 0.576211 0.000000
vn 0.000000 1.000000 0.000000
vn 0.000000 1.000000 0.000000
vn -0.817301 0.576211 0.000000
vn -0.817301 0.576211 0.000000
vn 0.000000 0.000000 1.000000
vn 0.000000 -0.461582 0.887098
vn 0.000000 0.177231 0.984169
vn 0.000000 0.177231 0.984169
vn 0.000000 1.000000 0.000000
vn 0.000000 1.000000 0.000000
vn 0.000000 1.000000 0.000000
vn 0.000000 0.177231 -0.984169
vn 0.000000 0.177231 -0.984169
vn 0.000000 -0.461582 -0.887098
vn 0.000000 0.000000 -1.000000
vn 0.000000 -1.000000 0.000000
vn 0.000000 -1.000000 0.000000
vn 0.000000 -1.000000 0.000000
vn 0.144946 -0.989440 0.000000
vn 0.144946 -0.989440 0.000000
vn 0.144946 -0.989440 0.000000
vn -0.165354 0.857354 -0.487444
vn -0.165354 0.857354 -0.487444
vn -0.165354 0.857354 -0.487444
vn -0.165354 0.857354 -0.487444
vn -0.165354 0.857354 -0.487444
vn -0.144946 -0.989440 0.000000
vn -0.144946 -0.989440 0.000000
vn 0.165354 0.857354 0.487444
vn 0.165354 0.857354 0.487444
vn 0.165354 0.857354 0.487444
vn 0.165354 0.857354 0.487444
vn 0.165354 0.857354 0.487444
vn -0.144946 -0.989440 0.000000
vn 0.000000 -0.727841 -0.685746
vn 0.000000 -0.727841 -0.685746
vn 0.000000 -0.727841 -0.685746
vn 0.305783 0.717719 0.625601
vn 0.305783 0.717719 0.625601
vn 0.305783 0.717719 0.625601
vn 0.305783 0.717719 0.625601
vn 0.305783 0.717719 0.625601
vn 0.000000 -0.727841 0.685746
vn 0.000000 -0.727841 0.685746
vn -0.305783 0.717719 -0.625601
vn -0.305783 0.717719 -0.625601
vn -0.305783 0.717719 -0.625601
vn -0.305783 0.717719 -0.625601
vn -0.305783 0.717719 -0.625601
vn 0.000000 -0.727841 0.685746
vn -0.305783 0.717719 0.625601
vn -0.305783 0.717719 0.625601
vn -0.305783 0.717719 0.625601
vn -0.305783 0.717719 0.625601
vn -0.305783 0.717719 0.625601
vn 0.165354 0.857354 -0.487444
vn 0.165354 0.857354 -0.487444
vn 0.165354 0.857354 -0.487444
vn 0.165354 0.857354 -0.487444
vn 0.165354 0.857354 -0.487444
vn -0.165354 0.857354 0.487444
vn -0.165354 0.857354 0.487444
vn -0.165354 0.857354 0.487444
vn -0.165354 0.857354 0.487444
vn -0.165354 0.857354 0.487444
vn 0.305783 0.717719 -0.625601
vn 0.305783 0.717719 -0.625601
vn 0.305783 0.717719 -0.625601
vn 0.305783 0.717719 -0.625601
vn 0.305783 0.717719 -0.625601
vn 0.000000 0.674092 -0.738648
vn 0.000000 0.674092 -0.738648
vn 0.000000 0.674092 -0.738648
vn 0.000000 0.674092 -0.738648
vn 0.000000 0.674092 -0.738648
vn 0.000000 0.674092 -0.738648
vn 0.000000 0.674092 0.738648
vn 0.000000 0.674092 0.738648
vn 0.000000 0.674092 0.738648
vn 0.000000 0.674092 0.738648
vn 0.000000 0.674092 0.738648
vn 0.000000 0.674092 0.738648
vn 0.000000 0.000000 -1.000000
vn 0.000000 0.000000 -1.000000
vn 0.000000 0.000000 -1.000000
vn 0.000000 0.000000 -1.000000
vn 0.000000 0.000000 1.000000
vn 0.000000 0.000000 1.000000
vn 0.000000 0.000000 1.000000
vn 0.000000 0.000000 1.000000
vn 0.000000 0.000000 -1.000000
vn 0.000000 0.000000 -1.000000
vn 0.000000 0.000000 1.000000
vn 0.000000 0.000000 1.000000
vn 0.000000 0.760818 0.648965
vn 0.000000 0.760818 0.648965
vn 0.000000 0.760818 0.648965
vn 0.000000 0.760818 0.648965
vn 0.000000 0.760818 0.648965
vn 0.000000 0.760818 0.648965
vn 0.000000 0.760818 -0.648965
vn 0.000000 0.760818 -0.648965
vn 0.000000 0.760818 -0.648965
vn 0.000000 0.760818 -0.648965
vn 0.000000 0.760818 -0.648965
vn 0.000000 0.760818 -0.648965
vn 0.794798 0.605464 -0.041341
vn 0.794798 0.605464 -0.041341
vn 0.786666 0.617341 -0.006821
vn 0.787120 0.616740 -0.008630
vn 0.794798 0.605464 -0.041341
vn 0.794798 0.605464 -0.041341
vn 0.794797 0.605465 0.041342
vn 0.794797 0.605465 0.041342
vn 0.794797 0.605465 0.041342
vn 0.787120 0.616740 0.008630
vn 0.786666 0.617341 0.006821
vn 0.794797 0.605465 0.041342
vn -0.794797 0.605465 -0.041342
vn -0.794797 0.605465 -0.041342
vn -0.794797 0.605465 -0.041342
vn -0.787120 0.616740 -0.008630
vn -0.786666 0.617341 -0.006821
vn -0.794797 0.605465 -0.041342
vn -0.794798 0.605464 0.041341
vn -0.794798 0.605464 0.041341
vn -0.786666 0.617341 0.006821
vn -0.787120 0.616740 0.008630
vn -0.794798 0.605464 0.041341
vn -0.794798 0.605464 0.041341
vn -0.784930 0.619585 0.000000
vn -0.784930 0.619585 0.000000
vn 0.784930 0.619585 0.000000
vn 0.784930 0.619585 0.000000
vn 1.000000 0.000000 0.000000
vn 1.000000 0.000000 0.000000
vn 1.000000 0.000000 0.000000
vn 1.000000 0.000000 0.000000
vn 1.000000 0.000000 0.000000
vn -1.000000 0.000000 0.000000
vn -1.000000 0.000000 0.000000
vn -1.000000 0.000000 0.000000
vn -1.000000 0.000000 0.000000
vn -1.000000 0.000000 0.000000
vn -0.232238 0.972659 0.000000
vn -0.232238 0.972659 -0.000000
vn -0.232238 0.972659 -0.000000
vn -0.232238 0.972659 -0.000000
vn -0.232238 0.972659 0.000000
vn 0.232238 0.972659 -0.000000
vn 0.232238 0.972659 0.000000
vn 0.232238 0.972659 0.000000
vn 0.232238 0.972659 0.000000
vn 0.232238 0.972659 -0.000000
vn 0.232238 0.972659 -0.000000
vn 0.232238 0.972659 -0.000000
vn 0.232238 0.972659 -0.000000
vn 1.000000 0.000000 0.000000
vn 1.000000 0.000000 0.000000
vn 1.000000 0.000000 0.000000
vn -1.000000 0.000000 0.000000
vn -1.000000 0.000000 0.000000
vn -1.000000 0.000000 0.000000
vn -0.232238 0.972659 0.000000
vn -0.232238 0.972659 0.000000
vn -0.232238 0.972659 0.000000
s 1
g group1 pCylinder5 polySurface2
usemtl lambert2SG
f 3025/3465/5505 3037/3466/5506 3038/3467/5507 3027/3468/5508
s 2
f 3042/3469/5509 3043/3470/5510 3044/3471/5511 3045/3472/5512
s 3
f 3029/3473/5513 3039/3474/5514 3040/3475/5515 3031/3476/5516
s 4
f 3034/3477/5517 3041/3478/5518 3037/3479/5519 3025/3480/5520
s 5
f 3026/3481/5521 3035/3482/5522 3036/3483/5523 3028/3484/5524
s 6
f 3033/3485/5525 3034/3486/5526 3025/3465/5527 3027/3468/5528
s 7
f 3063/3487/5529 3064/3488/5530 3065/3489/5531 3066/3490/5532
s 8
f 3051/3491/5533 3052/3492/5534 3053/3493/5535 3054/3494/5536
s 9
f 3069/3495/5537 3070/3496/5538 3071/3497/5539 3072/3498/5540
s 10
f 3057/3499/5541 3058/3500/5542 3059/3501/5543 3060/3502/5544
s 6
f 3031/3503/5545 3034/3486/5526 3033/3485/5525 3029/3504/5546
s 4
f 3031/3476/5547 3040/3475/5548 3041/3478/5518 3034/3477/5517
s 5
f 3036/3483/5523 3035/3482/5522 3032/3505/5549 3030/3506/5550
s 8
f 3053/3493/5535 3052/3492/5534 3055/3507/5551 3056/3508/5552
s 2
f 3045/3472/5512 3044/3471/5511 3046/3509/5553 3047/3510/5554
s 10
f 3061/3511/5555 3058/3500/5542 3057/3499/5541 3062/3512/5556
s 1
f 3038/3467/5507 3037/3466/5506 3026/3481/5557 3028/3484/5558
s 7
f 3065/3489/5531 3064/3488/5530 3067/3513/5559 3068/3514/5560
s 2
f 3044/3471/5511 3043/3470/5510 3048/3515/5561 3049/3516/5562
f 3046/3509/5553 3044/3471/5511 3049/3516/5562 3050/3517/5563
s 9
f 3073/3518/5564 3070/3496/5538 3069/3495/5537 3074/3519/5565
s 3
f 3040/3475/5515 3039/3474/5514 3030/3520/5566 3032/3521/5567
s 4
f 3041/3478/5518 3040/3475/5548 3032/3521/5568 3035/3522/5569
f 3037/3479/5519 3041/3478/5518 3035/3522/5569 3026/3523/5570
s 5
f 3028/3484/5524 3036/3524/5523 3052/3492/5571 3051/3491/5572
f 3036/3525/5523 3030/3526/5550 3055/3501/5573 3052/3500/5571
s off
f 3030/3526/5574 3094/3527/5575 3093/3528/5576 3056/3529/5577 3055/3501/5578
s 6
f 3033/3524/5525 3027/3530/5528 3059/3507/5579 3058/3492/5580
s off
f 3027/3530/5581 3078/3531/5582 3077/3532/5583 3060/3533/5584 3059/3507/5585
s 6
f 3029/3473/5546 3033/3525/5525 3058/3500/5580 3061/3511/5586
s 1
f 3027/3468/5508 3038/3467/5507 3064/3488/5587 3063/3487/5588
f 3038/3474/5507 3028/3473/5558 3067/3497/5589 3064/3496/5587
s off
f 3028/3473/5590 3088/3534/5591 3087/3535/5592 3068/3536/5593 3067/3497/5594
s 3
f 3039/3467/5514 3029/3484/5513 3071/3513/5595 3070/3488/5596
s off
f 3029/3484/5597 3082/3537/5598 3081/3538/5599 3072/3539/5600 3071/3513/5601
s 3
f 3030/3520/5566 3039/3474/5514 3070/3496/5596 3073/3518/5602
s off
f 3075/3540/5603 3078/3541/5604 3027/3468/5605 3063/3487/5606 3066/3490/5607
f 3083/3542/5608 3082/3543/5609 3029/3473/5610 3061/3511/5611 3062/3512/5612
f 3089/3544/5613 3088/3545/5614 3028/3484/5615 3051/3491/5616 3054/3494/5617
f 3091/3546/5618 3094/3547/5619 3030/3520/5620 3073/3518/5621 3074/3519/5622
s 11
f 3076/3548/5623 3075/3540/5624 3080/3549/5625 3079/3550/5626
f 3079/3550/5626 3080/3549/5625 3087/3551/5627 3090/3552/5628
s 12
f 3081/3553/5629 3084/3554/5630 3085/3555/5631 3086/3556/5632
f 3086/3556/5632 3085/3555/5631 3092/3557/5633 3091/3546/5634
s 13
f 3076/3548/5635 3079/3550/5636 3043/3470/5637 3042/3469/5638
s 14
f 3085/3555/5639 3084/3554/5640 3047/3510/5641 3046/3509/5642
s 13
f 3079/3550/5636 3090/3552/5643 3048/3515/5644 3043/3470/5637
s 14
f 3092/3557/5645 3085/3555/5639 3046/3509/5642 3050/3517/5646
s 15
f 3080/3549/5647 3075/3540/5648 3066/3490/5649 3065/3489/5650
f 3087/3535/5651 3080/3558/5647 3065/3559/5650 3068/3536/5652
s 16
f 3081/3538/5653 3086/3560/5654 3069/3561/5655 3072/3539/5656
f 3086/3556/5654 3091/3546/5657 3074/3519/5658 3069/3495/5655
s 17
f 3075/3540/5659 3076/3548/5660 3104/3562/5661 3103/3563/5662 3077/3564/5663 3078/3541/5664
f 3081/3553/5665 3082/3543/5666 3083/3542/5667 3102/3565/5668 3101/3566/5669 3084/3554/5670
s 19
f 3087/3551/5671 3088/3545/5672 3089/3544/5673 3106/3567/5674 3105/3568/5675 3090/3552/5676
f 3091/3546/5677 3092/3557/5678 3098/3569/5679 3097/3570/5680 3093/3571/5681 3094/3547/5682
f 3095/3572/5683 3096/3573/5684 3105/3568/5675 3106/3567/5674
f 3096/3573/5684 3095/3572/5683 3097/3570/5680 3098/3569/5679
s 17
f 3099/3574/5685 3100/3575/5686 3103/3563/5662 3104/3562/5661
f 3100/3575/5686 3099/3574/5685 3101/3566/5669 3102/3565/5668
s 21
f 3099/3574/5687 3104/3562/5688 3076/3548/5689 3042/3469/5690 3045/3472/5691
s 22
f 3096/3573/5692 3098/3569/5693 3092/3557/5694 3050/3517/5695 3049/3516/5696
s 23
f 3095/3572/5697 3106/3567/5698 3089/3544/5699 3054/3494/5700 3053/3493/5701
s 24
f 3100/3575/5702 3102/3565/5703 3083/3542/5704 3062/3512/5705 3057/3499/5706
f 3077/3532/5707 3103/3576/5708 3100/3577/5702 3057/3578/5706 3060/3533/5709
s 21
f 3084/3554/5710 3101/3566/5711 3099/3574/5687 3045/3472/5691 3047/3510/5712
s 22
f 3090/3552/5713 3105/3568/5714 3096/3573/5692 3049/3516/5696 3048/3515/5715
s 23
f 3093/3528/5716 3097/3579/5717 3095/3580/5697 3053/3581/5701 3056/3529/5718
